timeStamp,elapsed,label,responseCode,responseMessage,threadName,dataType,success,failureMessage,bytes,sentBytes,grpThreads,allThreads,URL,Latency,IdleTime,Connect
1775334317781,276,GET /empresas,200,,Thread Group 1-1,text,true,,47206,157,1,1,http://localhost:8080/empresas,276,0,0
1775334318057,29,GET /empleados,200,,Thread Group 1-1,text,true,,174,158,2,2,http://localhost:8080/empleados,29,0,0
1775334318087,45,GET /roles,200,,Thread Group 1-1,text,true,,174,154,2,2,http://localhost:8080/roles,45,0,0
1775334318133,101,GET /gateways,200,,Thread Group 1-1,text,true,,174,167,2,2,http://localhost:8080/gateways/proceso/1,101,0,0
1775334318235,69,GET /arcos,200,,Thread Group 1-1,text,true,,174,164,2,2,http://localhost:8080/arcos/proceso/1,69,0,0
1775334318080,226,GET /empresas,200,,Thread Group 1-2,text,true,,47206,157,2,2,http://localhost:8080/empresas,226,0,0
1775334318307,88,GET /empleados,200,,Thread Group 1-2,text,true,,174,158,3,3,http://localhost:8080/empleados,88,0,0
1775334318396,27,GET /roles,200,,Thread Group 1-2,text,true,,174,154,3,3,http://localhost:8080/roles,27,0,0
1775334318304,237,POST /empresas,200,,Thread Group 1-1,text,true,,234,301,3,3,http://localhost:8080/empresas,237,0,0
1775334318424,117,GET /gateways,200,,Thread Group 1-2,text,true,,174,167,3,3,http://localhost:8080/gateways/proceso/1,117,0,0
1775334318381,180,GET /empresas,200,,Thread Group 1-3,text,true,,47268,157,3,3,http://localhost:8080/empresas,180,0,0
1775334318542,21,GET /arcos,200,,Thread Group 1-2,text,true,,174,164,3,3,http://localhost:8080/arcos/proceso/1,21,0,0
1775334318542,27,GET /empresas,200,,Thread Group 1-1,text,true,,47268,157,3,3,http://localhost:8080/empresas,27,0,0
1775334318562,21,GET /empleados,200,,Thread Group 1-3,text,true,,174,158,3,3,http://localhost:8080/empleados,21,0,0
1775334318570,21,GET /empleados,200,,Thread Group 1-1,text,true,,174,158,3,3,http://localhost:8080/empleados,21,0,0
1775334318583,20,GET /roles,200,,Thread Group 1-3,text,true,,174,154,3,3,http://localhost:8080/roles,20,0,0
1775334318591,12,GET /roles,200,,Thread Group 1-1,text,true,,174,154,3,3,http://localhost:8080/roles,12,0,0
1775334318563,52,POST /empresas,200,,Thread Group 1-2,text,true,,234,301,3,3,http://localhost:8080/empresas,52,0,0
1775334318603,20,GET /gateways,200,,Thread Group 1-3,text,true,,174,167,3,3,http://localhost:8080/gateways/proceso/1,20,0,0
1775334318623,63,GET /arcos,200,,Thread Group 1-3,text,true,,174,164,4,4,http://localhost:8080/arcos/proceso/1,63,0,0
1775334318603,83,GET /gateways,200,,Thread Group 1-1,text,true,,174,167,4,4,http://localhost:8080/gateways/proceso/1,83,0,0
1775334318616,71,GET /empresas,200,,Thread Group 1-2,text,true,,47330,157,4,4,http://localhost:8080/empresas,71,0,0
1775334318687,17,GET /empleados,200,,Thread Group 1-2,text,true,,174,158,4,4,http://localhost:8080/empleados,17,0,0
1775334318686,18,GET /arcos,200,,Thread Group 1-1,text,true,,174,164,4,4,http://localhost:8080/arcos/proceso/1,18,0,0
1775334318704,15,GET /roles,200,,Thread Group 1-2,text,true,,174,154,4,4,http://localhost:8080/roles,15,0,0
1775334318719,21,GET /gateways,200,,Thread Group 1-2,text,true,,174,167,4,4,http://localhost:8080/gateways/proceso/1,21,0,0
1775334318686,58,POST /empresas,200,,Thread Group 1-3,text,true,,234,301,4,4,http://localhost:8080/empresas,58,0,0
1775334318704,54,POST /empresas,200,,Thread Group 1-1,text,true,,234,301,4,4,http://localhost:8080/empresas,54,0,0
1775334318740,18,GET /arcos,200,,Thread Group 1-2,text,true,,174,164,4,4,http://localhost:8080/arcos/proceso/1,18,0,0
1775334318744,21,GET /empresas,200,,Thread Group 1-3,text,true,,47454,157,4,4,http://localhost:8080/empresas,21,0,0
1775334318680,89,GET /empresas,200,,Thread Group 1-4,text,true,,47330,157,4,4,http://localhost:8080/empresas,89,0,0
1775334318765,16,GET /empleados,200,,Thread Group 1-3,text,true,,174,158,4,4,http://localhost:8080/empleados,16,0,0
1775334318758,23,GET /empresas,200,,Thread Group 1-1,text,true,,47454,157,4,4,http://localhost:8080/empresas,23,0,0
1775334318769,18,GET /empleados,200,,Thread Group 1-4,text,true,,174,158,4,4,http://localhost:8080/empleados,18,0,0
1775334318781,13,GET /roles,200,,Thread Group 1-3,text,true,,174,154,4,4,http://localhost:8080/roles,13,0,0
1775334318781,13,GET /empleados,200,,Thread Group 1-1,text,true,,174,158,4,4,http://localhost:8080/empleados,13,0,0
1775334318787,14,GET /roles,200,,Thread Group 1-4,text,true,,174,154,4,4,http://localhost:8080/roles,14,0,0
1775334318794,17,GET /roles,200,,Thread Group 1-1,text,true,,174,154,4,4,http://localhost:8080/roles,17,0,0
1775334318758,53,POST /empresas,200,,Thread Group 1-2,text,true,,234,301,4,4,http://localhost:8080/empresas,53,0,0
1775334318794,20,GET /gateways,200,,Thread Group 1-3,text,true,,174,167,4,4,http://localhost:8080/gateways/proceso/1,20,0,0
1775334318801,24,GET /gateways,200,,Thread Group 1-4,text,true,,174,167,4,4,http://localhost:8080/gateways/proceso/1,24,0,0
1775334318811,20,GET /gateways,200,,Thread Group 1-1,text,true,,174,167,4,4,http://localhost:8080/gateways/proceso/1,20,0,0
1775334318814,24,GET /arcos,200,,Thread Group 1-3,text,true,,174,164,4,4,http://localhost:8080/arcos/proceso/1,24,0,0
1775334318811,28,GET /empresas,200,,Thread Group 1-2,text,true,,47516,157,4,4,http://localhost:8080/empresas,28,0,0
1775334318825,23,GET /arcos,200,,Thread Group 1-4,text,true,,174,164,4,4,http://localhost:8080/arcos/proceso/1,23,0,0
1775334318831,23,GET /arcos,200,,Thread Group 1-1,text,true,,174,164,4,4,http://localhost:8080/arcos/proceso/1,23,0,0
1775334318839,22,GET /empleados,200,,Thread Group 1-2,text,true,,174,158,4,4,http://localhost:8080/empleados,22,0,0
1775334318861,23,GET /roles,200,,Thread Group 1-2,text,true,,174,154,4,4,http://localhost:8080/roles,23,0,0
1775334318838,68,POST /empresas,200,,Thread Group 1-3,text,true,,234,301,4,4,http://localhost:8080/empresas,68,0,0
1775334318884,22,GET /gateways,200,,Thread Group 1-2,text,true,,174,167,4,4,http://localhost:8080/gateways/proceso/1,22,0,0
1775334318848,64,POST /empresas,200,,Thread Group 1-4,text,true,,234,301,4,4,http://localhost:8080/empresas,64,0,0
1775334318906,12,GET /arcos,200,,Thread Group 1-2,text,true,,174,164,4,4,http://localhost:8080/arcos/proceso/1,12,0,0
1775334318854,64,POST /empresas,200,,Thread Group 1-1,text,true,,234,301,4,4,http://localhost:8080/empresas,64,0,0
1775334318906,24,GET /empresas,200,,Thread Group 1-3,text,true,,47702,157,3,3,http://localhost:8080/empresas,24,0,0
1775334318912,28,GET /empresas,200,,Thread Group 1-4,text,true,,47702,157,3,3,http://localhost:8080/empresas,27,0,0
1775334318930,21,GET /empleados,200,,Thread Group 1-3,text,true,,174,158,3,3,http://localhost:8080/empleados,21,0,0
1775334318940,22,GET /empleados,200,,Thread Group 1-4,text,true,,174,158,3,3,http://localhost:8080/empleados,22,0,0
1775334318952,16,GET /roles,200,,Thread Group 1-3,text,true,,174,154,3,3,http://localhost:8080/roles,16,0,0
1775334318919,59,POST /empresas,200,,Thread Group 1-2,text,true,,234,301,3,3,http://localhost:8080/empresas,59,0,0
1775334318962,19,GET /roles,200,,Thread Group 1-4,text,true,,174,154,3,3,http://localhost:8080/roles,19,0,0
1775334318969,23,GET /gateways,200,,Thread Group 1-3,text,true,,174,167,3,3,http://localhost:8080/gateways/proceso/1,23,0,0
1775334318981,18,GET /gateways,200,,Thread Group 1-4,text,true,,174,167,3,3,http://localhost:8080/gateways/proceso/1,18,0,0
1775334318980,25,GET /empresas,200,,Thread Group 1-5,text,true,,47764,157,3,3,http://localhost:8080/empresas,24,0,0
1775334318992,19,GET /arcos,200,,Thread Group 1-3,text,true,,174,164,3,3,http://localhost:8080/arcos/proceso/1,19,0,0
1775334318999,19,GET /arcos,200,,Thread Group 1-4,text,true,,174,164,3,3,http://localhost:8080/arcos/proceso/1,19,0,0
1775334319005,19,GET /empleados,200,,Thread Group 1-5,text,true,,174,158,3,3,http://localhost:8080/empleados,19,0,0
1775334319025,12,GET /roles,200,,Thread Group 1-5,text,true,,174,154,3,3,http://localhost:8080/roles,12,0,0
1775334319038,18,GET /gateways,200,,Thread Group 1-5,text,true,,174,167,3,3,http://localhost:8080/gateways/proceso/1,18,0,0
1775334319019,53,POST /empresas,200,,Thread Group 1-4,text,true,,234,301,3,3,http://localhost:8080/empresas,53,0,0
1775334319011,65,POST /empresas,200,,Thread Group 1-3,text,true,,234,301,3,3,http://localhost:8080/empresas,65,0,0
1775334319056,20,GET /arcos,200,,Thread Group 1-5,text,true,,174,164,3,3,http://localhost:8080/arcos/proceso/1,20,0,0
1775334319073,23,GET /empresas,200,,Thread Group 1-4,text,true,,47888,157,2,2,http://localhost:8080/empresas,23,0,0
1775334319097,17,GET /empleados,200,,Thread Group 1-4,text,true,,174,158,2,2,http://localhost:8080/empleados,17,0,0
1775334319076,54,POST /empresas,200,,Thread Group 1-5,text,true,,234,301,2,2,http://localhost:8080/empresas,54,0,0
1775334319114,16,GET /roles,200,,Thread Group 1-4,text,true,,174,154,2,2,http://localhost:8080/roles,16,0,0
1775334319130,14,GET /gateways,200,,Thread Group 1-4,text,true,,174,167,2,2,http://localhost:8080/gateways/proceso/1,14,0,0
1775334319130,26,GET /empresas,200,,Thread Group 1-5,text,true,,47950,157,2,2,http://localhost:8080/empresas,26,0,0
1775334319144,19,GET /arcos,200,,Thread Group 1-4,text,true,,174,164,2,2,http://localhost:8080/arcos/proceso/1,19,0,0
1775334319156,14,GET /empleados,200,,Thread Group 1-5,text,true,,174,158,2,2,http://localhost:8080/empleados,14,0,0
1775334319170,23,GET /roles,200,,Thread Group 1-5,text,true,,174,154,2,2,http://localhost:8080/roles,23,0,0
1775334319193,18,GET /gateways,200,,Thread Group 1-5,text,true,,174,167,2,2,http://localhost:8080/gateways/proceso/1,18,0,0
1775334319163,48,POST /empresas,200,,Thread Group 1-4,text,true,,234,301,2,2,http://localhost:8080/empresas,48,0,0
1775334319211,20,GET /arcos,200,,Thread Group 1-5,text,true,,174,164,1,1,http://localhost:8080/arcos/proceso/1,20,0,0
1775334319232,57,POST /empresas,200,,Thread Group 1-5,text,true,,234,301,2,2,http://localhost:8080/empresas,57,0,0
1775334319280,27,GET /empresas,200,,Thread Group 1-6,text,true,,48074,157,2,2,http://localhost:8080/empresas,27,0,1
1775334319290,27,GET /empresas,200,,Thread Group 1-5,text,true,,48074,157,2,2,http://localhost:8080/empresas,27,0,0
1775334319308,16,GET /empleados,200,,Thread Group 1-6,text,true,,174,158,2,2,http://localhost:8080/empleados,16,0,0
1775334319317,19,GET /empleados,200,,Thread Group 1-5,text,true,,174,158,2,2,http://localhost:8080/empleados,19,0,0
1775334319325,17,GET /roles,200,,Thread Group 1-6,text,true,,174,154,2,2,http://localhost:8080/roles,17,0,0
1775334319336,13,GET /roles,200,,Thread Group 1-5,text,true,,174,154,2,2,http://localhost:8080/roles,13,0,0
1775334319342,17,GET /gateways,200,,Thread Group 1-6,text,true,,174,167,2,2,http://localhost:8080/gateways/proceso/1,17,0,0
1775334319349,22,GET /gateways,200,,Thread Group 1-5,text,true,,174,167,2,2,http://localhost:8080/gateways/proceso/1,22,0,0
1775334319360,15,GET /arcos,200,,Thread Group 1-6,text,true,,174,164,2,2,http://localhost:8080/arcos/proceso/1,15,0,0
1775334319372,24,GET /arcos,200,,Thread Group 1-5,text,true,,174,164,2,2,http://localhost:8080/arcos/proceso/1,24,0,0
1775334319375,57,POST /empresas,200,,Thread Group 1-6,text,true,,234,301,2,2,http://localhost:8080/empresas,57,0,0
1775334319396,56,POST /empresas,200,,Thread Group 1-5,text,true,,234,301,2,2,http://localhost:8080/empresas,56,0,0
1775334319432,22,GET /empresas,200,,Thread Group 1-6,text,true,,48136,157,1,1,http://localhost:8080/empresas,22,0,0
1775334319454,22,GET /empleados,200,,Thread Group 1-6,text,true,,174,158,1,1,http://localhost:8080/empleados,22,0,0
1775334319476,17,GET /roles,200,,Thread Group 1-6,text,true,,174,154,1,1,http://localhost:8080/roles,17,0,0
1775334319493,19,GET /gateways,200,,Thread Group 1-6,text,true,,174,167,1,1,http://localhost:8080/gateways/proceso/1,19,0,0
1775334319512,19,GET /arcos,200,,Thread Group 1-6,text,true,,174,164,1,1,http://localhost:8080/arcos/proceso/1,19,0,0
1775334319531,58,POST /empresas,200,,Thread Group 1-6,text,true,,234,301,2,2,http://localhost:8080/empresas,58,0,0
1775334319581,26,GET /empresas,200,,Thread Group 1-7,text,true,,48260,157,2,2,http://localhost:8080/empresas,25,0,0
1775334319589,28,GET /empresas,200,,Thread Group 1-6,text,true,,48260,157,2,2,http://localhost:8080/empresas,28,0,0
1775334319607,21,GET /empleados,200,,Thread Group 1-7,text,true,,174,158,2,2,http://localhost:8080/empleados,21,0,0
1775334319617,11,GET /empleados,200,,Thread Group 1-6,text,true,,174,158,2,2,http://localhost:8080/empleados,11,0,0
1775334319628,23,GET /roles,200,,Thread Group 1-7,text,true,,174,154,2,2,http://localhost:8080/roles,23,0,0
1775334319628,23,GET /roles,200,,Thread Group 1-6,text,true,,174,154,2,2,http://localhost:8080/roles,23,0,0
1775334319652,15,GET /gateways,200,,Thread Group 1-7,text,true,,174,167,2,2,http://localhost:8080/gateways/proceso/1,15,0,0
1775334319651,16,GET /gateways,200,,Thread Group 1-6,text,true,,174,167,2,2,http://localhost:8080/gateways/proceso/1,16,0,0
1775334319667,16,GET /arcos,200,,Thread Group 1-7,text,true,,174,164,2,2,http://localhost:8080/arcos/proceso/1,16,0,0
1775334319667,16,GET /arcos,200,,Thread Group 1-6,text,true,,174,164,2,2,http://localhost:8080/arcos/proceso/1,16,0,0
1775334319684,47,POST /empresas,200,,Thread Group 1-7,text,true,,234,301,2,2,http://localhost:8080/empresas,47,0,0
1775334319684,50,POST /empresas,200,,Thread Group 1-6,text,true,,234,301,2,2,http://localhost:8080/empresas,50,0,0
1775334319731,26,GET /empresas,200,,Thread Group 1-7,text,true,,48384,157,1,1,http://localhost:8080/empresas,26,0,0
1775334319757,17,GET /empleados,200,,Thread Group 1-7,text,true,,174,158,1,1,http://localhost:8080/empleados,17,0,0
1775334319774,19,GET /roles,200,,Thread Group 1-7,text,true,,174,154,1,1,http://localhost:8080/roles,19,0,0
1775334319793,18,GET /gateways,200,,Thread Group 1-7,text,true,,174,167,1,1,http://localhost:8080/gateways/proceso/1,18,0,0
1775334319811,14,GET /arcos,200,,Thread Group 1-7,text,true,,174,164,1,1,http://localhost:8080/arcos/proceso/1,14,0,0
1775334319825,57,POST /empresas,200,,Thread Group 1-7,text,true,,234,301,2,2,http://localhost:8080/empresas,57,0,0
1775334319882,25,GET /empresas,200,,Thread Group 1-7,text,true,,48446,157,2,2,http://localhost:8080/empresas,25,0,0
1775334319880,30,GET /empresas,200,,Thread Group 1-8,text,true,,48446,157,2,2,http://localhost:8080/empresas,30,0,0
1775334319907,17,GET /empleados,200,,Thread Group 1-7,text,true,,174,158,2,2,http://localhost:8080/empleados,17,0,0
1775334319910,20,GET /empleados,200,,Thread Group 1-8,text,true,,174,158,2,2,http://localhost:8080/empleados,20,0,0
1775334319924,22,GET /roles,200,,Thread Group 1-7,text,true,,174,154,2,2,http://localhost:8080/roles,22,0,0
1775334319930,16,GET /roles,200,,Thread Group 1-8,text,true,,174,154,2,2,http://localhost:8080/roles,16,0,0
1775334319946,22,GET /gateways,200,,Thread Group 1-7,text,true,,174,167,2,2,http://localhost:8080/gateways/proceso/1,21,0,0
1775334319946,22,GET /gateways,200,,Thread Group 1-8,text,true,,174,167,2,2,http://localhost:8080/gateways/proceso/1,21,0,0
1775334319968,18,GET /arcos,200,,Thread Group 1-8,text,true,,174,164,2,2,http://localhost:8080/arcos/proceso/1,18,0,0
1775334319968,18,GET /arcos,200,,Thread Group 1-7,text,true,,174,164,2,2,http://localhost:8080/arcos/proceso/1,18,0,0
1775334319987,66,POST /empresas,200,,Thread Group 1-7,text,true,,234,301,2,2,http://localhost:8080/empresas,66,0,0
1775334319987,70,POST /empresas,200,,Thread Group 1-8,text,true,,234,301,1,1,http://localhost:8080/empresas,70,0,0
1775334320057,23,GET /empresas,200,,Thread Group 1-8,text,true,,48570,157,1,1,http://localhost:8080/empresas,23,0,0
1775334320080,16,GET /empleados,200,,Thread Group 1-8,text,true,,174,158,1,1,http://localhost:8080/empleados,16,0,0
1775334320096,16,GET /roles,200,,Thread Group 1-8,text,true,,174,154,1,1,http://localhost:8080/roles,16,0,0
1775334320112,21,GET /gateways,200,,Thread Group 1-8,text,true,,174,167,1,1,http://localhost:8080/gateways/proceso/1,21,0,0
1775334320133,19,GET /arcos,200,,Thread Group 1-8,text,true,,174,164,1,1,http://localhost:8080/arcos/proceso/1,19,0,0
1775334320180,25,GET /empresas,200,,Thread Group 1-9,text,true,,48570,157,2,2,http://localhost:8080/empresas,25,0,1
1775334320152,59,POST /empresas,200,,Thread Group 1-8,text,true,,234,301,2,2,http://localhost:8080/empresas,59,0,0
1775334320205,17,GET /empleados,200,,Thread Group 1-9,text,true,,174,158,2,2,http://localhost:8080/empleados,17,0,0
1775334320211,22,GET /empresas,200,,Thread Group 1-8,text,true,,48632,157,2,2,http://localhost:8080/empresas,22,0,0
1775334320222,16,GET /roles,200,,Thread Group 1-9,text,true,,174,154,2,2,http://localhost:8080/roles,16,0,0
1775334320233,12,GET /empleados,200,,Thread Group 1-8,text,true,,174,158,2,2,http://localhost:8080/empleados,12,0,0
1775334320239,16,GET /gateways,200,,Thread Group 1-9,text,true,,174,167,2,2,http://localhost:8080/gateways/proceso/1,16,0,0
1775334320245,16,GET /roles,200,,Thread Group 1-8,text,true,,174,154,2,2,http://localhost:8080/roles,16,0,0
1775334320255,20,GET /arcos,200,,Thread Group 1-9,text,true,,174,164,2,2,http://localhost:8080/arcos/proceso/1,20,0,0
1775334320261,14,GET /gateways,200,,Thread Group 1-8,text,true,,174,167,2,2,http://localhost:8080/gateways/proceso/1,14,0,0
1775334320275,17,GET /arcos,200,,Thread Group 1-8,text,true,,174,164,2,2,http://localhost:8080/arcos/proceso/1,17,0,0
1775334320275,61,POST /empresas,200,,Thread Group 1-9,text,true,,234,301,2,2,http://localhost:8080/empresas,61,0,0
1775334320292,58,POST /empresas,200,,Thread Group 1-8,text,true,,234,301,2,2,http://localhost:8080/empresas,58,0,0
1775334320336,24,GET /empresas,200,,Thread Group 1-9,text,true,,48694,157,1,1,http://localhost:8080/empresas,24,0,0
1775334320360,20,GET /empleados,200,,Thread Group 1-9,text,true,,174,158,1,1,http://localhost:8080/empleados,20,0,0
1775334320380,14,GET /roles,200,,Thread Group 1-9,text,true,,174,154,1,1,http://localhost:8080/roles,14,0,0
1775334320394,27,GET /gateways,200,,Thread Group 1-9,text,true,,174,167,1,1,http://localhost:8080/gateways/proceso/1,27,0,0
1775334320421,16,GET /arcos,200,,Thread Group 1-9,text,true,,174,164,1,1,http://localhost:8080/arcos/proceso/1,16,0,0
1775334320437,54,POST /empresas,200,,Thread Group 1-9,text,true,,234,301,2,2,http://localhost:8080/empresas,54,0,0
1775334320480,25,GET /empresas,200,,Thread Group 1-10,text,true,,48818,157,2,2,http://localhost:8080/empresas,25,0,0
1775334320505,36,GET /empleados,200,,Thread Group 1-10,text,true,,174,158,2,2,http://localhost:8080/empleados,36,0,0
1775334320491,50,GET /empresas,200,,Thread Group 1-9,text,true,,48818,157,2,2,http://localhost:8080/empresas,50,0,0
1775334320541,16,GET /roles,200,,Thread Group 1-10,text,true,,174,154,2,2,http://localhost:8080/roles,16,0,0
1775334320541,20,GET /empleados,200,,Thread Group 1-9,text,true,,174,158,2,2,http://localhost:8080/empleados,20,0,0
1775334320561,14,GET /roles,200,,Thread Group 1-9,text,true,,174,154,2,2,http://localhost:8080/roles,14,0,0
1775334320557,18,GET /gateways,200,,Thread Group 1-10,text,true,,174,167,2,2,http://localhost:8080/gateways/proceso/1,18,0,0
1775334320575,18,GET /arcos,200,,Thread Group 1-10,text,true,,174,164,2,2,http://localhost:8080/arcos/proceso/1,18,0,0
1775334320575,18,GET /gateways,200,,Thread Group 1-9,text,true,,174,167,2,2,http://localhost:8080/gateways/proceso/1,18,0,0
1775334320593,17,GET /arcos,200,,Thread Group 1-9,text,true,,174,164,2,2,http://localhost:8080/arcos/proceso/1,17,0,0
1775334320593,52,POST /empresas,200,,Thread Group 1-10,text,true,,235,302,2,2,http://localhost:8080/empresas,52,0,0
1775334320610,52,POST /empresas,200,,Thread Group 1-9,text,true,,234,301,2,2,http://localhost:8080/empresas,52,0,0
1775334320646,24,GET /empresas,200,,Thread Group 1-10,text,true,,48881,157,1,1,http://localhost:8080/empresas,23,0,0
1775334320670,17,GET /empleados,200,,Thread Group 1-10,text,true,,174,158,1,1,http://localhost:8080/empleados,17,0,0
1775334320688,22,GET /roles,200,,Thread Group 1-10,text,true,,174,154,1,1,http://localhost:8080/roles,22,0,0
1775334320710,20,GET /gateways,200,,Thread Group 1-10,text,true,,174,167,1,1,http://localhost:8080/gateways/proceso/1,20,0,0
1775334320730,19,GET /arcos,200,,Thread Group 1-10,text,true,,174,164,1,1,http://localhost:8080/arcos/proceso/1,19,0,0
1775334320749,79,POST /empresas,200,,Thread Group 1-10,text,true,,235,302,2,2,http://localhost:8080/empresas,79,0,0
1775334320780,49,GET /empresas,200,,Thread Group 1-11,text,true,,48943,157,2,2,http://localhost:8080/empresas,49,0,1
1775334320829,16,GET /empleados,200,,Thread Group 1-11,text,true,,174,158,2,2,http://localhost:8080/empleados,16,0,0
1775334320845,28,GET /roles,200,,Thread Group 1-11,text,true,,174,154,2,2,http://localhost:8080/roles,28,0,0
1775334320828,46,GET /empresas,200,,Thread Group 1-10,text,true,,49006,157,2,2,http://localhost:8080/empresas,46,0,0
1775334320873,40,GET /gateways,200,,Thread Group 1-11,text,true,,174,167,2,2,http://localhost:8080/gateways/proceso/1,40,0,0
1775334320874,39,GET /empleados,200,,Thread Group 1-10,text,true,,174,158,2,2,http://localhost:8080/empleados,39,0,0
1775334320913,44,GET /arcos,200,,Thread Group 1-11,text,true,,174,164,2,2,http://localhost:8080/arcos/proceso/1,44,0,0
1775334320913,44,GET /roles,200,,Thread Group 1-10,text,true,,174,154,2,2,http://localhost:8080/roles,44,0,0
1775334320957,39,GET /gateways,200,,Thread Group 1-10,text,true,,174,167,2,2,http://localhost:8080/gateways/proceso/1,39,0,0
1775334320996,37,GET /arcos,200,,Thread Group 1-10,text,true,,174,164,2,2,http://localhost:8080/arcos/proceso/1,37,0,0
1775334320957,114,POST /empresas,200,,Thread Group 1-11,text,true,,235,302,2,2,http://localhost:8080/empresas,114,0,0
1775334321071,30,GET /empresas,200,,Thread Group 1-11,text,true,,49069,157,3,3,http://localhost:8080/empresas,30,0,0
1775334321034,97,POST /empresas,200,,Thread Group 1-10,text,true,,235,302,3,3,http://localhost:8080/empresas,97,0,0
1775334321101,30,GET /empleados,200,,Thread Group 1-11,text,true,,174,158,3,3,http://localhost:8080/empleados,30,0,0
1775334321081,53,GET /empresas,200,,Thread Group 1-12,text,true,,49069,157,2,2,http://localhost:8080/empresas,52,0,0
1775334321131,43,GET /roles,200,,Thread Group 1-11,text,true,,174,154,2,2,http://localhost:8080/roles,43,0,0
1775334321134,40,GET /empleados,200,,Thread Group 1-12,text,true,,174,158,2,2,http://localhost:8080/empleados,40,0,0
1775334321174,40,GET /roles,200,,Thread Group 1-12,text,true,,174,154,2,2,http://localhost:8080/roles,40,0,0
1775334321174,40,GET /gateways,200,,Thread Group 1-11,text,true,,174,167,2,2,http://localhost:8080/gateways/proceso/1,40,0,0
1775334321214,43,GET /gateways,200,,Thread Group 1-12,text,true,,174,167,2,2,http://localhost:8080/gateways/proceso/1,43,0,0
1775334321214,43,GET /arcos,200,,Thread Group 1-11,text,true,,174,164,2,2,http://localhost:8080/arcos/proceso/1,43,0,0
1775334321257,43,GET /arcos,200,,Thread Group 1-12,text,true,,174,164,2,2,http://localhost:8080/arcos/proceso/1,43,0,0
1775334321257,125,POST /empresas,200,,Thread Group 1-11,text,true,,235,302,3,3,http://localhost:8080/empresas,125,0,0
1775334321301,102,POST /empresas,200,,Thread Group 1-12,text,true,,235,302,3,3,http://localhost:8080/empresas,102,0,0
1775334321382,41,GET /empresas,200,,Thread Group 1-13,text,true,,49258,157,3,3,http://localhost:8080/empresas,40,0,1
1775334321383,40,GET /empresas,200,,Thread Group 1-11,text,true,,49258,157,3,3,http://localhost:8080/empresas,39,0,0
1775334321423,30,GET /empleados,200,,Thread Group 1-13,text,true,,174,158,3,3,http://localhost:8080/empleados,30,0,0
1775334321423,30,GET /empleados,200,,Thread Group 1-11,text,true,,174,158,3,3,http://localhost:8080/empleados,30,0,0
1775334321403,51,GET /empresas,200,,Thread Group 1-12,text,true,,49258,157,3,3,http://localhost:8080/empresas,51,0,0
1775334321453,41,GET /roles,200,,Thread Group 1-13,text,true,,174,154,3,3,http://localhost:8080/roles,41,0,0
1775334321453,41,GET /roles,200,,Thread Group 1-11,text,true,,174,154,3,3,http://localhost:8080/roles,41,0,0
1775334321454,40,GET /empleados,200,,Thread Group 1-12,text,true,,174,158,3,3,http://localhost:8080/empleados,40,0,0
1775334321495,40,GET /gateways,200,,Thread Group 1-11,text,true,,174,167,3,3,http://localhost:8080/gateways/proceso/1,40,0,0
1775334321495,40,GET /roles,200,,Thread Group 1-12,text,true,,174,154,3,3,http://localhost:8080/roles,40,0,0
1775334321495,40,GET /gateways,200,,Thread Group 1-13,text,true,,174,167,3,3,http://localhost:8080/gateways/proceso/1,40,0,0
1775334321535,39,GET /arcos,200,,Thread Group 1-11,text,true,,174,164,3,3,http://localhost:8080/arcos/proceso/1,39,0,0
1775334321535,39,GET /gateways,200,,Thread Group 1-12,text,true,,174,167,3,3,http://localhost:8080/gateways/proceso/1,39,0,0
1775334321535,39,GET /arcos,200,,Thread Group 1-13,text,true,,174,164,3,3,http://localhost:8080/arcos/proceso/1,39,0,0
1775334321575,37,GET /arcos,200,,Thread Group 1-12,text,true,,174,164,3,3,http://localhost:8080/arcos/proceso/1,37,0,0
1775334321575,120,POST /empresas,200,,Thread Group 1-13,text,true,,235,302,4,4,http://localhost:8080/empresas,120,0,0
1775334321575,120,POST /empresas,200,,Thread Group 1-11,text,true,,235,302,4,4,http://localhost:8080/empresas,120,0,0
1775334321613,102,POST /empresas,200,,Thread Group 1-12,text,true,,235,302,3,3,http://localhost:8080/empresas,102,0,0
1775334321679,37,GET /empresas,200,,Thread Group 1-14,text,true,,49390,157,3,3,http://localhost:8080/empresas,37,0,1
1775334321716,15,GET /empleados,200,,Thread Group 1-14,text,true,,174,158,3,3,http://localhost:8080/empleados,15,0,0
1775334321697,34,GET /empresas,200,,Thread Group 1-13,text,true,,49453,157,3,3,http://localhost:8080/empresas,34,0,0
1775334321731,31,GET /roles,200,,Thread Group 1-14,text,true,,174,154,3,3,http://localhost:8080/roles,31,0,0
1775334321731,31,GET /empleados,200,,Thread Group 1-13,text,true,,174,158,3,3,http://localhost:8080/empleados,31,0,0
1775334321715,48,GET /empresas,200,,Thread Group 1-12,text,true,,49453,157,3,3,http://localhost:8080/empresas,48,0,0
1775334321762,42,GET /gateways,200,,Thread Group 1-14,text,true,,174,167,3,3,http://localhost:8080/gateways/proceso/1,42,0,0
1775334321762,42,GET /roles,200,,Thread Group 1-13,text,true,,174,154,3,3,http://localhost:8080/roles,42,0,0
1775334321763,41,GET /empleados,200,,Thread Group 1-12,text,true,,174,158,3,3,http://localhost:8080/empleados,41,0,0
1775334321804,35,GET /gateways,200,,Thread Group 1-13,text,true,,174,167,3,3,http://localhost:8080/gateways/proceso/1,35,0,0
1775334321804,35,GET /arcos,200,,Thread Group 1-14,text,true,,174,164,3,3,http://localhost:8080/arcos/proceso/1,35,0,0
1775334321804,35,GET /roles,200,,Thread Group 1-12,text,true,,174,154,3,3,http://localhost:8080/roles,35,0,0
1775334321839,33,GET /arcos,200,,Thread Group 1-13,text,true,,174,164,3,3,http://localhost:8080/arcos/proceso/1,33,0,0
1775334321839,33,GET /gateways,200,,Thread Group 1-12,text,true,,174,167,3,3,http://localhost:8080/gateways/proceso/1,33,0,0
1775334321872,34,GET /arcos,200,,Thread Group 1-12,text,true,,174,164,3,3,http://localhost:8080/arcos/proceso/1,34,0,0
1775334321839,103,POST /empresas,200,,Thread Group 1-14,text,true,,235,302,3,3,http://localhost:8080/empresas,103,0,0
1775334321872,90,POST /empresas,200,,Thread Group 1-13,text,true,,235,302,3,3,http://localhost:8080/empresas,90,0,0
1775334321906,69,POST /empresas,200,,Thread Group 1-12,text,true,,235,302,3,3,http://localhost:8080/empresas,69,0,0
1775334321942,35,GET /empresas,200,,Thread Group 1-14,text,true,,49579,157,2,2,http://localhost:8080/empresas,34,0,0
1775334321977,19,GET /empleados,200,,Thread Group 1-14,text,true,,174,158,3,3,http://localhost:8080/empleados,19,0,0
1775334321962,35,GET /empresas,200,,Thread Group 1-13,text,true,,49643,157,3,3,http://localhost:8080/empresas,35,0,0
1775334321997,24,GET /empleados,200,,Thread Group 1-13,text,true,,174,158,3,3,http://localhost:8080/empleados,24,0,0
1775334321996,25,GET /roles,200,,Thread Group 1-14,text,true,,174,154,3,3,http://localhost:8080/roles,25,0,0
1775334321981,43,GET /empresas,200,,Thread Group 1-15,text,true,,49643,157,3,3,http://localhost:8080/empresas,43,0,0
1775334322021,44,GET /roles,200,,Thread Group 1-13,text,true,,174,154,3,3,http://localhost:8080/roles,44,0,0
1775334322025,40,GET /empleados,200,,Thread Group 1-15,text,true,,174,158,3,3,http://localhost:8080/empleados,40,0,0
1775334322021,44,GET /gateways,200,,Thread Group 1-14,text,true,,174,167,3,3,http://localhost:8080/gateways/proceso/1,44,0,0
1775334322065,36,GET /roles,200,,Thread Group 1-15,text,true,,174,154,3,3,http://localhost:8080/roles,36,0,0
1775334322065,36,GET /gateways,200,,Thread Group 1-13,text,true,,174,167,3,3,http://localhost:8080/gateways/proceso/1,36,0,0
1775334322065,36,GET /arcos,200,,Thread Group 1-14,text,true,,174,164,3,3,http://localhost:8080/arcos/proceso/1,36,0,0
1775334322101,34,GET /gateways,200,,Thread Group 1-15,text,true,,174,167,3,3,http://localhost:8080/gateways/proceso/1,34,0,0
1775334322101,34,GET /arcos,200,,Thread Group 1-13,text,true,,174,164,3,3,http://localhost:8080/arcos/proceso/1,34,0,0
1775334322136,32,GET /arcos,200,,Thread Group 1-15,text,true,,174,164,3,3,http://localhost:8080/arcos/proceso/1,32,0,0
1775334322101,96,POST /empresas,200,,Thread Group 1-14,text,true,,235,302,3,3,http://localhost:8080/empresas,96,0,0
1775334322136,82,POST /empresas,200,,Thread Group 1-13,text,true,,235,302,3,3,http://localhost:8080/empresas,82,0,0
1775334322198,42,GET /empresas,200,,Thread Group 1-14,text,true,,49769,157,2,2,http://localhost:8080/empresas,42,0,0
1775334322241,16,GET /empleados,200,,Thread Group 1-14,text,true,,174,158,2,2,http://localhost:8080/empleados,16,0,0
1775334322168,89,POST /empresas,200,,Thread Group 1-15,text,true,,235,302,2,2,http://localhost:8080/empresas,89,0,0
1775334322257,29,GET /roles,200,,Thread Group 1-14,text,true,,174,154,3,3,http://localhost:8080/roles,29,0,0
1775334322257,45,GET /empresas,200,,Thread Group 1-15,text,true,,49832,157,3,3,http://localhost:8080/empresas,45,0,0
1775334322303,20,GET /empleados,200,,Thread Group 1-15,text,true,,174,158,3,3,http://localhost:8080/empleados,20,0,0
1775334322286,37,GET /gateways,200,,Thread Group 1-14,text,true,,174,167,3,3,http://localhost:8080/gateways/proceso/1,37,0,0
1775334322281,45,GET /empresas,200,,Thread Group 1-16,text,true,,49832,157,3,3,http://localhost:8080/empresas,44,0,1
1775334322323,34,GET /arcos,200,,Thread Group 1-14,text,true,,174,164,3,3,http://localhost:8080/arcos/proceso/1,34,0,0
1775334322323,34,GET /roles,200,,Thread Group 1-15,text,true,,174,154,3,3,http://localhost:8080/roles,34,0,0
1775334322326,31,GET /empleados,200,,Thread Group 1-16,text,true,,174,158,3,3,http://localhost:8080/empleados,31,0,0
1775334322357,38,GET /roles,200,,Thread Group 1-16,text,true,,174,154,3,3,http://localhost:8080/roles,38,0,0
1775334322357,38,GET /gateways,200,,Thread Group 1-15,text,true,,174,167,3,3,http://localhost:8080/gateways/proceso/1,38,0,0
1775334322395,37,GET /arcos,200,,Thread Group 1-15,text,true,,174,164,3,3,http://localhost:8080/arcos/proceso/1,37,0,0
1775334322395,37,GET /gateways,200,,Thread Group 1-16,text,true,,174,167,3,3,http://localhost:8080/gateways/proceso/1,37,0,0
1775334322357,109,POST /empresas,200,,Thread Group 1-14,text,true,,235,302,3,3,http://localhost:8080/empresas,109,0,0
1775334322432,34,GET /arcos,200,,Thread Group 1-16,text,true,,174,164,3,3,http://localhost:8080/arcos/proceso/1,34,0,0
1775334322432,106,POST /empresas,200,,Thread Group 1-15,text,true,,235,302,2,2,http://localhost:8080/empresas,105,0,0
1775334322466,90,POST /empresas,200,,Thread Group 1-16,text,true,,235,302,2,2,http://localhost:8080/empresas,90,0,0
1775334322538,36,GET /empresas,200,,Thread Group 1-15,text,true,,50021,157,2,2,http://localhost:8080/empresas,36,0,0
1775334322574,23,GET /empleados,200,,Thread Group 1-15,text,true,,174,158,3,3,http://localhost:8080/empleados,23,0,0
1775334322556,43,GET /empresas,200,,Thread Group 1-16,text,true,,50021,157,3,3,http://localhost:8080/empresas,43,0,0
1775334322580,46,GET /empresas,200,,Thread Group 1-17,text,true,,50021,157,3,3,http://localhost:8080/empresas,46,0,0
1775334322599,44,GET /empleados,200,,Thread Group 1-16,text,true,,174,158,3,3,http://localhost:8080/empleados,44,0,0
1775334322597,46,GET /roles,200,,Thread Group 1-15,text,true,,174,154,3,3,http://localhost:8080/roles,46,0,0
1775334322627,16,GET /empleados,200,,Thread Group 1-17,text,true,,174,158,3,3,http://localhost:8080/empleados,16,0,0
1775334322643,34,GET /roles,200,,Thread Group 1-16,text,true,,174,154,3,3,http://localhost:8080/roles,34,0,0
1775334322643,35,GET /gateways,200,,Thread Group 1-15,text,true,,174,167,3,3,http://localhost:8080/gateways/proceso/1,34,0,0
1775334322643,35,GET /roles,200,,Thread Group 1-17,text,true,,174,154,3,3,http://localhost:8080/roles,34,0,0
1775334322678,38,GET /gateways,200,,Thread Group 1-16,text,true,,174,167,3,3,http://localhost:8080/gateways/proceso/1,37,0,0
1775334322678,38,GET /gateways,200,,Thread Group 1-17,text,true,,174,167,3,3,http://localhost:8080/gateways/proceso/1,37,0,0
1775334322678,38,GET /arcos,200,,Thread Group 1-15,text,true,,174,164,3,3,http://localhost:8080/arcos/proceso/1,37,0,0
1775334322716,35,GET /arcos,200,,Thread Group 1-16,text,true,,174,164,3,3,http://localhost:8080/arcos/proceso/1,35,0,0
1775334322716,35,GET /arcos,200,,Thread Group 1-17,text,true,,174,164,3,3,http://localhost:8080/arcos/proceso/1,35,0,0
1775334322716,183,POST /empresas,200,,Thread Group 1-15,text,true,,235,302,4,4,http://localhost:8080/empresas,183,0,0
1775334322879,24,GET /empresas,200,,Thread Group 1-18,text,true,,50084,157,3,3,http://localhost:8080/empresas,24,0,0
1775334322903,33,GET /empleados,200,,Thread Group 1-18,text,true,,174,158,3,3,http://localhost:8080/empleados,33,0,0
1775334322751,185,POST /empresas,200,,Thread Group 1-17,text,true,,235,302,3,3,http://localhost:8080/empresas,185,0,0
1775334322751,185,POST /empresas,200,,Thread Group 1-16,text,true,,235,302,3,3,http://localhost:8080/empresas,185,0,0
1775334322936,20,GET /roles,200,,Thread Group 1-18,text,true,,174,154,3,3,http://localhost:8080/roles,20,0,0
1775334322936,25,GET /empresas,200,,Thread Group 1-17,text,true,,50210,157,3,3,http://localhost:8080/empresas,25,0,0
1775334322961,19,GET /empleados,200,,Thread Group 1-17,text,true,,174,158,3,3,http://localhost:8080/empleados,19,0,0
1775334322956,24,GET /gateways,200,,Thread Group 1-18,text,true,,174,167,3,3,http://localhost:8080/gateways/proceso/1,24,0,0
1775334322936,46,GET /empresas,200,,Thread Group 1-16,text,true,,50210,157,3,3,http://localhost:8080/empresas,46,0,0
1775334322983,33,GET /empleados,200,,Thread Group 1-16,text,true,,174,158,3,3,http://localhost:8080/empleados,33,0,0
1775334322980,36,GET /roles,200,,Thread Group 1-17,text,true,,174,154,3,3,http://localhost:8080/roles,36,0,0
1775334322980,36,GET /arcos,200,,Thread Group 1-18,text,true,,174,164,3,3,http://localhost:8080/arcos/proceso/1,36,0,0
1775334323017,34,GET /roles,200,,Thread Group 1-16,text,true,,174,154,3,3,http://localhost:8080/roles,34,0,0
1775334323017,34,GET /gateways,200,,Thread Group 1-17,text,true,,174,167,3,3,http://localhost:8080/gateways/proceso/1,34,0,0
1775334323052,38,GET /arcos,200,,Thread Group 1-17,text,true,,174,164,3,3,http://localhost:8080/arcos/proceso/1,38,0,0
1775334323052,38,GET /gateways,200,,Thread Group 1-16,text,true,,174,167,3,3,http://localhost:8080/gateways/proceso/1,38,0,0
1775334323091,34,GET /arcos,200,,Thread Group 1-16,text,true,,174,164,3,3,http://localhost:8080/arcos/proceso/1,34,0,0
1775334323017,108,POST /empresas,200,,Thread Group 1-18,text,true,,235,302,3,3,http://localhost:8080/empresas,108,0,0
1775334323091,83,POST /empresas,200,,Thread Group 1-17,text,true,,235,302,3,3,http://localhost:8080/empresas,83,0,0
1775334323126,48,GET /empresas,200,,Thread Group 1-18,text,true,,50273,157,3,3,http://localhost:8080/empresas,48,0,0
1775334323175,19,GET /empleados,200,,Thread Group 1-18,text,true,,174,158,4,4,http://localhost:8080/empleados,19,0,0
1775334323126,68,POST /empresas,200,,Thread Group 1-16,text,true,,235,302,4,4,http://localhost:8080/empresas,68,0,0
1775334323174,25,GET /empresas,200,,Thread Group 1-17,text,true,,50399,157,3,3,http://localhost:8080/empresas,25,0,0
1775334323196,21,GET /roles,200,,Thread Group 1-18,text,true,,174,154,3,3,http://localhost:8080/roles,21,0,0
1775334323199,18,GET /empleados,200,,Thread Group 1-17,text,true,,174,158,3,3,http://localhost:8080/empleados,18,0,0
1775334323179,39,GET /empresas,200,,Thread Group 1-19,text,true,,50399,157,3,3,http://localhost:8080/empresas,39,0,1
1775334323217,34,GET /roles,200,,Thread Group 1-17,text,true,,174,154,3,3,http://localhost:8080/roles,34,0,0
1775334323219,32,GET /empleados,200,,Thread Group 1-19,text,true,,174,158,3,3,http://localhost:8080/empleados,32,0,0
1775334323217,34,GET /gateways,200,,Thread Group 1-18,text,true,,174,167,3,3,http://localhost:8080/gateways/proceso/1,34,0,0
1775334323251,33,GET /roles,200,,Thread Group 1-19,text,true,,174,154,3,3,http://localhost:8080/roles,33,0,0
1775334323251,33,GET /arcos,200,,Thread Group 1-18,text,true,,174,164,3,3,http://localhost:8080/arcos/proceso/1,33,0,0
1775334323251,33,GET /gateways,200,,Thread Group 1-17,text,true,,174,167,3,3,http://localhost:8080/gateways/proceso/1,33,0,0
1775334323284,35,GET /arcos,200,,Thread Group 1-17,text,true,,174,164,3,3,http://localhost:8080/arcos/proceso/1,35,0,0
1775334323284,35,GET /gateways,200,,Thread Group 1-19,text,true,,174,167,3,3,http://localhost:8080/gateways/proceso/1,35,0,0
1775334323319,34,GET /arcos,200,,Thread Group 1-19,text,true,,174,164,3,3,http://localhost:8080/arcos/proceso/1,34,0,0
1775334323284,103,POST /empresas,200,,Thread Group 1-18,text,true,,235,302,3,3,http://localhost:8080/empresas,103,0,0
1775334323319,88,POST /empresas,200,,Thread Group 1-17,text,true,,235,302,3,3,http://localhost:8080/empresas,88,0,0
1775334323388,24,GET /empresas,200,,Thread Group 1-18,text,true,,50462,157,2,2,http://localhost:8080/empresas,24,0,0
1775334323353,92,POST /empresas,200,,Thread Group 1-19,text,true,,235,302,2,2,http://localhost:8080/empresas,92,0,0
1775334323412,33,GET /empleados,200,,Thread Group 1-18,text,true,,174,158,2,2,http://localhost:8080/empleados,33,0,0
1775334323446,14,GET /roles,200,,Thread Group 1-18,text,true,,174,154,2,2,http://localhost:8080/roles,14,0,0
1775334323460,15,GET /gateways,200,,Thread Group 1-18,text,true,,174,167,2,2,http://localhost:8080/gateways/proceso/1,15,0,0
1775334323446,31,GET /empresas,200,,Thread Group 1-19,text,true,,50588,157,2,2,http://localhost:8080/empresas,31,0,0
1775334323475,26,GET /arcos,200,,Thread Group 1-18,text,true,,174,164,3,3,http://localhost:8080/arcos/proceso/1,26,0,0
1775334323478,23,GET /empleados,200,,Thread Group 1-19,text,true,,174,158,3,3,http://localhost:8080/empleados,23,0,0
1775334323481,23,GET /empresas,200,,Thread Group 1-20,text,true,,50588,157,3,3,http://localhost:8080/empresas,23,0,1
1775334323501,36,GET /roles,200,,Thread Group 1-19,text,true,,174,154,3,3,http://localhost:8080/roles,36,0,0
1775334323504,33,GET /empleados,200,,Thread Group 1-20,text,true,,174,158,3,3,http://localhost:8080/empleados,33,0,0
1775334323537,31,GET /roles,200,,Thread Group 1-20,text,true,,174,154,3,3,http://localhost:8080/roles,31,0,0
1775334323537,31,GET /gateways,200,,Thread Group 1-19,text,true,,174,167,3,3,http://localhost:8080/gateways/proceso/1,31,0,0
1775334323501,101,POST /empresas,200,,Thread Group 1-18,text,true,,235,302,3,3,http://localhost:8080/empresas,101,0,0
1775334323568,34,GET /gateways,200,,Thread Group 1-20,text,true,,174,167,3,3,http://localhost:8080/gateways/proceso/1,34,0,0
1775334323568,34,GET /arcos,200,,Thread Group 1-19,text,true,,174,164,3,3,http://localhost:8080/arcos/proceso/1,34,0,0
1775334323602,37,GET /arcos,200,,Thread Group 1-20,text,true,,174,164,2,2,http://localhost:8080/arcos/proceso/1,37,0,0
1775334323602,110,POST /empresas,200,,Thread Group 1-19,text,true,,235,302,2,2,http://localhost:8080/empresas,110,0,0
1775334323639,93,POST /empresas,200,,Thread Group 1-20,text,true,,235,302,2,2,http://localhost:8080/empresas,93,0,0
1775334323712,36,GET /empresas,200,,Thread Group 1-19,text,true,,50777,157,2,2,http://localhost:8080/empresas,36,0,0
1775334323748,25,GET /empleados,200,,Thread Group 1-19,text,true,,174,158,2,2,http://localhost:8080/empleados,25,0,0
1775334323732,41,GET /empresas,200,,Thread Group 1-20,text,true,,50777,157,2,2,http://localhost:8080/empresas,41,0,0
1775334323774,26,GET /empleados,200,,Thread Group 1-20,text,true,,174,158,3,3,http://localhost:8080/empleados,26,0,0
1775334323773,27,GET /roles,200,,Thread Group 1-19,text,true,,174,154,3,3,http://localhost:8080/roles,27,0,0
1775334323781,23,GET /empresas,200,,Thread Group 1-21,text,true,,50777,157,3,3,http://localhost:8080/empresas,23,0,0
1775334323800,33,GET /roles,200,,Thread Group 1-20,text,true,,174,154,3,3,http://localhost:8080/roles,33,0,0
1775334323804,29,GET /empleados,200,,Thread Group 1-21,text,true,,174,158,3,3,http://localhost:8080/empleados,29,0,0
1775334323800,33,GET /gateways,200,,Thread Group 1-19,text,true,,174,167,3,3,http://localhost:8080/gateways/proceso/1,33,0,0
1775334323833,39,GET /gateways,200,,Thread Group 1-20,text,true,,174,167,3,3,http://localhost:8080/gateways/proceso/1,39,0,0
1775334323833,39,GET /arcos,200,,Thread Group 1-19,text,true,,174,164,3,3,http://localhost:8080/arcos/proceso/1,39,0,0
1775334323833,39,GET /roles,200,,Thread Group 1-21,text,true,,174,154,3,3,http://localhost:8080/roles,39,0,0
1775334323872,37,GET /arcos,200,,Thread Group 1-20,text,true,,174,164,3,3,http://localhost:8080/arcos/proceso/1,36,0,0
1775334323872,37,GET /gateways,200,,Thread Group 1-21,text,true,,174,167,3,3,http://localhost:8080/gateways/proceso/1,36,0,0
1775334323909,26,GET /arcos,200,,Thread Group 1-21,text,true,,174,164,3,3,http://localhost:8080/arcos/proceso/1,26,0,0
1775334323872,96,POST /empresas,200,,Thread Group 1-19,text,true,,235,302,3,3,http://localhost:8080/empresas,96,0,0
1775334323909,92,POST /empresas,200,,Thread Group 1-20,text,true,,235,302,2,2,http://localhost:8080/empresas,91,0,0
1775334323935,87,POST /empresas,200,,Thread Group 1-21,text,true,,235,302,2,2,http://localhost:8080/empresas,87,0,0
1775334324001,35,GET /empresas,200,,Thread Group 1-20,text,true,,50903,157,2,2,http://localhost:8080/empresas,35,0,0
1775334324036,24,GET /empleados,200,,Thread Group 1-20,text,true,,174,158,2,2,http://localhost:8080/empleados,24,0,0
1775334324022,39,GET /empresas,200,,Thread Group 1-21,text,true,,50966,157,2,2,http://localhost:8080/empresas,39,0,0
1775334324061,32,GET /roles,200,,Thread Group 1-20,text,true,,174,154,3,3,http://localhost:8080/roles,32,0,0
1775334324061,32,GET /empleados,200,,Thread Group 1-21,text,true,,174,158,3,3,http://localhost:8080/empleados,32,0,0
1775334324094,21,GET /roles,200,,Thread Group 1-21,text,true,,174,154,3,3,http://localhost:8080/roles,21,0,0
1775334324094,21,GET /gateways,200,,Thread Group 1-20,text,true,,174,167,3,3,http://localhost:8080/gateways/proceso/1,21,0,0
1775334324081,37,GET /empresas,200,,Thread Group 1-22,text,true,,50966,157,3,3,http://localhost:8080/empresas,36,0,1
1775334324115,35,GET /gateways,200,,Thread Group 1-21,text,true,,174,167,3,3,http://localhost:8080/gateways/proceso/1,35,0,0
1775334324118,32,GET /empleados,200,,Thread Group 1-22,text,true,,174,158,3,3,http://localhost:8080/empleados,32,0,0
1775334324115,35,GET /arcos,200,,Thread Group 1-20,text,true,,174,164,3,3,http://localhost:8080/arcos/proceso/1,35,0,0
1775334324150,32,GET /arcos,200,,Thread Group 1-21,text,true,,174,164,3,3,http://localhost:8080/arcos/proceso/1,32,0,0
1775334324150,32,GET /roles,200,,Thread Group 1-22,text,true,,174,154,3,3,http://localhost:8080/roles,32,0,0
1775334324183,36,GET /gateways,200,,Thread Group 1-22,text,true,,174,167,3,3,http://localhost:8080/gateways/proceso/1,36,0,0
1775334324150,102,POST /empresas,200,,Thread Group 1-20,text,true,,235,302,3,3,http://localhost:8080/empresas,102,0,0
1775334324219,33,GET /arcos,200,,Thread Group 1-22,text,true,,174,164,3,3,http://localhost:8080/arcos/proceso/1,33,0,0
1775334324183,100,POST /empresas,200,,Thread Group 1-21,text,true,,235,302,2,2,http://localhost:8080/empresas,100,0,0
1775334324252,67,POST /empresas,200,,Thread Group 1-22,text,true,,235,302,2,2,http://localhost:8080/empresas,67,0,0
1775334324283,37,GET /empresas,200,,Thread Group 1-21,text,true,,51092,157,2,2,http://localhost:8080/empresas,37,0,0
1775334324321,41,GET /empleados,200,,Thread Group 1-21,text,true,,174,158,2,2,http://localhost:8080/empleados,41,0,0
1775334324320,44,GET /empresas,200,,Thread Group 1-22,text,true,,51155,157,2,2,http://localhost:8080/empresas,43,0,0
1775334324364,33,GET /empleados,200,,Thread Group 1-22,text,true,,174,158,3,3,http://localhost:8080/empleados,33,0,0
1775334324362,35,GET /roles,200,,Thread Group 1-21,text,true,,174,154,3,3,http://localhost:8080/roles,35,0,0
1775334324397,27,GET /gateways,200,,Thread Group 1-21,text,true,,174,167,3,3,http://localhost:8080/gateways/proceso/1,26,0,0
1775334324397,27,GET /roles,200,,Thread Group 1-22,text,true,,174,154,3,3,http://localhost:8080/roles,26,0,0
1775334324380,46,GET /empresas,200,,Thread Group 1-23,text,true,,51155,157,3,3,http://localhost:8080/empresas,46,0,1
1775334324424,35,GET /gateways,200,,Thread Group 1-22,text,true,,174,167,3,3,http://localhost:8080/gateways/proceso/1,35,0,0
1775334324424,35,GET /arcos,200,,Thread Group 1-21,text,true,,174,164,3,3,http://localhost:8080/arcos/proceso/1,35,0,0
1775334324426,33,GET /empleados,200,,Thread Group 1-23,text,true,,174,158,3,3,http://localhost:8080/empleados,33,0,0
1775334324459,40,GET /arcos,200,,Thread Group 1-22,text,true,,174,164,3,3,http://localhost:8080/arcos/proceso/1,40,0,0
1775334324459,40,GET /roles,200,,Thread Group 1-23,text,true,,174,154,3,3,http://localhost:8080/roles,40,0,0
1775334324499,37,GET /gateways,200,,Thread Group 1-23,text,true,,174,167,3,3,http://localhost:8080/gateways/proceso/1,37,0,0
1775334324459,107,POST /empresas,200,,Thread Group 1-21,text,true,,235,302,3,3,http://localhost:8080/empresas,107,0,0
1775334324536,30,GET /arcos,200,,Thread Group 1-23,text,true,,174,164,3,3,http://localhost:8080/arcos/proceso/1,30,0,0
1775334324499,103,POST /empresas,200,,Thread Group 1-22,text,true,,235,302,2,2,http://localhost:8080/empresas,103,0,0
1775334324567,70,POST /empresas,200,,Thread Group 1-23,text,true,,235,302,2,2,http://localhost:8080/empresas,69,0,0
1775334324602,37,GET /empresas,200,,Thread Group 1-22,text,true,,51281,157,2,2,http://localhost:8080/empresas,36,0,0
1775334324639,16,GET /empleados,200,,Thread Group 1-22,text,true,,174,158,2,2,http://localhost:8080/empleados,16,0,0
1775334324655,18,GET /roles,200,,Thread Group 1-22,text,true,,174,154,2,2,http://localhost:8080/roles,18,0,0
1775334324637,38,GET /empresas,200,,Thread Group 1-23,text,true,,51344,157,2,2,http://localhost:8080/empresas,38,0,0
1775334324673,23,GET /gateways,200,,Thread Group 1-22,text,true,,174,167,3,3,http://localhost:8080/gateways/proceso/1,23,0,0
1775334324675,21,GET /empleados,200,,Thread Group 1-23,text,true,,174,158,3,3,http://localhost:8080/empleados,21,0,0
1775334324679,23,GET /empresas,200,,Thread Group 1-24,text,true,,51344,157,3,3,http://localhost:8080/empresas,22,0,1
1775334324699,37,GET /arcos,200,,Thread Group 1-22,text,true,,174,164,3,3,http://localhost:8080/arcos/proceso/1,37,0,0
1775334324702,34,GET /empleados,200,,Thread Group 1-24,text,true,,174,158,3,3,http://localhost:8080/empleados,34,0,0
1775334324699,37,GET /roles,200,,Thread Group 1-23,text,true,,174,154,3,3,http://localhost:8080/roles,37,0,0
1775334324736,35,GET /roles,200,,Thread Group 1-24,text,true,,174,154,3,3,http://localhost:8080/roles,35,0,0
1775334324736,35,GET /gateways,200,,Thread Group 1-23,text,true,,174,167,3,3,http://localhost:8080/gateways/proceso/1,35,0,0
1775334324771,35,GET /gateways,200,,Thread Group 1-24,text,true,,174,167,3,3,http://localhost:8080/gateways/proceso/1,35,0,0
1775334324771,35,GET /arcos,200,,Thread Group 1-23,text,true,,174,164,3,3,http://localhost:8080/arcos/proceso/1,35,0,0
1775334324806,35,GET /arcos,200,,Thread Group 1-24,text,true,,174,164,3,3,http://localhost:8080/arcos/proceso/1,35,0,0
1775334324736,130,POST /empresas,200,,Thread Group 1-22,text,true,,235,302,3,3,http://localhost:8080/empresas,130,0,0
1775334324806,92,POST /empresas,200,,Thread Group 1-23,text,true,,235,302,2,2,http://localhost:8080/empresas,92,0,0
1775334324842,99,POST /empresas,200,,Thread Group 1-24,text,true,,235,302,2,2,http://localhost:8080/empresas,99,0,0
1775334324898,44,GET /empresas,200,,Thread Group 1-23,text,true,,51470,157,2,2,http://localhost:8080/empresas,44,0,0
1775334324942,20,GET /empleados,200,,Thread Group 1-23,text,true,,174,158,2,2,http://localhost:8080/empleados,20,0,0
1775334324962,19,GET /roles,200,,Thread Group 1-23,text,true,,174,154,2,2,http://localhost:8080/roles,19,0,0
1775334324941,42,GET /empresas,200,,Thread Group 1-24,text,true,,51533,157,3,3,http://localhost:8080/empresas,42,0,0
1775334324981,23,GET /gateways,200,,Thread Group 1-23,text,true,,174,167,3,3,http://localhost:8080/gateways/proceso/1,23,0,0
1775334324983,21,GET /empleados,200,,Thread Group 1-24,text,true,,174,158,3,3,http://localhost:8080/empleados,21,0,0
1775334324984,34,GET /empresas,200,,Thread Group 1-25,text,true,,51533,157,3,3,http://localhost:8080/empresas,34,0,0
1775334325005,34,GET /arcos,200,,Thread Group 1-23,text,true,,174,164,3,3,http://localhost:8080/arcos/proceso/1,34,0,0
1775334325005,34,GET /roles,200,,Thread Group 1-24,text,true,,174,154,3,3,http://localhost:8080/roles,34,0,0
1775334325018,21,GET /empleados,200,,Thread Group 1-25,text,true,,174,158,3,3,http://localhost:8080/empleados,21,0,0
1775334325039,38,GET /roles,200,,Thread Group 1-25,text,true,,174,154,3,3,http://localhost:8080/roles,38,0,0
1775334325039,38,GET /gateways,200,,Thread Group 1-24,text,true,,174,167,3,3,http://localhost:8080/gateways/proceso/1,38,0,0
1775334325078,39,GET /gateways,200,,Thread Group 1-25,text,true,,174,167,3,3,http://localhost:8080/gateways/proceso/1,39,0,0
1775334325078,39,GET /arcos,200,,Thread Group 1-24,text,true,,174,164,3,3,http://localhost:8080/arcos/proceso/1,39,0,0
1775334325039,115,POST /empresas,200,,Thread Group 1-23,text,true,,235,302,3,3,http://localhost:8080/empresas,114,0,0
1775334325117,37,GET /arcos,200,,Thread Group 1-25,text,true,,174,164,3,3,http://localhost:8080/arcos/proceso/1,37,0,0
1775334325117,104,POST /empresas,200,,Thread Group 1-24,text,true,,235,302,2,2,http://localhost:8080/empresas,104,0,0
1775334325154,83,POST /empresas,200,,Thread Group 1-25,text,true,,235,302,2,2,http://localhost:8080/empresas,83,0,0
1775334325221,33,GET /empresas,200,,Thread Group 1-24,text,true,,51722,157,2,2,http://localhost:8080/empresas,33,0,0
1775334325255,19,GET /empleados,200,,Thread Group 1-24,text,true,,174,158,2,2,http://localhost:8080/empleados,18,0,0
1775334325237,39,GET /empresas,200,,Thread Group 1-25,text,true,,51722,157,2,2,http://localhost:8080/empresas,39,0,0
1775334325274,28,GET /roles,200,,Thread Group 1-24,text,true,,174,154,3,3,http://localhost:8080/roles,28,0,0
1775334325276,26,GET /empleados,200,,Thread Group 1-25,text,true,,174,158,3,3,http://localhost:8080/empleados,26,0,0
1775334325283,28,GET /empresas,200,,Thread Group 1-26,text,true,,51722,157,3,3,http://localhost:8080/empresas,24,0,1
1775334325303,37,GET /gateways,200,,Thread Group 1-24,text,true,,174,167,3,3,http://localhost:8080/gateways/proceso/1,37,0,0
1775334325303,37,GET /roles,200,,Thread Group 1-25,text,true,,174,154,3,3,http://localhost:8080/roles,37,0,0
1775334325311,29,GET /empleados,200,,Thread Group 1-26,text,true,,174,158,3,3,http://localhost:8080/empleados,29,0,0
1775334325340,36,GET /roles,200,,Thread Group 1-26,text,true,,174,154,3,3,http://localhost:8080/roles,36,0,0
1775334325340,36,GET /gateways,200,,Thread Group 1-25,text,true,,174,167,3,3,http://localhost:8080/gateways/proceso/1,36,0,0
1775334325340,36,GET /arcos,200,,Thread Group 1-24,text,true,,174,164,3,3,http://localhost:8080/arcos/proceso/1,36,0,0
1775334325376,32,GET /arcos,200,,Thread Group 1-25,text,true,,174,164,3,3,http://localhost:8080/arcos/proceso/1,32,0,0
1775334325376,32,GET /gateways,200,,Thread Group 1-26,text,true,,174,167,3,3,http://localhost:8080/gateways/proceso/1,32,0,0
1775334325408,33,GET /arcos,200,,Thread Group 1-26,text,true,,174,164,3,3,http://localhost:8080/arcos/proceso/1,33,0,0
1775334325376,98,POST /empresas,200,,Thread Group 1-24,text,true,,235,302,3,3,http://localhost:8080/empresas,98,0,0
1775334325408,104,POST /empresas,200,,Thread Group 1-25,text,true,,235,302,2,2,http://localhost:8080/empresas,104,0,0
1775334325512,43,GET /empresas,200,,Thread Group 1-25,text,true,,51848,157,2,2,http://localhost:8080/empresas,43,0,0
1775334325555,29,GET /empleados,200,,Thread Group 1-25,text,true,,174,158,3,3,http://localhost:8080/empleados,29,0,0
1775334325441,143,POST /empresas,200,,Thread Group 1-26,text,true,,235,302,3,3,http://localhost:8080/empresas,143,0,0
1775334325584,18,GET /roles,200,,Thread Group 1-25,text,true,,174,154,3,3,http://localhost:8080/roles,17,0,0
1775334325580,27,GET /empresas,200,,Thread Group 1-27,text,true,,51911,157,3,3,http://localhost:8080/empresas,26,0,0
1775334325602,19,GET /gateways,200,,Thread Group 1-25,text,true,,174,167,3,3,http://localhost:8080/gateways/proceso/1,19,0,0
1775334325584,39,GET /empresas,200,,Thread Group 1-26,text,true,,51911,157,3,3,http://localhost:8080/empresas,39,0,0
1775334325621,22,GET /arcos,200,,Thread Group 1-25,text,true,,174,164,3,3,http://localhost:8080/arcos/proceso/1,22,0,0
1775334325607,36,GET /empleados,200,,Thread Group 1-27,text,true,,174,158,3,3,http://localhost:8080/empleados,36,0,0
1775334325623,20,GET /empleados,200,,Thread Group 1-26,text,true,,174,158,3,3,http://localhost:8080/empleados,20,0,0
1775334325643,34,GET /roles,200,,Thread Group 1-27,text,true,,174,154,3,3,http://localhost:8080/roles,34,0,0
1775334325643,34,GET /roles,200,,Thread Group 1-26,text,true,,174,154,3,3,http://localhost:8080/roles,34,0,0
1775334325677,32,GET /gateways,200,,Thread Group 1-26,text,true,,174,167,3,3,http://localhost:8080/gateways/proceso/1,32,0,0
1775334325677,32,GET /gateways,200,,Thread Group 1-27,text,true,,174,167,3,3,http://localhost:8080/gateways/proceso/1,32,0,0
1775334325643,100,POST /empresas,200,,Thread Group 1-25,text,true,,235,302,3,3,http://localhost:8080/empresas,100,0,0
1775334325710,33,GET /arcos,200,,Thread Group 1-27,text,true,,174,164,3,3,http://localhost:8080/arcos/proceso/1,33,0,0
1775334325709,34,GET /arcos,200,,Thread Group 1-26,text,true,,174,164,3,3,http://localhost:8080/arcos/proceso/1,34,0,0
1775334325744,103,POST /empresas,200,,Thread Group 1-26,text,true,,235,302,2,2,http://localhost:8080/empresas,103,0,0
1775334325744,103,POST /empresas,200,,Thread Group 1-27,text,true,,235,302,2,2,http://localhost:8080/empresas,103,0,0
1775334325847,49,GET /empresas,200,,Thread Group 1-27,text,true,,52038,157,3,3,http://localhost:8080/empresas,48,0,0
1775334325847,49,GET /empresas,200,,Thread Group 1-26,text,true,,52038,157,3,3,http://localhost:8080/empresas,49,0,0
1775334325896,14,GET /empleados,200,,Thread Group 1-27,text,true,,174,158,3,3,http://localhost:8080/empleados,14,0,0
1775334325880,33,GET /empresas,200,,Thread Group 1-28,text,true,,52038,157,3,3,http://localhost:8080/empresas,33,0,1
1775334325914,17,GET /empleados,200,,Thread Group 1-28,text,true,,174,158,3,3,http://localhost:8080/empleados,17,0,0
1775334325910,21,GET /roles,200,,Thread Group 1-27,text,true,,174,154,3,3,http://localhost:8080/roles,21,0,0
1775334325896,35,GET /empleados,200,,Thread Group 1-26,text,true,,174,158,3,3,http://localhost:8080/empleados,35,0,0
1775334325932,39,GET /gateways,200,,Thread Group 1-27,text,true,,174,167,3,3,http://localhost:8080/gateways/proceso/1,39,0,0
1775334325932,39,GET /roles,200,,Thread Group 1-26,text,true,,174,154,3,3,http://localhost:8080/roles,39,0,0
1775334325932,39,GET /roles,200,,Thread Group 1-28,text,true,,174,154,3,3,http://localhost:8080/roles,39,0,0
1775334325971,35,GET /gateways,200,,Thread Group 1-26,text,true,,174,167,3,3,http://localhost:8080/gateways/proceso/1,35,0,0
1775334325971,35,GET /gateways,200,,Thread Group 1-28,text,true,,174,167,3,3,http://localhost:8080/gateways/proceso/1,35,0,0
1775334325971,35,GET /arcos,200,,Thread Group 1-27,text,true,,174,164,3,3,http://localhost:8080/arcos/proceso/1,35,0,0
1775334326006,36,GET /arcos,200,,Thread Group 1-26,text,true,,174,164,3,3,http://localhost:8080/arcos/proceso/1,36,0,0
1775334326006,36,GET /arcos,200,,Thread Group 1-28,text,true,,174,164,3,3,http://localhost:8080/arcos/proceso/1,36,0,0
1775334326006,106,POST /empresas,200,,Thread Group 1-27,text,true,,235,302,3,3,http://localhost:8080/empresas,106,0,0
1775334326042,94,POST /empresas,200,,Thread Group 1-28,text,true,,235,302,3,3,http://localhost:8080/empresas,93,0,0
1775334326042,94,POST /empresas,200,,Thread Group 1-26,text,true,,235,302,3,3,http://localhost:8080/empresas,93,0,0
1775334326112,46,GET /empresas,200,,Thread Group 1-27,text,true,,52101,157,2,2,http://localhost:8080/empresas,46,0,0
1775334326136,25,GET /empresas,200,,Thread Group 1-28,text,true,,52227,157,2,2,http://localhost:8080/empresas,25,0,0
1775334326158,38,GET /empleados,200,,Thread Group 1-27,text,true,,174,158,3,3,http://localhost:8080/empleados,38,0,0
1775334326161,35,GET /empleados,200,,Thread Group 1-28,text,true,,174,158,3,3,http://localhost:8080/empleados,35,0,0
1775334326201,19,GET /roles,200,,Thread Group 1-28,text,true,,174,154,3,3,http://localhost:8080/roles,19,0,0
1775334326201,19,GET /roles,200,,Thread Group 1-27,text,true,,174,154,3,3,http://localhost:8080/roles,19,0,0
1775334326179,44,GET /empresas,200,,Thread Group 1-29,text,true,,52227,157,3,3,http://localhost:8080/empresas,43,0,1
1775334326221,37,GET /gateways,200,,Thread Group 1-28,text,true,,174,167,3,3,http://localhost:8080/gateways/proceso/1,37,0,0
1775334326221,37,GET /gateways,200,,Thread Group 1-27,text,true,,174,167,3,3,http://localhost:8080/gateways/proceso/1,37,0,0
1775334326223,35,GET /empleados,200,,Thread Group 1-29,text,true,,174,158,3,3,http://localhost:8080/empleados,35,0,0
1775334326258,34,GET /arcos,200,,Thread Group 1-27,text,true,,174,164,3,3,http://localhost:8080/arcos/proceso/1,34,0,0
1775334326258,34,GET /arcos,200,,Thread Group 1-28,text,true,,174,164,3,3,http://localhost:8080/arcos/proceso/1,34,0,0
1775334326258,34,GET /roles,200,,Thread Group 1-29,text,true,,174,154,3,3,http://localhost:8080/roles,34,0,0
1775334326293,32,GET /gateways,200,,Thread Group 1-29,text,true,,174,167,3,3,http://localhost:8080/gateways/proceso/1,32,0,0
1775334326326,32,GET /arcos,200,,Thread Group 1-29,text,true,,174,164,3,3,http://localhost:8080/arcos/proceso/1,32,0,0
1775334326292,104,POST /empresas,200,,Thread Group 1-27,text,true,,235,302,3,3,http://localhost:8080/empresas,104,0,0
1775334326292,104,POST /empresas,200,,Thread Group 1-28,text,true,,235,302,3,3,http://localhost:8080/empresas,104,0,0
1775334326396,27,GET /empresas,200,,Thread Group 1-28,text,true,,52353,157,2,2,http://localhost:8080/empresas,26,0,0
1775334326359,91,POST /empresas,200,,Thread Group 1-29,text,true,,235,302,2,2,http://localhost:8080/empresas,91,0,0
1775334326423,27,GET /empleados,200,,Thread Group 1-28,text,true,,174,158,2,2,http://localhost:8080/empleados,27,0,0
1775334326451,25,GET /roles,200,,Thread Group 1-28,text,true,,174,154,2,2,http://localhost:8080/roles,25,0,0
1775334326451,27,GET /empresas,200,,Thread Group 1-29,text,true,,52416,157,2,2,http://localhost:8080/empresas,26,0,0
1775334326476,26,GET /gateways,200,,Thread Group 1-28,text,true,,174,167,3,3,http://localhost:8080/gateways/proceso/1,26,0,0
1775334326478,24,GET /empleados,200,,Thread Group 1-29,text,true,,174,158,3,3,http://localhost:8080/empleados,24,0,0
1775334326503,23,GET /roles,200,,Thread Group 1-29,text,true,,174,154,3,3,http://localhost:8080/roles,23,0,0
1775334326503,23,GET /arcos,200,,Thread Group 1-28,text,true,,174,164,3,3,http://localhost:8080/arcos/proceso/1,23,0,0
1775334326480,47,GET /empresas,200,,Thread Group 1-30,text,true,,52416,157,3,3,http://localhost:8080/empresas,46,0,0
1775334326527,30,GET /empleados,200,,Thread Group 1-30,text,true,,174,158,3,3,http://localhost:8080/empleados,30,0,0
1775334326526,32,GET /gateways,200,,Thread Group 1-29,text,true,,174,167,3,3,http://localhost:8080/gateways/proceso/1,31,0,0
1775334326558,30,GET /arcos,200,,Thread Group 1-29,text,true,,174,164,3,3,http://localhost:8080/arcos/proceso/1,30,0,0
1775334326558,30,GET /roles,200,,Thread Group 1-30,text,true,,174,154,3,3,http://localhost:8080/roles,30,0,0
1775334326526,97,POST /empresas,200,,Thread Group 1-28,text,true,,235,302,3,3,http://localhost:8080/empresas,97,0,0
1775334326588,36,GET /gateways,200,,Thread Group 1-30,text,true,,174,167,3,3,http://localhost:8080/gateways/proceso/1,35,0,0
1775334326624,35,GET /arcos,200,,Thread Group 1-30,text,true,,174,164,2,2,http://localhost:8080/arcos/proceso/1,35,0,0
1775334326588,105,POST /empresas,200,,Thread Group 1-29,text,true,,235,302,2,2,http://localhost:8080/empresas,105,0,0
1775334326693,26,GET /empresas,200,,Thread Group 1-29,text,true,,52542,157,2,2,http://localhost:8080/empresas,26,0,0
1775334326719,28,GET /empleados,200,,Thread Group 1-29,text,true,,174,158,2,2,http://localhost:8080/empleados,28,0,0
1775334326659,88,POST /empresas,200,,Thread Group 1-30,text,true,,235,302,2,2,http://localhost:8080/empresas,88,0,0
1775334326747,19,GET /roles,200,,Thread Group 1-29,text,true,,174,154,2,2,http://localhost:8080/roles,18,0,0
1775334326747,24,GET /empresas,200,,Thread Group 1-30,text,true,,52605,157,2,2,http://localhost:8080/empresas,24,0,0
1775334326771,30,GET /empleados,200,,Thread Group 1-30,text,true,,174,158,3,3,http://localhost:8080/empleados,30,0,0
1775334326766,35,GET /gateways,200,,Thread Group 1-29,text,true,,174,167,3,3,http://localhost:8080/gateways/proceso/1,35,0,0
1775334326801,21,GET /roles,200,,Thread Group 1-30,text,true,,174,154,3,3,http://localhost:8080/roles,21,0,0
1775334326801,21,GET /arcos,200,,Thread Group 1-29,text,true,,174,164,3,3,http://localhost:8080/arcos/proceso/1,21,0,0
1775334326780,45,GET /empresas,200,,Thread Group 1-31,text,true,,52605,157,3,3,http://localhost:8080/empresas,44,0,0
1775334326823,33,GET /gateways,200,,Thread Group 1-30,text,true,,174,167,3,3,http://localhost:8080/gateways/proceso/1,33,0,0
1775334326825,31,GET /empleados,200,,Thread Group 1-31,text,true,,174,158,3,3,http://localhost:8080/empleados,31,0,0
1775334326856,35,GET /roles,200,,Thread Group 1-31,text,true,,174,154,3,3,http://localhost:8080/roles,35,0,0
1775334326856,35,GET /arcos,200,,Thread Group 1-30,text,true,,174,164,3,3,http://localhost:8080/arcos/proceso/1,35,0,0
1775334326823,105,POST /empresas,200,,Thread Group 1-29,text,true,,235,302,3,3,http://localhost:8080/empresas,105,0,0
1775334326891,37,GET /gateways,200,,Thread Group 1-31,text,true,,174,167,3,3,http://localhost:8080/gateways/proceso/1,37,0,0
1775334326929,33,GET /arcos,200,,Thread Group 1-31,text,true,,174,164,2,2,http://localhost:8080/arcos/proceso/1,33,0,0
1775334326891,105,POST /empresas,200,,Thread Group 1-30,text,true,,235,302,2,2,http://localhost:8080/empresas,105,0,0
1775334326997,26,GET /empresas,200,,Thread Group 1-30,text,true,,52731,157,2,2,http://localhost:8080/empresas,26,0,0
1775334327023,27,GET /empleados,200,,Thread Group 1-30,text,true,,174,158,2,2,http://localhost:8080/empleados,27,0,0
1775334326962,88,POST /empresas,200,,Thread Group 1-31,text,true,,235,302,2,2,http://localhost:8080/empresas,88,0,0
1775334327050,20,GET /roles,200,,Thread Group 1-30,text,true,,174,154,2,2,http://localhost:8080/roles,20,0,0
1775334327050,37,GET /empresas,200,,Thread Group 1-31,text,true,,52794,157,3,3,http://localhost:8080/empresas,36,0,0
1775334327070,33,GET /gateways,200,,Thread Group 1-30,text,true,,174,167,3,3,http://localhost:8080/gateways/proceso/1,33,0,0
1775334327081,24,GET /empresas,200,,Thread Group 1-32,text,true,,52794,157,3,3,http://localhost:8080/empresas,24,0,1
1775334327104,23,GET /arcos,200,,Thread Group 1-30,text,true,,174,164,3,3,http://localhost:8080/arcos/proceso/1,23,0,0
1775334327106,21,GET /empleados,200,,Thread Group 1-32,text,true,,174,158,3,3,http://localhost:8080/empleados,21,0,0
1775334327087,40,GET /empleados,200,,Thread Group 1-31,text,true,,174,158,3,3,http://localhost:8080/empleados,40,0,0
1775334327127,35,GET /roles,200,,Thread Group 1-31,text,true,,174,154,3,3,http://localhost:8080/roles,35,0,0
1775334327127,35,GET /roles,200,,Thread Group 1-32,text,true,,174,154,3,3,http://localhost:8080/roles,35,0,0
1775334327163,39,GET /gateways,200,,Thread Group 1-31,text,true,,174,167,3,3,http://localhost:8080/gateways/proceso/1,39,0,0
1775334327163,39,GET /gateways,200,,Thread Group 1-32,text,true,,174,167,3,3,http://localhost:8080/gateways/proceso/1,39,0,0
1775334327202,35,GET /arcos,200,,Thread Group 1-31,text,true,,174,164,3,3,http://localhost:8080/arcos/proceso/1,35,0,0
1775334327202,35,GET /arcos,200,,Thread Group 1-32,text,true,,174,164,3,3,http://localhost:8080/arcos/proceso/1,35,0,0
1775334327127,110,POST /empresas,200,,Thread Group 1-30,text,true,,235,302,3,3,http://localhost:8080/empresas,110,0,0
1775334327237,103,POST /empresas,200,,Thread Group 1-31,text,true,,235,302,2,2,http://localhost:8080/empresas,103,0,0
1775334327237,103,POST /empresas,200,,Thread Group 1-32,text,true,,235,302,2,2,http://localhost:8080/empresas,103,0,0
1775334327340,26,GET /empresas,200,,Thread Group 1-32,text,true,,52983,157,2,2,http://localhost:8080/empresas,25,0,0
1775334327366,20,GET /empleados,200,,Thread Group 1-32,text,true,,174,158,3,3,http://localhost:8080/empleados,20,0,0
1775334327340,48,GET /empresas,200,,Thread Group 1-31,text,true,,52983,157,3,3,http://localhost:8080/empresas,48,0,0
1775334327386,18,GET /roles,200,,Thread Group 1-32,text,true,,174,154,3,3,http://localhost:8080/roles,18,0,0
1775334327388,16,GET /empleados,200,,Thread Group 1-31,text,true,,174,158,3,3,http://localhost:8080/empleados,16,0,0
1775334327404,19,GET /roles,200,,Thread Group 1-31,text,true,,174,154,3,3,http://localhost:8080/roles,18,0,0
1775334327404,19,GET /gateways,200,,Thread Group 1-32,text,true,,174,167,3,3,http://localhost:8080/gateways/proceso/1,19,0,0
1775334327381,44,GET /empresas,200,,Thread Group 1-33,text,true,,52983,157,3,3,http://localhost:8080/empresas,43,0,0
1775334327425,32,GET /empleados,200,,Thread Group 1-33,text,true,,174,158,3,3,http://localhost:8080/empleados,32,0,0
1775334327423,34,GET /gateways,200,,Thread Group 1-31,text,true,,174,167,3,3,http://localhost:8080/gateways/proceso/1,34,0,0
1775334327423,34,GET /arcos,200,,Thread Group 1-32,text,true,,174,164,3,3,http://localhost:8080/arcos/proceso/1,34,0,0
1775334327458,36,GET /arcos,200,,Thread Group 1-31,text,true,,174,164,3,3,http://localhost:8080/arcos/proceso/1,36,0,0
1775334327458,36,GET /roles,200,,Thread Group 1-33,text,true,,174,154,3,3,http://localhost:8080/roles,36,0,0
1775334327494,36,GET /gateways,200,,Thread Group 1-33,text,true,,174,167,3,3,http://localhost:8080/gateways/proceso/1,36,0,0
1775334327458,106,POST /empresas,200,,Thread Group 1-32,text,true,,235,302,3,3,http://localhost:8080/empresas,106,0,0
1775334327531,33,GET /arcos,200,,Thread Group 1-33,text,true,,174,164,3,3,http://localhost:8080/arcos/proceso/1,33,0,0
1775334327494,88,POST /empresas,200,,Thread Group 1-31,text,true,,235,302,3,3,http://localhost:8080/empresas,88,0,0
1775334327564,42,GET /empresas,200,,Thread Group 1-32,text,true,,53046,157,2,2,http://localhost:8080/empresas,42,0,0
1775334327606,38,GET /empleados,200,,Thread Group 1-32,text,true,,174,158,2,2,http://localhost:8080/empleados,38,0,0
1775334327564,80,POST /empresas,200,,Thread Group 1-33,text,true,,235,302,2,2,http://localhost:8080/empresas,80,0,0
1775334327644,18,GET /roles,200,,Thread Group 1-32,text,true,,174,154,2,2,http://localhost:8080/roles,18,0,0
1775334327644,27,GET /empresas,200,,Thread Group 1-33,text,true,,53172,157,2,2,http://localhost:8080/empresas,27,0,0
1775334327662,37,GET /gateways,200,,Thread Group 1-32,text,true,,174,167,3,3,http://localhost:8080/gateways/proceso/1,37,0,0
1775334327672,27,GET /empleados,200,,Thread Group 1-33,text,true,,174,158,3,3,http://localhost:8080/empleados,27,0,0
1775334327702,20,GET /roles,200,,Thread Group 1-33,text,true,,174,154,3,3,http://localhost:8080/roles,20,0,0
1775334327702,20,GET /arcos,200,,Thread Group 1-32,text,true,,174,164,3,3,http://localhost:8080/arcos/proceso/1,20,0,0
1775334327681,44,GET /empresas,200,,Thread Group 1-34,text,true,,53172,157,3,3,http://localhost:8080/empresas,43,0,0
1775334327725,32,GET /empleados,200,,Thread Group 1-34,text,true,,174,158,3,3,http://localhost:8080/empleados,32,0,0
1775334327722,35,GET /gateways,200,,Thread Group 1-33,text,true,,174,167,3,3,http://localhost:8080/gateways/proceso/1,35,0,0
1775334327757,36,GET /roles,200,,Thread Group 1-34,text,true,,174,154,3,3,http://localhost:8080/roles,36,0,0
1775334327757,36,GET /arcos,200,,Thread Group 1-33,text,true,,174,164,3,3,http://localhost:8080/arcos/proceso/1,36,0,0
1775334327722,108,POST /empresas,200,,Thread Group 1-32,text,true,,235,302,3,3,http://localhost:8080/empresas,108,0,0
1775334327794,36,GET /gateways,200,,Thread Group 1-34,text,true,,174,167,3,3,http://localhost:8080/gateways/proceso/1,36,0,0
1775334327830,35,GET /arcos,200,,Thread Group 1-34,text,true,,174,164,2,2,http://localhost:8080/arcos/proceso/1,35,0,0
1775334327794,111,POST /empresas,200,,Thread Group 1-33,text,true,,235,302,2,2,http://localhost:8080/empresas,111,0,0
1775334327905,32,GET /empresas,200,,Thread Group 1-33,text,true,,53298,157,2,2,http://localhost:8080/empresas,32,0,0
1775334327937,24,GET /empleados,200,,Thread Group 1-33,text,true,,174,158,2,2,http://localhost:8080/empleados,24,0,0
1775334327865,96,POST /empresas,200,,Thread Group 1-34,text,true,,235,302,2,2,http://localhost:8080/empresas,96,0,0
1775334327962,18,GET /roles,200,,Thread Group 1-33,text,true,,174,154,3,3,http://localhost:8080/roles,18,0,0
1775334327962,27,GET /empresas,200,,Thread Group 1-34,text,true,,53361,157,3,3,http://localhost:8080/empresas,26,0,0
1775334327980,19,GET /gateways,200,,Thread Group 1-33,text,true,,174,167,3,3,http://localhost:8080/gateways/proceso/1,19,0,0
1775334327980,24,GET /empresas,200,,Thread Group 1-35,text,true,,53361,157,3,3,http://localhost:8080/empresas,24,0,1
1775334327999,22,GET /arcos,200,,Thread Group 1-33,text,true,,174,164,3,3,http://localhost:8080/arcos/proceso/1,22,0,0
1775334328004,17,GET /empleados,200,,Thread Group 1-35,text,true,,174,158,3,3,http://localhost:8080/empleados,17,0,0
1775334327989,32,GET /empleados,200,,Thread Group 1-34,text,true,,174,158,3,3,http://localhost:8080/empleados,32,0,0
1775334328022,41,GET /roles,200,,Thread Group 1-34,text,true,,174,154,3,3,http://localhost:8080/roles,41,0,0
1775334328022,41,GET /roles,200,,Thread Group 1-35,text,true,,174,154,3,3,http://localhost:8080/roles,41,0,0
1775334328064,33,GET /gateways,200,,Thread Group 1-35,text,true,,174,167,3,3,http://localhost:8080/gateways/proceso/1,33,0,0
1775334328064,33,GET /gateways,200,,Thread Group 1-34,text,true,,174,167,3,3,http://localhost:8080/gateways/proceso/1,33,0,0
1775334328022,109,POST /empresas,200,,Thread Group 1-33,text,true,,235,302,3,3,http://localhost:8080/empresas,109,0,0
1775334328097,34,GET /arcos,200,,Thread Group 1-34,text,true,,174,164,3,3,http://localhost:8080/arcos/proceso/1,34,0,0
1775334328097,34,GET /arcos,200,,Thread Group 1-35,text,true,,174,164,3,3,http://localhost:8080/arcos/proceso/1,34,0,0
1775334328131,105,POST /empresas,200,,Thread Group 1-34,text,true,,235,302,2,2,http://localhost:8080/empresas,105,0,0
1775334328131,106,POST /empresas,200,,Thread Group 1-35,text,true,,235,302,2,2,http://localhost:8080/empresas,106,0,0
1775334328237,46,GET /empresas,200,,Thread Group 1-34,text,true,,53551,157,3,3,http://localhost:8080/empresas,45,0,0
1775334328237,46,GET /empresas,200,,Thread Group 1-35,text,true,,53551,157,3,3,http://localhost:8080/empresas,45,0,0
1775334328283,19,GET /empleados,200,,Thread Group 1-35,text,true,,174,158,3,3,http://localhost:8080/empleados,19,0,0
1775334328283,19,GET /empleados,200,,Thread Group 1-34,text,true,,174,158,3,3,http://localhost:8080/empleados,19,0,0
1775334328302,33,GET /roles,200,,Thread Group 1-35,text,true,,174,154,3,3,http://localhost:8080/roles,33,0,0
1775334328302,33,GET /roles,200,,Thread Group 1-34,text,true,,174,154,3,3,http://localhost:8080/roles,33,0,0
1775334328281,56,GET /empresas,200,,Thread Group 1-36,text,true,,53551,157,3,3,http://localhost:8080/empresas,56,0,0
1775334328335,36,GET /gateways,200,,Thread Group 1-34,text,true,,174,167,3,3,http://localhost:8080/gateways/proceso/1,36,0,0
1775334328337,34,GET /empleados,200,,Thread Group 1-36,text,true,,174,158,3,3,http://localhost:8080/empleados,34,0,0
1775334328335,36,GET /gateways,200,,Thread Group 1-35,text,true,,174,167,3,3,http://localhost:8080/gateways/proceso/1,36,0,0
1775334328371,34,GET /roles,200,,Thread Group 1-36,text,true,,174,154,3,3,http://localhost:8080/roles,34,0,0
1775334328371,34,GET /arcos,200,,Thread Group 1-34,text,true,,174,164,3,3,http://localhost:8080/arcos/proceso/1,34,0,0
1775334328371,34,GET /arcos,200,,Thread Group 1-35,text,true,,174,164,3,3,http://localhost:8080/arcos/proceso/1,34,0,0
1775334328405,31,GET /gateways,200,,Thread Group 1-36,text,true,,174,167,3,3,http://localhost:8080/gateways/proceso/1,31,0,0
1775334328436,30,GET /arcos,200,,Thread Group 1-36,text,true,,174,164,3,3,http://localhost:8080/arcos/proceso/1,30,0,0
1775334328405,96,POST /empresas,200,,Thread Group 1-35,text,true,,235,302,3,3,http://localhost:8080/empresas,96,0,0
1775334328405,96,POST /empresas,200,,Thread Group 1-34,text,true,,235,302,3,3,http://localhost:8080/empresas,96,0,0
1775334328466,80,POST /empresas,200,,Thread Group 1-36,text,true,,235,302,2,2,http://localhost:8080/empresas,80,0,0
1775334328501,46,GET /empresas,200,,Thread Group 1-35,text,true,,53677,157,2,2,http://localhost:8080/empresas,46,0,0
1775334328547,25,GET /empleados,200,,Thread Group 1-35,text,true,,174,158,2,2,http://localhost:8080/empleados,25,0,0
1775334328572,23,GET /roles,200,,Thread Group 1-35,text,true,,174,154,3,3,http://localhost:8080/roles,22,0,0
1775334328547,50,GET /empresas,200,,Thread Group 1-36,text,true,,53740,157,3,3,http://localhost:8080/empresas,50,0,0
1775334328580,30,GET /empresas,200,,Thread Group 1-37,text,true,,53740,157,3,3,http://localhost:8080/empresas,30,0,1
1775334328610,18,GET /empleados,200,,Thread Group 1-37,text,true,,174,158,3,3,http://localhost:8080/empleados,18,0,0
1775334328595,33,GET /gateways,200,,Thread Group 1-35,text,true,,174,167,3,3,http://localhost:8080/gateways/proceso/1,33,0,0
1775334328597,31,GET /empleados,200,,Thread Group 1-36,text,true,,174,158,3,3,http://localhost:8080/empleados,31,0,0
1775334328628,36,GET /roles,200,,Thread Group 1-36,text,true,,174,154,3,3,http://localhost:8080/roles,36,0,0
1775334328628,36,GET /arcos,200,,Thread Group 1-35,text,true,,174,164,3,3,http://localhost:8080/arcos/proceso/1,36,0,0
1775334328628,36,GET /roles,200,,Thread Group 1-37,text,true,,174,154,3,3,http://localhost:8080/roles,36,0,0
1775334328664,36,GET /gateways,200,,Thread Group 1-37,text,true,,174,167,3,3,http://localhost:8080/gateways/proceso/1,36,0,0
1775334328664,36,GET /gateways,200,,Thread Group 1-36,text,true,,174,167,3,3,http://localhost:8080/gateways/proceso/1,36,0,0
1775334328700,35,GET /arcos,200,,Thread Group 1-37,text,true,,174,164,3,3,http://localhost:8080/arcos/proceso/1,35,0,0
1775334328700,35,GET /arcos,200,,Thread Group 1-36,text,true,,174,164,3,3,http://localhost:8080/arcos/proceso/1,35,0,0
1775334328664,104,POST /empresas,200,,Thread Group 1-35,text,true,,235,302,3,3,http://localhost:8080/empresas,104,0,0
1775334328735,103,POST /empresas,200,,Thread Group 1-37,text,true,,235,302,2,2,http://localhost:8080/empresas,103,0,0
1775334328735,103,POST /empresas,200,,Thread Group 1-36,text,true,,235,302,2,2,http://localhost:8080/empresas,103,0,0
1775334328838,27,GET /empresas,200,,Thread Group 1-37,text,true,,53929,157,2,2,http://localhost:8080/empresas,27,0,0
1775334328838,27,GET /empresas,200,,Thread Group 1-36,text,true,,53929,157,2,2,http://localhost:8080/empresas,27,0,0
1775334328866,37,GET /empleados,200,,Thread Group 1-36,text,true,,174,158,3,3,http://localhost:8080/empleados,37,0,0
1775334328866,37,GET /empleados,200,,Thread Group 1-37,text,true,,174,158,3,3,http://localhost:8080/empleados,37,0,0
1775334328903,26,GET /roles,200,,Thread Group 1-37,text,true,,174,154,3,3,http://localhost:8080/roles,26,0,0
1775334328903,26,GET /roles,200,,Thread Group 1-36,text,true,,174,154,3,3,http://localhost:8080/roles,26,0,0
1775334328880,51,GET /empresas,200,,Thread Group 1-38,text,true,,53929,157,3,3,http://localhost:8080/empresas,51,0,1
1775334328929,37,GET /gateways,200,,Thread Group 1-36,text,true,,174,167,3,3,http://localhost:8080/gateways/proceso/1,37,0,0
1775334328929,37,GET /gateways,200,,Thread Group 1-37,text,true,,174,167,3,3,http://localhost:8080/gateways/proceso/1,37,0,0
1775334328932,34,GET /empleados,200,,Thread Group 1-38,text,true,,174,158,3,3,http://localhost:8080/empleados,34,0,0
1775334328966,30,GET /arcos,200,,Thread Group 1-37,text,true,,174,164,3,3,http://localhost:8080/arcos/proceso/1,30,0,0
1775334328966,30,GET /arcos,200,,Thread Group 1-36,text,true,,174,164,3,3,http://localhost:8080/arcos/proceso/1,30,0,0
1775334328966,30,GET /roles,200,,Thread Group 1-38,text,true,,174,154,3,3,http://localhost:8080/roles,30,0,0
1775334328996,34,GET /gateways,200,,Thread Group 1-38,text,true,,174,167,3,3,http://localhost:8080/gateways/proceso/1,34,0,0
1775334329030,31,GET /arcos,200,,Thread Group 1-38,text,true,,174,164,3,3,http://localhost:8080/arcos/proceso/1,31,0,0
1775334328996,99,POST /empresas,200,,Thread Group 1-37,text,true,,235,302,3,3,http://localhost:8080/empresas,99,0,0
1775334328996,99,POST /empresas,200,,Thread Group 1-36,text,true,,235,302,3,3,http://localhost:8080/empresas,99,0,0
1775334329062,77,POST /empresas,200,,Thread Group 1-38,text,true,,235,302,2,2,http://localhost:8080/empresas,77,0,0
1775334329095,51,GET /empresas,200,,Thread Group 1-37,text,true,,54055,157,2,2,http://localhost:8080/empresas,46,0,0
1775334329139,25,GET /empresas,200,,Thread Group 1-38,text,true,,54118,157,2,2,http://localhost:8080/empresas,25,0,0
1775334329147,37,GET /empleados,200,,Thread Group 1-37,text,true,,174,158,3,3,http://localhost:8080/empleados,37,0,0
1775334329165,19,GET /empleados,200,,Thread Group 1-38,text,true,,174,158,3,3,http://localhost:8080/empleados,19,0,0
1775334329184,20,GET /roles,200,,Thread Group 1-38,text,true,,174,154,3,3,http://localhost:8080/roles,20,0,0
1775334329184,20,GET /roles,200,,Thread Group 1-37,text,true,,174,154,3,3,http://localhost:8080/roles,20,0,0
1775334329204,22,GET /gateways,200,,Thread Group 1-38,text,true,,174,167,3,3,http://localhost:8080/gateways/proceso/1,22,0,0
1775334329179,49,GET /empresas,200,,Thread Group 1-39,text,true,,54118,157,3,3,http://localhost:8080/empresas,48,0,1
1775334329226,25,GET /arcos,200,,Thread Group 1-38,text,true,,174,164,3,3,http://localhost:8080/arcos/proceso/1,25,0,0
1775334329204,47,GET /gateways,200,,Thread Group 1-37,text,true,,174,167,3,3,http://localhost:8080/gateways/proceso/1,47,0,0
1775334329228,23,GET /empleados,200,,Thread Group 1-39,text,true,,174,158,3,3,http://localhost:8080/empleados,23,0,0
1775334329251,36,GET /roles,200,,Thread Group 1-39,text,true,,174,154,3,3,http://localhost:8080/roles,36,0,0
1775334329251,36,GET /arcos,200,,Thread Group 1-37,text,true,,174,164,3,3,http://localhost:8080/arcos/proceso/1,36,0,0
1775334329287,31,GET /gateways,200,,Thread Group 1-39,text,true,,174,167,3,3,http://localhost:8080/gateways/proceso/1,31,0,0
1775334329251,97,POST /empresas,200,,Thread Group 1-38,text,true,,235,302,3,3,http://localhost:8080/empresas,97,0,0
1775334329318,30,GET /arcos,200,,Thread Group 1-39,text,true,,174,164,3,3,http://localhost:8080/arcos/proceso/1,30,0,0
1775334329287,82,POST /empresas,200,,Thread Group 1-37,text,true,,235,302,3,3,http://localhost:8080/empresas,82,0,0
1775334329348,43,GET /empresas,200,,Thread Group 1-38,text,true,,54244,157,2,2,http://localhost:8080/empresas,43,0,0
1775334329391,31,GET /empleados,200,,Thread Group 1-38,text,true,,174,158,2,2,http://localhost:8080/empleados,31,0,0
1775334329348,108,POST /empresas,200,,Thread Group 1-39,text,true,,235,302,2,2,http://localhost:8080/empresas,108,0,0
1775334329423,33,GET /roles,200,,Thread Group 1-38,text,true,,174,154,2,2,http://localhost:8080/roles,33,0,0
1775334329456,24,GET /gateways,200,,Thread Group 1-38,text,true,,174,167,3,3,http://localhost:8080/gateways/proceso/1,24,0,0
1775334329480,21,GET /arcos,200,,Thread Group 1-38,text,true,,174,164,3,3,http://localhost:8080/arcos/proceso/1,21,0,0
1775334329456,48,GET /empresas,200,,Thread Group 1-39,text,true,,54307,157,3,3,http://localhost:8080/empresas,48,0,0
1775334329504,22,GET /empleados,200,,Thread Group 1-39,text,true,,174,158,3,3,http://localhost:8080/empleados,22,0,0
1775334329479,48,GET /empresas,200,,Thread Group 1-40,text,true,,54307,157,3,3,http://localhost:8080/empresas,47,0,0
1775334329526,33,GET /roles,200,,Thread Group 1-39,text,true,,174,154,3,3,http://localhost:8080/roles,33,0,0
1775334329527,32,GET /empleados,200,,Thread Group 1-40,text,true,,174,158,3,3,http://localhost:8080/empleados,32,0,0
1775334329559,40,GET /gateways,200,,Thread Group 1-39,text,true,,174,167,3,3,http://localhost:8080/gateways/proceso/1,40,0,0
1775334329501,98,POST /empresas,200,,Thread Group 1-38,text,true,,235,302,3,3,http://localhost:8080/empresas,98,0,0
1775334329559,41,GET /roles,200,,Thread Group 1-40,text,true,,174,154,3,3,http://localhost:8080/roles,41,0,0
1775334329600,34,GET /arcos,200,,Thread Group 1-39,text,true,,174,164,2,2,http://localhost:8080/arcos/proceso/1,34,0,0
1775334329600,34,GET /gateways,200,,Thread Group 1-40,text,true,,174,167,2,2,http://localhost:8080/gateways/proceso/1,34,0,0
1775334329634,35,GET /arcos,200,,Thread Group 1-40,text,true,,174,164,2,2,http://localhost:8080/arcos/proceso/1,35,0,0
1775334329634,110,POST /empresas,200,,Thread Group 1-39,text,true,,235,302,2,2,http://localhost:8080/empresas,110,0,0
1775334329669,95,POST /empresas,200,,Thread Group 1-40,text,true,,235,302,2,2,http://localhost:8080/empresas,95,0,0
1775334329744,41,GET /empresas,200,,Thread Group 1-39,text,true,,54433,157,3,3,http://localhost:8080/empresas,41,0,0
1775334329764,37,GET /empresas,200,,Thread Group 1-40,text,true,,54496,157,3,3,http://localhost:8080/empresas,37,0,0
1775334329801,31,GET /empleados,200,,Thread Group 1-40,text,true,,174,158,3,3,http://localhost:8080/empleados,31,0,0
1775334329785,47,GET /empleados,200,,Thread Group 1-39,text,true,,174,158,3,3,http://localhost:8080/empleados,47,0,0
1775334329780,55,GET /empresas,200,,Thread Group 1-41,text,true,,54496,157,3,3,http://localhost:8080/empresas,54,0,1
1775334329835,30,GET /empleados,200,,Thread Group 1-41,text,true,,174,158,3,3,http://localhost:8080/empleados,30,0,0
1775334329833,32,GET /roles,200,,Thread Group 1-40,text,true,,174,154,3,3,http://localhost:8080/roles,32,0,0
1775334329833,32,GET /roles,200,,Thread Group 1-39,text,true,,174,154,3,3,http://localhost:8080/roles,32,0,0
1775334329865,34,GET /gateways,200,,Thread Group 1-39,text,true,,174,167,3,3,http://localhost:8080/gateways/proceso/1,34,0,0
1775334329865,34,GET /gateways,200,,Thread Group 1-40,text,true,,174,167,3,3,http://localhost:8080/gateways/proceso/1,34,0,0
1775334329865,35,GET /roles,200,,Thread Group 1-41,text,true,,174,154,3,3,http://localhost:8080/roles,35,0,0
1775334329899,38,GET /arcos,200,,Thread Group 1-40,text,true,,174,164,3,3,http://localhost:8080/arcos/proceso/1,38,0,0
1775334329900,37,GET /gateways,200,,Thread Group 1-41,text,true,,174,167,3,3,http://localhost:8080/gateways/proceso/1,37,0,0
1775334329899,38,GET /arcos,200,,Thread Group 1-39,text,true,,174,164,3,3,http://localhost:8080/arcos/proceso/1,38,0,0
1775334329937,39,GET /arcos,200,,Thread Group 1-41,text,true,,174,164,3,3,http://localhost:8080/arcos/proceso/1,39,0,0
1775334329937,108,POST /empresas,200,,Thread Group 1-40,text,true,,235,302,3,3,http://localhost:8080/empresas,108,0,0
1775334329937,108,POST /empresas,200,,Thread Group 1-39,text,true,,235,302,3,3,http://localhost:8080/empresas,108,0,0
1775334329976,93,POST /empresas,200,,Thread Group 1-41,text,true,,235,302,2,2,http://localhost:8080/empresas,93,0,0
1775334330045,44,GET /empresas,200,,Thread Group 1-40,text,true,,54622,157,3,3,http://localhost:8080/empresas,44,0,0
1775334330069,42,GET /empresas,200,,Thread Group 1-41,text,true,,54685,157,3,3,http://localhost:8080/empresas,42,0,0
1775334330090,34,GET /empleados,200,,Thread Group 1-40,text,true,,174,158,3,3,http://localhost:8080/empleados,33,0,0
1775334330080,46,GET /empresas,200,,Thread Group 1-42,text,true,,54685,157,3,3,http://localhost:8080/empresas,46,0,1
1775334330111,39,GET /empleados,200,,Thread Group 1-41,text,true,,174,158,3,3,http://localhost:8080/empleados,39,0,0
1775334330124,26,GET /roles,200,,Thread Group 1-40,text,true,,174,154,3,3,http://localhost:8080/roles,26,0,0
1775334330126,24,GET /empleados,200,,Thread Group 1-42,text,true,,174,158,3,3,http://localhost:8080/empleados,24,0,0
1775334330150,36,GET /gateways,200,,Thread Group 1-40,text,true,,174,167,3,3,http://localhost:8080/gateways/proceso/1,36,0,0
1775334330150,36,GET /roles,200,,Thread Group 1-41,text,true,,174,154,3,3,http://localhost:8080/roles,36,0,0
1775334330150,36,GET /roles,200,,Thread Group 1-42,text,true,,174,154,3,3,http://localhost:8080/roles,36,0,0
1775334330186,41,GET /gateways,200,,Thread Group 1-41,text,true,,174,167,3,3,http://localhost:8080/gateways/proceso/1,41,0,0
1775334330186,41,GET /gateways,200,,Thread Group 1-42,text,true,,174,167,3,3,http://localhost:8080/gateways/proceso/1,41,0,0
1775334330186,41,GET /arcos,200,,Thread Group 1-40,text,true,,174,164,3,3,http://localhost:8080/arcos/proceso/1,41,0,0
1775334330227,35,GET /arcos,200,,Thread Group 1-41,text,true,,174,164,3,3,http://localhost:8080/arcos/proceso/1,35,0,0
1775334330227,35,GET /arcos,200,,Thread Group 1-42,text,true,,174,164,3,3,http://localhost:8080/arcos/proceso/1,35,0,0
1775334330227,109,POST /empresas,200,,Thread Group 1-40,text,true,,235,302,3,3,http://localhost:8080/empresas,109,0,0
1775334330262,109,POST /empresas,200,,Thread Group 1-42,text,true,,235,302,2,2,http://localhost:8080/empresas,109,0,0
1775334330262,109,POST /empresas,200,,Thread Group 1-41,text,true,,235,302,2,2,http://localhost:8080/empresas,109,0,0
1775334330371,25,GET /empresas,200,,Thread Group 1-41,text,true,,54874,157,3,3,http://localhost:8080/empresas,24,0,0
1775334330371,34,GET /empresas,200,,Thread Group 1-42,text,true,,54874,157,3,3,http://localhost:8080/empresas,33,0,0
1775334330380,29,GET /empresas,200,,Thread Group 1-43,text,true,,54874,157,3,3,http://localhost:8080/empresas,28,0,0
1775334330396,41,GET /empleados,200,,Thread Group 1-41,text,true,,174,158,3,3,http://localhost:8080/empleados,41,0,0
1775334330405,32,GET /empleados,200,,Thread Group 1-42,text,true,,174,158,3,3,http://localhost:8080/empleados,32,0,0
1775334330409,28,GET /empleados,200,,Thread Group 1-43,text,true,,174,158,3,3,http://localhost:8080/empleados,28,0,0
1775334330437,36,GET /roles,200,,Thread Group 1-43,text,true,,174,154,3,3,http://localhost:8080/roles,36,0,0
1775334330437,36,GET /roles,200,,Thread Group 1-41,text,true,,174,154,3,3,http://localhost:8080/roles,36,0,0
1775334330437,36,GET /roles,200,,Thread Group 1-42,text,true,,174,154,3,3,http://localhost:8080/roles,36,0,0
1775334330473,36,GET /gateways,200,,Thread Group 1-42,text,true,,174,167,3,3,http://localhost:8080/gateways/proceso/1,36,0,0
1775334330473,36,GET /gateways,200,,Thread Group 1-43,text,true,,174,167,3,3,http://localhost:8080/gateways/proceso/1,36,0,0
1775334330473,36,GET /gateways,200,,Thread Group 1-41,text,true,,174,167,3,3,http://localhost:8080/gateways/proceso/1,36,0,0
1775334330510,38,GET /arcos,200,,Thread Group 1-42,text,true,,174,164,3,3,http://localhost:8080/arcos/proceso/1,38,0,0
1775334330510,38,GET /arcos,200,,Thread Group 1-41,text,true,,174,164,3,3,http://localhost:8080/arcos/proceso/1,38,0,0
1775334330510,38,GET /arcos,200,,Thread Group 1-43,text,true,,174,164,3,3,http://localhost:8080/arcos/proceso/1,38,0,0
1775334330548,103,POST /empresas,200,,Thread Group 1-41,text,true,,235,302,3,3,http://localhost:8080/empresas,103,0,0
1775334330548,103,POST /empresas,200,,Thread Group 1-43,text,true,,235,302,3,3,http://localhost:8080/empresas,103,0,0
1775334330548,103,POST /empresas,200,,Thread Group 1-42,text,true,,235,302,3,3,http://localhost:8080/empresas,103,0,0
1775334330652,29,GET /empresas,200,,Thread Group 1-42,text,true,,55063,157,3,3,http://localhost:8080/empresas,28,0,0
1775334330652,29,GET /empresas,200,,Thread Group 1-43,text,true,,55063,157,3,3,http://localhost:8080/empresas,28,0,0
1775334330681,20,GET /empleados,200,,Thread Group 1-42,text,true,,174,158,3,3,http://localhost:8080/empleados,20,0,0
1775334330681,20,GET /empleados,200,,Thread Group 1-43,text,true,,174,158,3,3,http://localhost:8080/empleados,20,0,0
1775334330703,23,GET /roles,200,,Thread Group 1-42,text,true,,174,154,3,3,http://localhost:8080/roles,23,0,0
1775334330680,49,GET /empresas,200,,Thread Group 1-44,text,true,,55063,157,3,3,http://localhost:8080/empresas,49,0,0
1775334330703,45,GET /roles,200,,Thread Group 1-43,text,true,,174,154,3,3,http://localhost:8080/roles,45,0,0
1775334330727,21,GET /gateways,200,,Thread Group 1-42,text,true,,174,167,3,3,http://localhost:8080/gateways/proceso/1,21,0,0
1775334330729,19,GET /empleados,200,,Thread Group 1-44,text,true,,174,158,3,3,http://localhost:8080/empleados,19,0,0
1775334330748,37,GET /roles,200,,Thread Group 1-44,text,true,,174,154,3,3,http://localhost:8080/roles,37,0,0
1775334330748,37,GET /arcos,200,,Thread Group 1-42,text,true,,174,164,3,3,http://localhost:8080/arcos/proceso/1,37,0,0
1775334330748,37,GET /gateways,200,,Thread Group 1-43,text,true,,174,167,3,3,http://localhost:8080/gateways/proceso/1,37,0,0
1775334330785,32,GET /gateways,200,,Thread Group 1-44,text,true,,174,167,3,3,http://localhost:8080/gateways/proceso/1,32,0,0
1775334330785,32,GET /arcos,200,,Thread Group 1-43,text,true,,174,164,3,3,http://localhost:8080/arcos/proceso/1,32,0,0
1775334330817,30,GET /arcos,200,,Thread Group 1-44,text,true,,174,164,3,3,http://localhost:8080/arcos/proceso/1,30,0,0
1775334330785,100,POST /empresas,200,,Thread Group 1-42,text,true,,235,302,3,3,http://localhost:8080/empresas,100,0,0
1775334330817,99,POST /empresas,200,,Thread Group 1-43,text,true,,235,302,2,2,http://localhost:8080/empresas,99,0,0
1775334330847,92,POST /empresas,200,,Thread Group 1-44,text,true,,235,302,2,2,http://localhost:8080/empresas,92,0,0
1775334330917,44,GET /empresas,200,,Thread Group 1-43,text,true,,55189,157,2,2,http://localhost:8080/empresas,44,0,0
1775334330961,20,GET /empleados,200,,Thread Group 1-43,text,true,,174,158,3,3,http://localhost:8080/empleados,20,0,0
1775334330939,45,GET /empresas,200,,Thread Group 1-44,text,true,,55252,157,3,3,http://localhost:8080/empresas,44,0,0
1775334330981,22,GET /roles,200,,Thread Group 1-43,text,true,,174,154,3,3,http://localhost:8080/roles,22,0,0
1775334330984,21,GET /empleados,200,,Thread Group 1-44,text,true,,174,158,3,3,http://localhost:8080/empleados,21,0,0
1775334331006,20,GET /roles,200,,Thread Group 1-44,text,true,,174,154,3,3,http://localhost:8080/roles,20,0,0
1775334331003,23,GET /gateways,200,,Thread Group 1-43,text,true,,174,167,3,3,http://localhost:8080/gateways/proceso/1,23,0,0
1775334330981,48,GET /empresas,200,,Thread Group 1-45,text,true,,55252,157,3,3,http://localhost:8080/empresas,47,0,1
1775334331026,38,GET /arcos,200,,Thread Group 1-43,text,true,,174,164,3,3,http://localhost:8080/arcos/proceso/1,38,0,0
1775334331026,38,GET /gateways,200,,Thread Group 1-44,text,true,,174,167,3,3,http://localhost:8080/gateways/proceso/1,38,0,0
1775334331029,35,GET /empleados,200,,Thread Group 1-45,text,true,,174,158,3,3,http://localhost:8080/empleados,35,0,0
1775334331064,32,GET /arcos,200,,Thread Group 1-44,text,true,,174,164,3,3,http://localhost:8080/arcos/proceso/1,32,0,0
1775334331064,32,GET /roles,200,,Thread Group 1-45,text,true,,174,154,3,3,http://localhost:8080/roles,32,0,0
1775334331097,33,GET /gateways,200,,Thread Group 1-45,text,true,,174,167,3,3,http://localhost:8080/gateways/proceso/1,33,0,0
1775334331064,101,POST /empresas,200,,Thread Group 1-43,text,true,,235,302,3,3,http://localhost:8080/empresas,101,0,0
1775334331131,34,GET /arcos,200,,Thread Group 1-45,text,true,,174,164,3,3,http://localhost:8080/arcos/proceso/1,34,0,0
1775334331097,104,POST /empresas,200,,Thread Group 1-44,text,true,,235,302,2,2,http://localhost:8080/empresas,104,0,0
1775334331165,78,POST /empresas,200,,Thread Group 1-45,text,true,,235,302,2,2,http://localhost:8080/empresas,78,0,0
1775334331201,43,GET /empresas,200,,Thread Group 1-44,text,true,,55378,157,2,2,http://localhost:8080/empresas,42,0,0
1775334331244,16,GET /empleados,200,,Thread Group 1-44,text,true,,174,158,2,2,http://localhost:8080/empleados,16,0,0
1775334331260,26,GET /roles,200,,Thread Group 1-44,text,true,,174,154,3,3,http://localhost:8080/roles,26,0,0
1775334331243,45,GET /empresas,200,,Thread Group 1-45,text,true,,55441,157,3,3,http://localhost:8080/empresas,44,0,0
1775334331287,14,GET /gateways,200,,Thread Group 1-44,text,true,,174,167,3,3,http://localhost:8080/gateways/proceso/1,14,0,0
1775334331302,20,GET /arcos,200,,Thread Group 1-44,text,true,,174,164,3,3,http://localhost:8080/arcos/proceso/1,20,0,0
1775334331288,34,GET /empleados,200,,Thread Group 1-45,text,true,,174,158,3,3,http://localhost:8080/empleados,34,0,0
1775334331282,43,GET /empresas,200,,Thread Group 1-46,text,true,,55441,157,3,3,http://localhost:8080/empresas,42,0,0
1775334331325,32,GET /empleados,200,,Thread Group 1-46,text,true,,174,158,3,3,http://localhost:8080/empleados,32,0,0
1775334331322,35,GET /roles,200,,Thread Group 1-45,text,true,,174,154,3,3,http://localhost:8080/roles,35,0,0
1775334331357,35,GET /roles,200,,Thread Group 1-46,text,true,,174,154,3,3,http://localhost:8080/roles,35,0,0
1775334331357,35,GET /gateways,200,,Thread Group 1-45,text,true,,174,167,3,3,http://localhost:8080/gateways/proceso/1,35,0,0
1775334331322,104,POST /empresas,200,,Thread Group 1-44,text,true,,235,302,3,3,http://localhost:8080/empresas,104,0,0
1775334331392,34,GET /arcos,200,,Thread Group 1-45,text,true,,174,164,3,3,http://localhost:8080/arcos/proceso/1,34,0,0
1775334331392,34,GET /gateways,200,,Thread Group 1-46,text,true,,174,167,3,3,http://localhost:8080/gateways/proceso/1,34,0,0
1775334331426,35,GET /arcos,200,,Thread Group 1-46,text,true,,174,164,2,2,http://localhost:8080/arcos/proceso/1,35,0,0
1775334331426,104,POST /empresas,200,,Thread Group 1-45,text,true,,235,302,2,2,http://localhost:8080/empresas,104,0,0
1775334331461,93,POST /empresas,200,,Thread Group 1-46,text,true,,235,302,2,2,http://localhost:8080/empresas,92,0,0
1775334331531,45,GET /empresas,200,,Thread Group 1-45,text,true,,55567,157,2,2,http://localhost:8080/empresas,45,0,0
1775334331577,19,GET /empleados,200,,Thread Group 1-45,text,true,,174,158,3,3,http://localhost:8080/empleados,19,0,0
1775334331554,44,GET /empresas,200,,Thread Group 1-46,text,true,,55630,157,3,3,http://localhost:8080/empresas,44,0,0
1775334331598,22,GET /empleados,200,,Thread Group 1-46,text,true,,174,158,3,3,http://localhost:8080/empleados,22,0,0
1775334331596,24,GET /roles,200,,Thread Group 1-45,text,true,,174,154,3,3,http://localhost:8080/roles,24,0,0
1775334331580,42,GET /empresas,200,,Thread Group 1-47,text,true,,55630,157,3,3,http://localhost:8080/empresas,42,0,0
1775334331620,33,GET /roles,200,,Thread Group 1-46,text,true,,174,154,3,3,http://localhost:8080/roles,33,0,0
1775334331623,30,GET /empleados,200,,Thread Group 1-47,text,true,,174,158,3,3,http://localhost:8080/empleados,30,0,0
1775334331620,33,GET /gateways,200,,Thread Group 1-45,text,true,,174,167,3,3,http://localhost:8080/gateways/proceso/1,33,0,0
1775334331653,33,GET /gateways,200,,Thread Group 1-46,text,true,,174,167,3,3,http://localhost:8080/gateways/proceso/1,33,0,0
1775334331653,33,GET /arcos,200,,Thread Group 1-45,text,true,,174,164,3,3,http://localhost:8080/arcos/proceso/1,33,0,0
1775334331654,32,GET /roles,200,,Thread Group 1-47,text,true,,174,154,3,3,http://localhost:8080/roles,32,0,0
1775334331686,36,GET /gateways,200,,Thread Group 1-47,text,true,,174,167,3,3,http://localhost:8080/gateways/proceso/1,36,0,0
1775334331686,36,GET /arcos,200,,Thread Group 1-46,text,true,,174,164,3,3,http://localhost:8080/arcos/proceso/1,36,0,0
1775334331722,33,GET /arcos,200,,Thread Group 1-47,text,true,,174,164,3,3,http://localhost:8080/arcos/proceso/1,33,0,0
1775334331686,104,POST /empresas,200,,Thread Group 1-45,text,true,,235,302,3,3,http://localhost:8080/empresas,104,0,0
1775334331722,104,POST /empresas,200,,Thread Group 1-46,text,true,,235,302,2,2,http://localhost:8080/empresas,104,0,0
1775334331756,88,POST /empresas,200,,Thread Group 1-47,text,true,,235,302,2,2,http://localhost:8080/empresas,88,0,0
1775334331826,41,GET /empresas,200,,Thread Group 1-46,text,true,,55819,157,2,2,http://localhost:8080/empresas,41,0,0
1775334331867,21,GET /empleados,200,,Thread Group 1-46,text,true,,174,158,3,3,http://localhost:8080/empleados,21,0,0
1775334331844,47,GET /empresas,200,,Thread Group 1-47,text,true,,55819,157,3,3,http://localhost:8080/empresas,46,0,0
1775334331891,35,GET /empleados,200,,Thread Group 1-47,text,true,,174,158,3,3,http://localhost:8080/empleados,35,0,0
1775334331888,38,GET /roles,200,,Thread Group 1-46,text,true,,174,154,3,3,http://localhost:8080/roles,38,0,0
1775334331880,48,GET /empresas,200,,Thread Group 1-48,text,true,,55819,157,3,3,http://localhost:8080/empresas,48,0,0
1775334331926,31,GET /roles,200,,Thread Group 1-47,text,true,,174,154,3,3,http://localhost:8080/roles,31,0,0
1775334331926,31,GET /gateways,200,,Thread Group 1-46,text,true,,174,167,3,3,http://localhost:8080/gateways/proceso/1,31,0,0
1775334331928,29,GET /empleados,200,,Thread Group 1-48,text,true,,174,158,3,3,http://localhost:8080/empleados,29,0,0
1775334331958,30,GET /arcos,200,,Thread Group 1-46,text,true,,174,164,3,3,http://localhost:8080/arcos/proceso/1,30,0,0
1775334331958,30,GET /roles,200,,Thread Group 1-48,text,true,,174,154,3,3,http://localhost:8080/roles,30,0,0
1775334331958,30,GET /gateways,200,,Thread Group 1-47,text,true,,174,167,3,3,http://localhost:8080/gateways/proceso/1,30,0,0
1775334331988,33,GET /arcos,200,,Thread Group 1-47,text,true,,174,164,3,3,http://localhost:8080/arcos/proceso/1,33,0,0
1775334331988,34,GET /gateways,200,,Thread Group 1-48,text,true,,174,167,3,3,http://localhost:8080/gateways/proceso/1,33,0,0
1775334332022,30,GET /arcos,200,,Thread Group 1-48,text,true,,174,164,3,3,http://localhost:8080/arcos/proceso/1,30,0,0
1775334331988,99,POST /empresas,200,,Thread Group 1-46,text,true,,235,302,3,3,http://localhost:8080/empresas,99,0,0
1775334332022,100,POST /empresas,200,,Thread Group 1-47,text,true,,235,302,2,2,http://localhost:8080/empresas,100,0,0
1775334332052,114,POST /empresas,200,,Thread Group 1-48,text,true,,235,302,2,2,http://localhost:8080/empresas,114,0,0
1775334332122,48,GET /empresas,200,,Thread Group 1-47,text,true,,55945,157,2,2,http://localhost:8080/empresas,48,0,0
1775334332170,21,GET /empleados,200,,Thread Group 1-47,text,true,,174,158,3,3,http://localhost:8080/empleados,21,0,0
1775334332167,36,GET /empresas,200,,Thread Group 1-48,text,true,,55945,157,3,3,http://localhost:8080/empresas,36,0,0
1775334332203,24,GET /empleados,200,,Thread Group 1-48,text,true,,174,158,3,3,http://localhost:8080/empleados,24,0,0
1775334332192,35,GET /roles,200,,Thread Group 1-47,text,true,,174,154,3,3,http://localhost:8080/roles,35,0,0
1775334332179,50,GET /empresas,200,,Thread Group 1-49,text,true,,55945,157,3,3,http://localhost:8080/empresas,50,0,1
1775334332227,38,GET /roles,200,,Thread Group 1-48,text,true,,174,154,3,3,http://localhost:8080/roles,38,0,0
1775334332227,38,GET /gateways,200,,Thread Group 1-47,text,true,,174,167,3,3,http://localhost:8080/gateways/proceso/1,38,0,0
1775334332229,36,GET /empleados,200,,Thread Group 1-49,text,true,,174,158,3,3,http://localhost:8080/empleados,36,0,0
1775334332265,37,GET /arcos,200,,Thread Group 1-47,text,true,,174,164,3,3,http://localhost:8080/arcos/proceso/1,37,0,0
1775334332265,37,GET /gateways,200,,Thread Group 1-48,text,true,,174,167,3,3,http://localhost:8080/gateways/proceso/1,37,0,0
1775334332265,37,GET /roles,200,,Thread Group 1-49,text,true,,174,154,3,3,http://localhost:8080/roles,37,0,0
1775334332302,39,GET /arcos,200,,Thread Group 1-48,text,true,,174,164,3,3,http://localhost:8080/arcos/proceso/1,39,0,0
1775334332302,39,GET /gateways,200,,Thread Group 1-49,text,true,,174,167,3,3,http://localhost:8080/gateways/proceso/1,39,0,0
1775334332342,35,GET /arcos,200,,Thread Group 1-49,text,true,,174,164,3,3,http://localhost:8080/arcos/proceso/1,35,0,0
1775334332302,105,POST /empresas,200,,Thread Group 1-47,text,true,,235,302,3,3,http://localhost:8080/empresas,105,0,0
1775334332342,96,POST /empresas,200,,Thread Group 1-48,text,true,,235,302,2,2,http://localhost:8080/empresas,96,0,0
1775334332377,82,POST /empresas,200,,Thread Group 1-49,text,true,,235,302,2,2,http://localhost:8080/empresas,82,0,0
1775334332439,38,GET /empresas,200,,Thread Group 1-48,text,true,,56134,157,2,2,http://localhost:8080/empresas,37,0,0
1775334332477,21,GET /empleados,200,,Thread Group 1-48,text,true,,174,158,3,3,http://localhost:8080/empleados,21,0,0
1775334332459,41,GET /empresas,200,,Thread Group 1-49,text,true,,56134,157,3,3,http://localhost:8080/empresas,41,0,0
1775334332500,19,GET /empleados,200,,Thread Group 1-49,text,true,,174,158,3,3,http://localhost:8080/empleados,19,0,0
1775334332498,21,GET /roles,200,,Thread Group 1-48,text,true,,174,154,3,3,http://localhost:8080/roles,21,0,0
1775334332479,42,GET /empresas,200,,Thread Group 1-50,text,true,,56134,157,3,3,http://localhost:8080/empresas,42,0,0
1775334332519,33,GET /roles,200,,Thread Group 1-49,text,true,,174,154,3,3,http://localhost:8080/roles,33,0,0
1775334332522,30,GET /empleados,200,,Thread Group 1-50,text,true,,174,158,3,3,http://localhost:8080/empleados,30,0,0
1775334332519,33,GET /gateways,200,,Thread Group 1-48,text,true,,174,167,3,3,http://localhost:8080/gateways/proceso/1,33,0,0
1775334332552,38,GET /roles,200,,Thread Group 1-50,text,true,,174,154,3,3,http://localhost:8080/roles,38,0,0
1775334332552,38,GET /arcos,200,,Thread Group 1-48,text,true,,174,164,3,3,http://localhost:8080/arcos/proceso/1,38,0,0
1775334332552,38,GET /gateways,200,,Thread Group 1-49,text,true,,174,167,3,3,http://localhost:8080/gateways/proceso/1,38,0,0
1775334332590,37,GET /arcos,200,,Thread Group 1-49,text,true,,174,164,3,3,http://localhost:8080/arcos/proceso/1,37,0,0
1775334332590,37,GET /gateways,200,,Thread Group 1-50,text,true,,174,167,3,3,http://localhost:8080/gateways/proceso/1,37,0,0
1775334332627,35,GET /arcos,200,,Thread Group 1-50,text,true,,174,164,3,3,http://localhost:8080/arcos/proceso/1,35,0,0
1775334332590,103,POST /empresas,200,,Thread Group 1-48,text,true,,235,302,3,3,http://localhost:8080/empresas,103,0,0
1775334332627,100,POST /empresas,200,,Thread Group 1-49,text,true,,235,302,2,2,http://localhost:8080/empresas,100,0,0
1775334332663,84,POST /empresas,200,,Thread Group 1-50,text,true,,235,302,2,2,http://localhost:8080/empresas,84,0,0
1775334332727,43,GET /empresas,200,,Thread Group 1-49,text,true,,56323,157,2,2,http://localhost:8080/empresas,42,0,0
1775334332770,18,GET /empleados,200,,Thread Group 1-49,text,true,,174,158,3,3,http://localhost:8080/empleados,18,0,0
1775334332748,42,GET /empresas,200,,Thread Group 1-50,text,true,,56323,157,3,3,http://localhost:8080/empresas,42,0,0
1775334332789,36,GET /roles,200,,Thread Group 1-49,text,true,,174,154,3,3,http://localhost:8080/roles,36,0,0
1775334332791,34,GET /empleados,200,,Thread Group 1-50,text,true,,174,158,3,3,http://localhost:8080/empleados,34,0,0
1775334332780,47,GET /empresas,200,,Thread Group 1-51,text,true,,56323,157,3,3,http://localhost:8080/empresas,47,0,0
1775334332825,33,GET /roles,200,,Thread Group 1-50,text,true,,174,154,3,3,http://localhost:8080/roles,33,0,0
1775334332825,33,GET /gateways,200,,Thread Group 1-49,text,true,,174,167,3,3,http://localhost:8080/gateways/proceso/1,33,0,0
1775334332827,31,GET /empleados,200,,Thread Group 1-51,text,true,,174,158,3,3,http://localhost:8080/empleados,31,0,0
1775334332858,28,GET /roles,200,,Thread Group 1-51,text,true,,174,154,3,3,http://localhost:8080/roles,28,0,0
1775334332858,28,GET /gateways,200,,Thread Group 1-50,text,true,,174,167,3,3,http://localhost:8080/gateways/proceso/1,28,0,0
1775334332858,28,GET /arcos,200,,Thread Group 1-49,text,true,,174,164,3,3,http://localhost:8080/arcos/proceso/1,28,0,0
1775334332886,35,GET /arcos,200,,Thread Group 1-50,text,true,,174,164,3,3,http://localhost:8080/arcos/proceso/1,35,0,0
1775334332886,35,GET /gateways,200,,Thread Group 1-51,text,true,,174,167,3,3,http://localhost:8080/gateways/proceso/1,35,0,0
1775334332921,33,GET /arcos,200,,Thread Group 1-51,text,true,,174,164,3,3,http://localhost:8080/arcos/proceso/1,33,0,0
1775334332886,105,POST /empresas,200,,Thread Group 1-49,text,true,,235,302,3,3,http://localhost:8080/empresas,105,0,0
1775334332921,105,POST /empresas,200,,Thread Group 1-50,text,true,,235,302,2,2,http://localhost:8080/empresas,105,0,0
1775334332954,90,POST /empresas,200,,Thread Group 1-51,text,true,,235,302,2,2,http://localhost:8080/empresas,90,0,0
1775334333026,38,GET /empresas,200,,Thread Group 1-50,text,true,,56512,157,2,2,http://localhost:8080/empresas,38,0,0
1775334333064,20,GET /empleados,200,,Thread Group 1-50,text,true,,174,158,3,3,http://localhost:8080/empleados,20,0,0
1775334333044,43,GET /empresas,200,,Thread Group 1-51,text,true,,56512,157,3,3,http://localhost:8080/empresas,42,0,0
1775334333087,17,GET /empleados,200,,Thread Group 1-51,text,true,,174,158,3,3,http://localhost:8080/empleados,17,0,0
1775334333084,38,GET /roles,200,,Thread Group 1-50,text,true,,174,154,3,3,http://localhost:8080/roles,37,0,0
1775334333080,44,GET /empresas,200,,Thread Group 1-52,text,true,,56512,157,3,3,http://localhost:8080/empresas,44,0,0
1775334333122,25,GET /gateways,200,,Thread Group 1-50,text,true,,174,167,3,3,http://localhost:8080/gateways/proceso/1,24,0,0
1775334333104,43,GET /roles,200,,Thread Group 1-51,text,true,,174,154,3,3,http://localhost:8080/roles,42,0,0
1775334333125,22,GET /empleados,200,,Thread Group 1-52,text,true,,174,158,3,3,http://localhost:8080/empleados,22,0,0
1775334333147,34,GET /gateways,200,,Thread Group 1-51,text,true,,174,167,3,3,http://localhost:8080/gateways/proceso/1,34,0,0
1775334333147,34,GET /roles,200,,Thread Group 1-52,text,true,,174,154,3,3,http://localhost:8080/roles,34,0,0
1775334333147,34,GET /arcos,200,,Thread Group 1-50,text,true,,174,164,3,3,http://localhost:8080/arcos/proceso/1,34,0,0
1775334333182,26,GET /gateways,200,,Thread Group 1-52,text,true,,174,167,3,3,http://localhost:8080/gateways/proceso/1,26,0,0
1775334333182,26,GET /arcos,200,,Thread Group 1-51,text,true,,174,164,3,3,http://localhost:8080/arcos/proceso/1,26,0,0
1775334333209,38,GET /arcos,200,,Thread Group 1-52,text,true,,174,164,3,3,http://localhost:8080/arcos/proceso/1,38,0,0
1775334333182,96,POST /empresas,200,,Thread Group 1-50,text,true,,235,302,3,3,http://localhost:8080/empresas,96,0,0
1775334333209,107,POST /empresas,200,,Thread Group 1-51,text,true,,235,302,2,2,http://localhost:8080/empresas,107,0,0
1775334333248,90,POST /empresas,200,,Thread Group 1-52,text,true,,235,302,2,2,http://localhost:8080/empresas,90,0,0
1775334333316,43,GET /empresas,200,,Thread Group 1-51,text,true,,56701,157,2,2,http://localhost:8080/empresas,42,0,0
1775334333359,25,GET /empleados,200,,Thread Group 1-51,text,true,,174,158,3,3,http://localhost:8080/empleados,25,0,0
1775334333339,47,GET /empresas,200,,Thread Group 1-52,text,true,,56701,157,3,3,http://localhost:8080/empresas,47,0,0
1775334333387,38,GET /empleados,200,,Thread Group 1-52,text,true,,174,158,3,3,http://localhost:8080/empleados,38,0,0
1775334333384,41,GET /roles,200,,Thread Group 1-51,text,true,,174,154,3,3,http://localhost:8080/roles,41,0,0
1775334333379,48,GET /empresas,200,,Thread Group 1-53,text,true,,56701,157,3,3,http://localhost:8080/empresas,47,0,0
1775334333425,33,GET /gateways,200,,Thread Group 1-51,text,true,,174,167,3,3,http://localhost:8080/gateways/proceso/1,33,0,0
1775334333427,31,GET /empleados,200,,Thread Group 1-53,text,true,,174,158,3,3,http://localhost:8080/empleados,31,0,0
1775334333425,33,GET /roles,200,,Thread Group 1-52,text,true,,174,154,3,3,http://localhost:8080/roles,33,0,0
1775334333458,33,GET /roles,200,,Thread Group 1-53,text,true,,174,154,3,3,http://localhost:8080/roles,33,0,0
1775334333458,33,GET /arcos,200,,Thread Group 1-51,text,true,,174,164,3,3,http://localhost:8080/arcos/proceso/1,33,0,0
1775334333458,33,GET /gateways,200,,Thread Group 1-52,text,true,,174,167,3,3,http://localhost:8080/gateways/proceso/1,33,0,0
1775334333491,32,GET /gateways,200,,Thread Group 1-53,text,true,,174,167,3,3,http://localhost:8080/gateways/proceso/1,32,0,0
1775334333491,32,GET /arcos,200,,Thread Group 1-52,text,true,,174,164,3,3,http://localhost:8080/arcos/proceso/1,32,0,0
1775334333523,38,GET /arcos,200,,Thread Group 1-53,text,true,,174,164,3,3,http://localhost:8080/arcos/proceso/1,38,0,0
1775334333491,102,POST /empresas,200,,Thread Group 1-51,text,true,,235,302,3,3,http://localhost:8080/empresas,102,0,0
1775334333523,104,POST /empresas,200,,Thread Group 1-52,text,true,,235,302,2,2,http://localhost:8080/empresas,104,0,0
1775334333561,90,POST /empresas,200,,Thread Group 1-53,text,true,,235,302,2,2,http://localhost:8080/empresas,90,0,0
1775334333627,46,GET /empresas,200,,Thread Group 1-52,text,true,,56890,157,2,2,http://localhost:8080/empresas,46,0,0
1775334333673,22,GET /empleados,200,,Thread Group 1-52,text,true,,174,158,3,3,http://localhost:8080/empleados,22,0,0
1775334333651,45,GET /empresas,200,,Thread Group 1-53,text,true,,56890,157,3,3,http://localhost:8080/empresas,45,0,0
1775334333695,21,GET /roles,200,,Thread Group 1-52,text,true,,174,154,3,3,http://localhost:8080/roles,21,0,0
1775334333696,20,GET /empleados,200,,Thread Group 1-53,text,true,,174,158,3,3,http://localhost:8080/empleados,20,0,0
1775334333680,37,GET /empresas,200,,Thread Group 1-54,text,true,,56890,157,3,3,http://localhost:8080/empresas,37,0,0
1775334333716,33,GET /gateways,200,,Thread Group 1-52,text,true,,174,167,3,3,http://localhost:8080/gateways/proceso/1,33,0,0
1775334333716,33,GET /roles,200,,Thread Group 1-53,text,true,,174,154,3,3,http://localhost:8080/roles,33,0,0
1775334333717,32,GET /empleados,200,,Thread Group 1-54,text,true,,174,158,3,3,http://localhost:8080/empleados,32,0,0
1775334333749,40,GET /arcos,200,,Thread Group 1-52,text,true,,174,164,3,3,http://localhost:8080/arcos/proceso/1,40,0,0
1775334333749,40,GET /roles,200,,Thread Group 1-54,text,true,,174,154,3,3,http://localhost:8080/roles,40,0,0
1775334333749,40,GET /gateways,200,,Thread Group 1-53,text,true,,174,167,3,3,http://localhost:8080/gateways/proceso/1,40,0,0
1775334333790,35,GET /gateways,200,,Thread Group 1-54,text,true,,174,167,3,3,http://localhost:8080/gateways/proceso/1,35,0,0
1775334333790,35,GET /arcos,200,,Thread Group 1-53,text,true,,174,164,3,3,http://localhost:8080/arcos/proceso/1,35,0,0
1775334333826,35,GET /arcos,200,,Thread Group 1-54,text,true,,174,164,3,3,http://localhost:8080/arcos/proceso/1,35,0,0
1775334333790,104,POST /empresas,200,,Thread Group 1-52,text,true,,235,302,3,3,http://localhost:8080/empresas,104,0,0
1775334333826,102,POST /empresas,200,,Thread Group 1-53,text,true,,235,302,2,2,http://localhost:8080/empresas,102,0,0
1775334333862,88,POST /empresas,200,,Thread Group 1-54,text,true,,235,302,2,2,http://localhost:8080/empresas,88,0,0
1775334333928,45,GET /empresas,200,,Thread Group 1-53,text,true,,57016,157,2,2,http://localhost:8080/empresas,44,0,0
1775334333950,47,GET /empresas,200,,Thread Group 1-54,text,true,,57079,157,3,3,http://localhost:8080/empresas,46,0,0
1775334333973,24,GET /empleados,200,,Thread Group 1-53,text,true,,174,158,3,3,http://localhost:8080/empleados,24,0,0
1775334333998,28,GET /roles,200,,Thread Group 1-53,text,true,,174,154,3,3,http://localhost:8080/roles,27,0,0
1775334333997,29,GET /empleados,200,,Thread Group 1-54,text,true,,174,158,3,3,http://localhost:8080/empleados,29,0,0
1775334333980,48,GET /empresas,200,,Thread Group 1-55,text,true,,57079,157,3,3,http://localhost:8080/empresas,48,0,0
1775334334026,35,GET /gateways,200,,Thread Group 1-53,text,true,,174,167,3,3,http://localhost:8080/gateways/proceso/1,35,0,0
1775334334026,35,GET /roles,200,,Thread Group 1-54,text,true,,174,154,3,3,http://localhost:8080/roles,35,0,0
1775334334028,33,GET /empleados,200,,Thread Group 1-55,text,true,,174,158,3,3,http://localhost:8080/empleados,33,0,0
1775334334062,31,GET /gateways,200,,Thread Group 1-54,text,true,,174,167,3,3,http://localhost:8080/gateways/proceso/1,31,0,0
1775334334062,31,GET /arcos,200,,Thread Group 1-53,text,true,,174,164,3,3,http://localhost:8080/arcos/proceso/1,31,0,0
1775334334062,31,GET /roles,200,,Thread Group 1-55,text,true,,174,154,3,3,http://localhost:8080/roles,31,0,0
1775334334094,34,GET /arcos,200,,Thread Group 1-54,text,true,,174,164,3,3,http://localhost:8080/arcos/proceso/1,34,0,0
1775334334094,34,GET /gateways,200,,Thread Group 1-55,text,true,,174,167,3,3,http://localhost:8080/gateways/proceso/1,34,0,0
1775334334129,30,GET /arcos,200,,Thread Group 1-55,text,true,,174,164,3,3,http://localhost:8080/arcos/proceso/1,30,0,0
1775334334094,103,POST /empresas,200,,Thread Group 1-53,text,true,,235,302,3,3,http://localhost:8080/empresas,103,0,0
1775334334129,102,POST /empresas,200,,Thread Group 1-54,text,true,,235,302,2,2,http://localhost:8080/empresas,101,0,0
1775334334159,89,POST /empresas,200,,Thread Group 1-55,text,true,,235,302,2,2,http://localhost:8080/empresas,89,0,0
1775334334231,36,GET /empresas,200,,Thread Group 1-54,text,true,,57268,157,2,2,http://localhost:8080/empresas,35,0,0
1775334334267,22,GET /empleados,200,,Thread Group 1-54,text,true,,174,158,3,3,http://localhost:8080/empleados,22,0,0
1775334334248,43,GET /empresas,200,,Thread Group 1-55,text,true,,57268,157,3,3,http://localhost:8080/empresas,43,0,0
1775334334289,35,GET /roles,200,,Thread Group 1-54,text,true,,174,154,3,3,http://localhost:8080/roles,35,0,0
1775334334291,33,GET /empleados,200,,Thread Group 1-55,text,true,,174,158,3,3,http://localhost:8080/empleados,33,0,0
1775334334280,46,GET /empresas,200,,Thread Group 1-56,text,true,,57268,157,3,3,http://localhost:8080/empresas,45,0,0
1775334334326,35,GET /empleados,200,,Thread Group 1-56,text,true,,174,158,3,3,http://localhost:8080/empleados,35,0,0
1775334334324,37,GET /gateways,200,,Thread Group 1-54,text,true,,174,167,3,3,http://localhost:8080/gateways/proceso/1,37,0,0
1775334334324,37,GET /roles,200,,Thread Group 1-55,text,true,,174,154,3,3,http://localhost:8080/roles,37,0,0
1775334334361,38,GET /roles,200,,Thread Group 1-56,text,true,,174,154,3,3,http://localhost:8080/roles,38,0,0
1775334334361,38,GET /gateways,200,,Thread Group 1-55,text,true,,174,167,3,3,http://localhost:8080/gateways/proceso/1,38,0,0
1775334334361,38,GET /arcos,200,,Thread Group 1-54,text,true,,174,164,3,3,http://localhost:8080/arcos/proceso/1,38,0,0
1775334334399,34,GET /gateways,200,,Thread Group 1-56,text,true,,174,167,3,3,http://localhost:8080/gateways/proceso/1,34,0,0
1775334334399,34,GET /arcos,200,,Thread Group 1-55,text,true,,174,164,3,3,http://localhost:8080/arcos/proceso/1,34,0,0
1775334334433,36,GET /arcos,200,,Thread Group 1-56,text,true,,174,164,3,3,http://localhost:8080/arcos/proceso/1,36,0,0
1775334334399,104,POST /empresas,200,,Thread Group 1-54,text,true,,235,302,3,3,http://localhost:8080/empresas,104,0,0
1775334334433,103,POST /empresas,200,,Thread Group 1-55,text,true,,235,302,2,2,http://localhost:8080/empresas,103,0,0
1775334334470,88,POST /empresas,200,,Thread Group 1-56,text,true,,235,302,2,2,http://localhost:8080/empresas,88,0,0
1775334334536,38,GET /empresas,200,,Thread Group 1-55,text,true,,57457,157,2,2,http://localhost:8080/empresas,38,0,0
1775334334575,24,GET /empleados,200,,Thread Group 1-55,text,true,,174,158,3,3,http://localhost:8080/empleados,24,0,0
1775334334558,43,GET /empresas,200,,Thread Group 1-56,text,true,,57457,157,3,3,http://localhost:8080/empresas,43,0,0
1775334334602,26,GET /empleados,200,,Thread Group 1-56,text,true,,174,158,3,3,http://localhost:8080/empleados,26,0,0
1775334334599,29,GET /roles,200,,Thread Group 1-55,text,true,,174,154,3,3,http://localhost:8080/roles,29,0,0
1775334334580,50,GET /empresas,200,,Thread Group 1-57,text,true,,57457,157,3,3,http://localhost:8080/empresas,49,0,0
1775334334628,31,GET /roles,200,,Thread Group 1-56,text,true,,174,154,3,3,http://localhost:8080/roles,31,0,0
1775334334630,29,GET /empleados,200,,Thread Group 1-57,text,true,,174,158,3,3,http://localhost:8080/empleados,29,0,0
1775334334628,31,GET /gateways,200,,Thread Group 1-55,text,true,,174,167,3,3,http://localhost:8080/gateways/proceso/1,31,0,0
1775334334659,38,GET /gateways,200,,Thread Group 1-56,text,true,,174,167,3,3,http://localhost:8080/gateways/proceso/1,38,0,0
1775334334659,38,GET /roles,200,,Thread Group 1-57,text,true,,174,154,3,3,http://localhost:8080/roles,38,0,0
1775334334659,38,GET /arcos,200,,Thread Group 1-55,text,true,,174,164,3,3,http://localhost:8080/arcos/proceso/1,38,0,0
1775334334697,37,GET /arcos,200,,Thread Group 1-56,text,true,,174,164,3,3,http://localhost:8080/arcos/proceso/1,37,0,0
1775334334697,37,GET /gateways,200,,Thread Group 1-57,text,true,,174,167,3,3,http://localhost:8080/gateways/proceso/1,37,0,0
1775334334735,32,GET /arcos,200,,Thread Group 1-57,text,true,,174,164,3,3,http://localhost:8080/arcos/proceso/1,32,0,0
1775334334697,108,POST /empresas,200,,Thread Group 1-55,text,true,,235,302,3,3,http://localhost:8080/empresas,107,0,0
1775334334735,102,POST /empresas,200,,Thread Group 1-56,text,true,,235,302,2,2,http://localhost:8080/empresas,102,0,0
1775334334767,88,POST /empresas,200,,Thread Group 1-57,text,true,,235,302,2,2,http://localhost:8080/empresas,88,0,0
1775334334838,37,GET /empresas,200,,Thread Group 1-56,text,true,,57652,157,2,2,http://localhost:8080/empresas,37,0,0
1775334334875,24,GET /empleados,200,,Thread Group 1-56,text,true,,174,158,3,3,http://localhost:8080/empleados,24,0,0
1775334334855,45,GET /empresas,200,,Thread Group 1-57,text,true,,57652,157,3,3,http://localhost:8080/empresas,45,0,0
1775334334900,14,GET /empleados,200,,Thread Group 1-57,text,true,,174,158,3,3,http://localhost:8080/empleados,14,0,0
1775334334880,34,GET /empresas,200,,Thread Group 1-58,text,true,,57652,157,3,3,http://localhost:8080/empresas,34,0,1
1775334334914,17,GET /empleados,200,,Thread Group 1-58,text,true,,174,158,3,3,http://localhost:8080/empleados,17,0,0
1775334334899,32,GET /roles,200,,Thread Group 1-56,text,true,,174,154,3,3,http://localhost:8080/roles,32,0,0
1775334334914,17,GET /roles,200,,Thread Group 1-57,text,true,,174,154,3,3,http://localhost:8080/roles,17,0,0
1775334334931,38,GET /roles,200,,Thread Group 1-58,text,true,,174,154,3,3,http://localhost:8080/roles,38,0,0
1775334334931,38,GET /gateways,200,,Thread Group 1-56,text,true,,174,167,3,3,http://localhost:8080/gateways/proceso/1,38,0,0
1775334334931,38,GET /gateways,200,,Thread Group 1-57,text,true,,174,167,3,3,http://localhost:8080/gateways/proceso/1,38,0,0
1775334334969,37,GET /arcos,200,,Thread Group 1-56,text,true,,174,164,3,3,http://localhost:8080/arcos/proceso/1,37,0,0
1775334334969,37,GET /arcos,200,,Thread Group 1-57,text,true,,174,164,3,3,http://localhost:8080/arcos/proceso/1,37,0,0
1775334334969,37,GET /gateways,200,,Thread Group 1-58,text,true,,174,167,3,3,http://localhost:8080/gateways/proceso/1,37,0,0
1775334335006,39,GET /arcos,200,,Thread Group 1-58,text,true,,174,164,3,3,http://localhost:8080/arcos/proceso/1,39,0,0
1775334335006,102,POST /empresas,200,,Thread Group 1-56,text,true,,235,302,3,3,http://localhost:8080/empresas,102,0,0
1775334335006,102,POST /empresas,200,,Thread Group 1-57,text,true,,235,302,3,3,http://localhost:8080/empresas,102,0,0
1775334335045,104,POST /empresas,200,,Thread Group 1-58,text,true,,235,302,2,2,http://localhost:8080/empresas,104,0,0
1775334335109,43,GET /empresas,200,,Thread Group 1-57,text,true,,57778,157,2,2,http://localhost:8080/empresas,42,0,0
1775334335152,19,GET /empleados,200,,Thread Group 1-57,text,true,,174,158,2,2,http://localhost:8080/empleados,18,0,0
1775334335171,19,GET /roles,200,,Thread Group 1-57,text,true,,174,154,3,3,http://localhost:8080/roles,19,0,0
1775334335149,43,GET /empresas,200,,Thread Group 1-58,text,true,,57842,157,3,3,http://localhost:8080/empresas,43,0,0
1775334335190,32,GET /gateways,200,,Thread Group 1-57,text,true,,174,167,3,3,http://localhost:8080/gateways/proceso/1,32,0,0
1775334335192,30,GET /empleados,200,,Thread Group 1-58,text,true,,174,158,3,3,http://localhost:8080/empleados,30,0,0
1775334335180,43,GET /empresas,200,,Thread Group 1-59,text,true,,57842,157,3,3,http://localhost:8080/empresas,43,0,1
1775334335223,34,GET /empleados,200,,Thread Group 1-59,text,true,,174,158,3,3,http://localhost:8080/empleados,34,0,0
1775334335222,35,GET /arcos,200,,Thread Group 1-57,text,true,,174,164,3,3,http://localhost:8080/arcos/proceso/1,35,0,0
1775334335222,35,GET /roles,200,,Thread Group 1-58,text,true,,174,154,3,3,http://localhost:8080/roles,35,0,0
1775334335257,34,GET /roles,200,,Thread Group 1-59,text,true,,174,154,3,3,http://localhost:8080/roles,34,0,0
1775334335257,34,GET /gateways,200,,Thread Group 1-58,text,true,,174,167,3,3,http://localhost:8080/gateways/proceso/1,34,0,0
1775334335291,32,GET /gateways,200,,Thread Group 1-59,text,true,,174,167,3,3,http://localhost:8080/gateways/proceso/1,32,0,0
1775334335291,32,GET /arcos,200,,Thread Group 1-58,text,true,,174,164,3,3,http://localhost:8080/arcos/proceso/1,32,0,0
1775334335257,101,POST /empresas,200,,Thread Group 1-57,text,true,,235,302,3,3,http://localhost:8080/empresas,101,0,0
1775334335323,35,GET /arcos,200,,Thread Group 1-59,text,true,,174,164,3,3,http://localhost:8080/arcos/proceso/1,35,0,0
1775334335323,111,POST /empresas,200,,Thread Group 1-58,text,true,,235,302,2,2,http://localhost:8080/empresas,111,0,0
1775334335358,96,POST /empresas,200,,Thread Group 1-59,text,true,,235,302,2,2,http://localhost:8080/empresas,96,0,0
1775334335434,44,GET /empresas,200,,Thread Group 1-58,text,true,,57968,157,2,2,http://localhost:8080/empresas,43,0,0
1775334335478,21,GET /empleados,200,,Thread Group 1-58,text,true,,174,158,3,3,http://localhost:8080/empleados,21,0,0
1775334335455,46,GET /empresas,200,,Thread Group 1-59,text,true,,58031,157,3,3,http://localhost:8080/empresas,46,0,0
1775334335499,22,GET /roles,200,,Thread Group 1-58,text,true,,174,154,3,3,http://localhost:8080/roles,22,0,0
1775334335502,19,GET /empleados,200,,Thread Group 1-59,text,true,,174,158,3,3,http://localhost:8080/empleados,19,0,0
1775334335479,44,GET /empresas,200,,Thread Group 1-60,text,true,,58031,157,3,3,http://localhost:8080/empresas,43,0,1
1775334335521,39,GET /gateways,200,,Thread Group 1-58,text,true,,174,167,3,3,http://localhost:8080/gateways/proceso/1,39,0,0
1775334335521,39,GET /roles,200,,Thread Group 1-59,text,true,,174,154,3,3,http://localhost:8080/roles,39,0,0
1775334335523,37,GET /empleados,200,,Thread Group 1-60,text,true,,174,158,3,3,http://localhost:8080/empleados,37,0,0
1775334335560,33,GET /arcos,200,,Thread Group 1-58,text,true,,174,164,3,3,http://localhost:8080/arcos/proceso/1,33,0,0
1775334335560,33,GET /gateways,200,,Thread Group 1-59,text,true,,174,167,3,3,http://localhost:8080/gateways/proceso/1,33,0,0
1775334335560,33,GET /roles,200,,Thread Group 1-60,text,true,,174,154,3,3,http://localhost:8080/roles,33,0,0
1775334335593,35,GET /arcos,200,,Thread Group 1-59,text,true,,174,164,3,3,http://localhost:8080/arcos/proceso/1,35,0,0
1775334335593,35,GET /gateways,200,,Thread Group 1-60,text,true,,174,167,3,3,http://localhost:8080/gateways/proceso/1,35,0,0
1775334335628,34,GET /arcos,200,,Thread Group 1-60,text,true,,174,164,3,3,http://localhost:8080/arcos/proceso/1,34,0,0
1775334335593,104,POST /empresas,200,,Thread Group 1-58,text,true,,235,302,3,3,http://localhost:8080/empresas,104,0,0
1775334335628,100,POST /empresas,200,,Thread Group 1-59,text,true,,235,302,2,2,http://localhost:8080/empresas,100,0,0
1775334335662,84,POST /empresas,200,,Thread Group 1-60,text,true,,235,302,2,2,http://localhost:8080/empresas,84,0,0
1775334335729,37,GET /empresas,200,,Thread Group 1-59,text,true,,58220,157,2,2,http://localhost:8080/empresas,37,0,0
1775334335767,22,GET /empleados,200,,Thread Group 1-59,text,true,,174,158,3,3,http://localhost:8080/empleados,22,0,0
1775334335746,46,GET /empresas,200,,Thread Group 1-60,text,true,,58220,157,3,3,http://localhost:8080/empresas,45,0,0
1775334335792,13,GET /empleados,200,,Thread Group 1-60,text,true,,174,158,3,3,http://localhost:8080/empleados,13,0,0
1775334335790,33,GET /roles,200,,Thread Group 1-59,text,true,,174,154,3,3,http://localhost:8080/roles,33,0,0
1775334335805,18,GET /roles,200,,Thread Group 1-60,text,true,,174,154,3,3,http://localhost:8080/roles,18,0,0
1775334335780,44,GET /empresas,200,,Thread Group 1-61,text,true,,58220,157,3,3,http://localhost:8080/empresas,44,0,1
1775334335824,33,GET /empleados,200,,Thread Group 1-61,text,true,,174,158,3,3,http://localhost:8080/empleados,33,0,0
1775334335823,34,GET /gateways,200,,Thread Group 1-59,text,true,,174,167,3,3,http://localhost:8080/gateways/proceso/1,34,0,0
1775334335823,34,GET /gateways,200,,Thread Group 1-60,text,true,,174,167,3,3,http://localhost:8080/gateways/proceso/1,34,0,0
1775334335858,40,GET /arcos,200,,Thread Group 1-60,text,true,,174,164,3,3,http://localhost:8080/arcos/proceso/1,40,0,0
1775334335857,41,GET /arcos,200,,Thread Group 1-59,text,true,,174,164,3,3,http://localhost:8080/arcos/proceso/1,41,0,0
1775334335857,41,GET /roles,200,,Thread Group 1-61,text,true,,174,154,3,3,http://localhost:8080/roles,41,0,0
1775334335898,38,GET /gateways,200,,Thread Group 1-61,text,true,,174,167,3,3,http://localhost:8080/gateways/proceso/1,38,0,0
1775334335937,34,GET /arcos,200,,Thread Group 1-61,text,true,,174,164,3,3,http://localhost:8080/arcos/proceso/1,34,0,0
1775334335898,109,POST /empresas,200,,Thread Group 1-60,text,true,,235,302,3,3,http://localhost:8080/empresas,109,0,0
1775334335898,109,POST /empresas,200,,Thread Group 1-59,text,true,,235,302,3,3,http://localhost:8080/empresas,109,0,0
1775334335972,79,POST /empresas,200,,Thread Group 1-61,text,true,,235,302,2,2,http://localhost:8080/empresas,79,0,0
1775334336007,47,GET /empresas,200,,Thread Group 1-60,text,true,,58346,157,2,2,http://localhost:8080/empresas,46,0,0
1775334336054,21,GET /empleados,200,,Thread Group 1-60,text,true,,174,158,2,2,http://localhost:8080/empleados,21,0,0
1775334336075,17,GET /roles,200,,Thread Group 1-60,text,true,,174,154,3,3,http://localhost:8080/roles,17,0,0
1775334336051,43,GET /empresas,200,,Thread Group 1-61,text,true,,58409,157,3,3,http://localhost:8080/empresas,43,0,0
1775334336092,33,GET /gateways,200,,Thread Group 1-60,text,true,,174,167,3,3,http://localhost:8080/gateways/proceso/1,33,0,0
1775334336095,30,GET /empleados,200,,Thread Group 1-61,text,true,,174,158,3,3,http://localhost:8080/empleados,30,0,0
1775334336080,47,GET /empresas,200,,Thread Group 1-62,text,true,,58409,157,3,3,http://localhost:8080/empresas,46,0,1
1775334336127,33,GET /empleados,200,,Thread Group 1-62,text,true,,174,158,3,3,http://localhost:8080/empleados,33,0,0
1775334336125,35,GET /arcos,200,,Thread Group 1-60,text,true,,174,164,3,3,http://localhost:8080/arcos/proceso/1,35,0,0
1775334336125,35,GET /roles,200,,Thread Group 1-61,text,true,,174,154,3,3,http://localhost:8080/roles,35,0,0
1775334336160,38,GET /roles,200,,Thread Group 1-62,text,true,,174,154,3,3,http://localhost:8080/roles,38,0,0
1775334336160,38,GET /gateways,200,,Thread Group 1-61,text,true,,174,167,3,3,http://localhost:8080/gateways/proceso/1,38,0,0
1775334336198,33,GET /gateways,200,,Thread Group 1-62,text,true,,174,167,3,3,http://localhost:8080/gateways/proceso/1,33,0,0
1775334336198,33,GET /arcos,200,,Thread Group 1-61,text,true,,174,164,3,3,http://localhost:8080/arcos/proceso/1,33,0,0
1775334336231,31,GET /arcos,200,,Thread Group 1-62,text,true,,174,164,3,3,http://localhost:8080/arcos/proceso/1,31,0,0
1775334336160,102,POST /empresas,200,,Thread Group 1-60,text,true,,235,302,3,3,http://localhost:8080/empresas,102,0,0
1775334336231,107,POST /empresas,200,,Thread Group 1-61,text,true,,235,302,2,2,http://localhost:8080/empresas,107,0,0
1775334336262,96,POST /empresas,200,,Thread Group 1-62,text,true,,235,302,2,2,http://localhost:8080/empresas,96,0,0
1775334336338,42,GET /empresas,200,,Thread Group 1-61,text,true,,58598,157,3,3,http://localhost:8080/empresas,41,0,0
1775334336380,23,GET /empleados,200,,Thread Group 1-61,text,true,,174,158,3,3,http://localhost:8080/empleados,23,0,0
1775334336358,47,GET /empresas,200,,Thread Group 1-62,text,true,,58598,157,3,3,http://localhost:8080/empresas,46,0,0
1775334336405,30,GET /empleados,200,,Thread Group 1-62,text,true,,174,158,3,3,http://localhost:8080/empleados,30,0,0
1775334336403,32,GET /roles,200,,Thread Group 1-61,text,true,,174,154,3,3,http://localhost:8080/roles,32,0,0
1775334336380,58,GET /empresas,200,,Thread Group 1-63,text,true,,58598,157,3,3,http://localhost:8080/empresas,58,0,0
1775334336436,38,GET /roles,200,,Thread Group 1-62,text,true,,174,154,3,3,http://localhost:8080/roles,38,0,0
1775334336438,37,GET /empleados,200,,Thread Group 1-63,text,true,,174,158,3,3,http://localhost:8080/empleados,36,0,0
1775334336436,39,GET /gateways,200,,Thread Group 1-61,text,true,,174,167,3,3,http://localhost:8080/gateways/proceso/1,38,0,0
1775334336475,36,GET /roles,200,,Thread Group 1-63,text,true,,174,154,3,3,http://localhost:8080/roles,36,0,0
1775334336475,36,GET /gateways,200,,Thread Group 1-62,text,true,,174,167,3,3,http://localhost:8080/gateways/proceso/1,36,0,0
1775334336475,36,GET /arcos,200,,Thread Group 1-61,text,true,,174,164,3,3,http://localhost:8080/arcos/proceso/1,36,0,0
1775334336511,30,GET /gateways,200,,Thread Group 1-63,text,true,,174,167,3,3,http://localhost:8080/gateways/proceso/1,30,0,0
1775334336511,30,GET /arcos,200,,Thread Group 1-62,text,true,,174,164,3,3,http://localhost:8080/arcos/proceso/1,30,0,0
1775334336542,31,GET /arcos,200,,Thread Group 1-63,text,true,,174,164,3,3,http://localhost:8080/arcos/proceso/1,31,0,0
1775334336511,99,POST /empresas,200,,Thread Group 1-61,text,true,,235,302,3,3,http://localhost:8080/empresas,99,0,0
1775334336542,101,POST /empresas,200,,Thread Group 1-62,text,true,,235,302,2,2,http://localhost:8080/empresas,101,0,0
1775334336573,86,POST /empresas,200,,Thread Group 1-63,text,true,,235,302,2,2,http://localhost:8080/empresas,86,0,0
1775334336643,34,GET /empresas,200,,Thread Group 1-62,text,true,,58724,157,2,2,http://localhost:8080/empresas,34,0,0
1775334336678,20,GET /empleados,200,,Thread Group 1-62,text,true,,174,158,3,3,http://localhost:8080/empleados,20,0,0
1775334336659,41,GET /empresas,200,,Thread Group 1-63,text,true,,58787,157,3,3,http://localhost:8080/empresas,41,0,0
1775334336699,25,GET /roles,200,,Thread Group 1-62,text,true,,174,154,3,3,http://localhost:8080/roles,25,0,0
1775334336680,46,GET /empresas,200,,Thread Group 1-64,text,true,,58787,157,3,3,http://localhost:8080/empresas,46,0,1
1775334336726,16,GET /empleados,200,,Thread Group 1-64,text,true,,174,158,3,3,http://localhost:8080/empleados,16,0,0
1775334336724,19,GET /gateways,200,,Thread Group 1-62,text,true,,174,167,3,3,http://localhost:8080/gateways/proceso/1,19,0,0
1775334336705,38,GET /empleados,200,,Thread Group 1-63,text,true,,174,158,3,3,http://localhost:8080/empleados,38,0,0
1775334336743,35,GET /roles,200,,Thread Group 1-63,text,true,,174,154,3,3,http://localhost:8080/roles,35,0,0
1775334336743,35,GET /roles,200,,Thread Group 1-64,text,true,,174,154,3,3,http://localhost:8080/roles,35,0,0
1775334336743,35,GET /arcos,200,,Thread Group 1-62,text,true,,174,164,3,3,http://localhost:8080/arcos/proceso/1,35,0,0
1775334336779,36,GET /gateways,200,,Thread Group 1-64,text,true,,174,167,3,3,http://localhost:8080/gateways/proceso/1,36,0,0
1775334336779,36,GET /gateways,200,,Thread Group 1-63,text,true,,174,167,3,3,http://localhost:8080/gateways/proceso/1,36,0,0
1775334336816,34,GET /arcos,200,,Thread Group 1-63,text,true,,174,164,3,3,http://localhost:8080/arcos/proceso/1,34,0,0
1775334336816,34,GET /arcos,200,,Thread Group 1-64,text,true,,174,164,3,3,http://localhost:8080/arcos/proceso/1,34,0,0
1775334336779,110,POST /empresas,200,,Thread Group 1-62,text,true,,235,302,3,3,http://localhost:8080/empresas,110,0,0
1775334336851,120,POST /empresas,200,,Thread Group 1-64,text,true,,235,302,2,2,http://localhost:8080/empresas,120,0,0
1775334336851,120,POST /empresas,200,,Thread Group 1-63,text,true,,235,302,2,2,http://localhost:8080/empresas,120,0,0
1775334336971,31,GET /empresas,200,,Thread Group 1-64,text,true,,58976,157,3,3,http://localhost:8080/empresas,30,0,0
1775334336971,31,GET /empresas,200,,Thread Group 1-63,text,true,,58976,157,3,3,http://localhost:8080/empresas,30,0,0
1775334337002,23,GET /empleados,200,,Thread Group 1-64,text,true,,174,158,3,3,http://localhost:8080/empleados,23,0,0
1775334337002,23,GET /empleados,200,,Thread Group 1-63,text,true,,174,158,3,3,http://localhost:8080/empleados,23,0,0
1775334336981,48,GET /empresas,200,,Thread Group 1-65,text,true,,58976,157,3,3,http://localhost:8080/empresas,47,0,0
1775334337026,37,GET /roles,200,,Thread Group 1-63,text,true,,174,154,3,3,http://localhost:8080/roles,37,0,0
1775334337029,34,GET /empleados,200,,Thread Group 1-65,text,true,,174,158,3,3,http://localhost:8080/empleados,34,0,0
1775334337026,37,GET /roles,200,,Thread Group 1-64,text,true,,174,154,3,3,http://localhost:8080/roles,37,0,0
1775334337063,38,GET /roles,200,,Thread Group 1-65,text,true,,174,154,3,3,http://localhost:8080/roles,38,0,0
1775334337063,38,GET /gateways,200,,Thread Group 1-63,text,true,,174,167,3,3,http://localhost:8080/gateways/proceso/1,38,0,0
1775334337063,38,GET /gateways,200,,Thread Group 1-64,text,true,,174,167,3,3,http://localhost:8080/gateways/proceso/1,38,0,0
1775334337101,39,GET /arcos,200,,Thread Group 1-64,text,true,,174,164,3,3,http://localhost:8080/arcos/proceso/1,39,0,0
1775334337101,39,GET /arcos,200,,Thread Group 1-63,text,true,,174,164,3,3,http://localhost:8080/arcos/proceso/1,39,0,0
1775334337101,39,GET /gateways,200,,Thread Group 1-65,text,true,,174,167,3,3,http://localhost:8080/gateways/proceso/1,39,0,0
1775334337140,32,GET /arcos,200,,Thread Group 1-65,text,true,,174,164,3,3,http://localhost:8080/arcos/proceso/1,31,0,0
1775334337140,101,POST /empresas,200,,Thread Group 1-63,text,true,,235,302,3,3,http://localhost:8080/empresas,101,0,0
1775334337140,101,POST /empresas,200,,Thread Group 1-64,text,true,,235,302,3,3,http://localhost:8080/empresas,101,0,0
1775334337172,87,POST /empresas,200,,Thread Group 1-65,text,true,,235,302,2,2,http://localhost:8080/empresas,87,0,0
1775334337241,40,GET /empresas,200,,Thread Group 1-64,text,true,,59165,157,3,3,http://localhost:8080/empresas,39,0,0
1775334337281,18,GET /empleados,200,,Thread Group 1-64,text,true,,174,158,3,3,http://localhost:8080/empleados,18,0,0
1775334337259,40,GET /empresas,200,,Thread Group 1-65,text,true,,59165,157,3,3,http://localhost:8080/empresas,39,0,0
1775334337299,25,GET /empleados,200,,Thread Group 1-65,text,true,,174,158,3,3,http://localhost:8080/empleados,25,0,0
1775334337299,25,GET /roles,200,,Thread Group 1-64,text,true,,174,154,3,3,http://localhost:8080/roles,25,0,0
1775334337280,46,GET /empresas,200,,Thread Group 1-66,text,true,,59165,157,3,3,http://localhost:8080/empresas,46,0,1
1775334337326,34,GET /empleados,200,,Thread Group 1-66,text,true,,174,158,3,3,http://localhost:8080/empleados,34,0,0
1775334337324,36,GET /roles,200,,Thread Group 1-65,text,true,,174,154,3,3,http://localhost:8080/roles,36,0,0
1775334337324,36,GET /gateways,200,,Thread Group 1-64,text,true,,174,167,3,3,http://localhost:8080/gateways/proceso/1,36,0,0
1775334337360,33,GET /arcos,200,,Thread Group 1-64,text,true,,174,164,3,3,http://localhost:8080/arcos/proceso/1,33,0,0
1775334337360,33,GET /roles,200,,Thread Group 1-66,text,true,,174,154,3,3,http://localhost:8080/roles,33,0,0
1775334337360,33,GET /gateways,200,,Thread Group 1-65,text,true,,174,167,3,3,http://localhost:8080/gateways/proceso/1,33,0,0
1775334337394,34,GET /arcos,200,,Thread Group 1-65,text,true,,174,164,3,3,http://localhost:8080/arcos/proceso/1,34,0,0
1775334337394,34,GET /gateways,200,,Thread Group 1-66,text,true,,174,167,3,3,http://localhost:8080/gateways/proceso/1,34,0,0
1775334337428,29,GET /arcos,200,,Thread Group 1-66,text,true,,174,164,3,3,http://localhost:8080/arcos/proceso/1,29,0,0
1775334337394,98,POST /empresas,200,,Thread Group 1-64,text,true,,235,302,3,3,http://localhost:8080/empresas,98,0,0
1775334337428,97,POST /empresas,200,,Thread Group 1-65,text,true,,235,302,2,2,http://localhost:8080/empresas,97,0,0
1775334337457,85,POST /empresas,200,,Thread Group 1-66,text,true,,235,302,2,2,http://localhost:8080/empresas,85,0,0
1775334337526,43,GET /empresas,200,,Thread Group 1-65,text,true,,59354,157,2,2,http://localhost:8080/empresas,43,0,0
1775334337569,16,GET /empleados,200,,Thread Group 1-65,text,true,,174,158,3,3,http://localhost:8080/empleados,16,0,0
1775334337543,44,GET /empresas,200,,Thread Group 1-66,text,true,,59354,157,3,3,http://localhost:8080/empresas,44,0,0
1775334337588,34,GET /empleados,200,,Thread Group 1-66,text,true,,174,158,3,3,http://localhost:8080/empleados,34,0,0
1775334337586,36,GET /roles,200,,Thread Group 1-65,text,true,,174,154,3,3,http://localhost:8080/roles,36,0,0
1775334337580,44,GET /empresas,200,,Thread Group 1-67,text,true,,59354,157,3,3,http://localhost:8080/empresas,44,0,0
1775334337625,30,GET /empleados,200,,Thread Group 1-67,text,true,,174,158,3,3,http://localhost:8080/empleados,30,0,0
1775334337622,33,GET /gateways,200,,Thread Group 1-65,text,true,,174,167,3,3,http://localhost:8080/gateways/proceso/1,33,0,0
1775334337622,33,GET /roles,200,,Thread Group 1-66,text,true,,174,154,3,3,http://localhost:8080/roles,33,0,0
1775334337656,33,GET /roles,200,,Thread Group 1-67,text,true,,174,154,3,3,http://localhost:8080/roles,33,0,0
1775334337656,33,GET /gateways,200,,Thread Group 1-66,text,true,,174,167,3,3,http://localhost:8080/gateways/proceso/1,33,0,0
1775334337656,33,GET /arcos,200,,Thread Group 1-65,text,true,,174,164,3,3,http://localhost:8080/arcos/proceso/1,33,0,0
1775334337689,35,GET /gateways,200,,Thread Group 1-67,text,true,,174,167,3,3,http://localhost:8080/gateways/proceso/1,35,0,0
1775334337690,34,GET /arcos,200,,Thread Group 1-66,text,true,,174,164,3,3,http://localhost:8080/arcos/proceso/1,34,0,0
1775334337725,27,GET /arcos,200,,Thread Group 1-67,text,true,,174,164,3,3,http://localhost:8080/arcos/proceso/1,26,0,0
1775334337690,95,POST /empresas,200,,Thread Group 1-65,text,true,,235,302,3,3,http://localhost:8080/empresas,95,0,0
1775334337725,91,POST /empresas,200,,Thread Group 1-66,text,true,,235,302,2,2,http://localhost:8080/empresas,91,0,0
1775334337752,84,POST /empresas,200,,Thread Group 1-67,text,true,,235,302,2,2,http://localhost:8080/empresas,84,0,0
1775334337816,41,GET /empresas,200,,Thread Group 1-66,text,true,,59543,157,2,2,http://localhost:8080/empresas,41,0,0
1775334337857,21,GET /empleados,200,,Thread Group 1-66,text,true,,174,158,2,2,http://localhost:8080/empleados,21,0,0
1775334337836,45,GET /empresas,200,,Thread Group 1-67,text,true,,59543,157,3,3,http://localhost:8080/empresas,44,0,0
1775334337881,22,GET /empleados,200,,Thread Group 1-67,text,true,,174,158,3,3,http://localhost:8080/empleados,21,0,0
1775334337878,25,GET /roles,200,,Thread Group 1-66,text,true,,174,154,3,3,http://localhost:8080/roles,24,0,0
1775334337903,18,GET /roles,200,,Thread Group 1-67,text,true,,174,154,3,3,http://localhost:8080/roles,18,0,0
1775334337903,18,GET /gateways,200,,Thread Group 1-66,text,true,,174,167,3,3,http://localhost:8080/gateways/proceso/1,18,0,0
1775334337880,42,GET /empresas,200,,Thread Group 1-68,text,true,,59543,157,3,3,http://localhost:8080/empresas,42,0,1
1775334337921,38,GET /arcos,200,,Thread Group 1-66,text,true,,174,164,3,3,http://localhost:8080/arcos/proceso/1,38,0,0
1775334337921,38,GET /gateways,200,,Thread Group 1-67,text,true,,174,167,3,3,http://localhost:8080/gateways/proceso/1,38,0,0
1775334337922,37,GET /empleados,200,,Thread Group 1-68,text,true,,174,158,3,3,http://localhost:8080/empleados,37,0,0
1775334337959,31,GET /arcos,200,,Thread Group 1-67,text,true,,174,164,3,3,http://localhost:8080/arcos/proceso/1,31,0,0
1775334337959,31,GET /roles,200,,Thread Group 1-68,text,true,,174,154,3,3,http://localhost:8080/roles,31,0,0
1775334337990,31,GET /gateways,200,,Thread Group 1-68,text,true,,174,167,3,3,http://localhost:8080/gateways/proceso/1,31,0,0
1775334338021,31,GET /arcos,200,,Thread Group 1-68,text,true,,174,164,3,3,http://localhost:8080/arcos/proceso/1,31,0,0
1775334337959,93,POST /empresas,200,,Thread Group 1-66,text,true,,235,302,3,3,http://localhost:8080/empresas,93,0,0
1775334337990,97,POST /empresas,200,,Thread Group 1-67,text,true,,235,302,2,2,http://localhost:8080/empresas,97,0,0
1775334338053,75,POST /empresas,200,,Thread Group 1-68,text,true,,235,302,2,2,http://localhost:8080/empresas,75,0,0
1775334338087,50,GET /empresas,200,,Thread Group 1-67,text,true,,59669,157,2,2,http://localhost:8080/empresas,50,0,0
1775334338137,37,GET /empleados,200,,Thread Group 1-67,text,true,,174,158,2,2,http://localhost:8080/empleados,37,0,0
1775334338129,48,GET /empresas,200,,Thread Group 1-68,text,true,,59732,157,2,2,http://localhost:8080/empresas,47,0,0
1775334338177,24,GET /empleados,200,,Thread Group 1-68,text,true,,174,158,3,3,http://localhost:8080/empleados,24,0,0
1775334338175,26,GET /roles,200,,Thread Group 1-67,text,true,,174,154,3,3,http://localhost:8080/roles,26,0,0
1775334338206,15,GET /roles,200,,Thread Group 1-68,text,true,,174,154,3,3,http://localhost:8080/roles,15,0,0
1775334338179,44,GET /empresas,200,,Thread Group 1-69,text,true,,59732,157,3,3,http://localhost:8080/empresas,44,0,1
1775334338223,19,GET /empleados,200,,Thread Group 1-69,text,true,,174,158,3,3,http://localhost:8080/empleados,19,0,0
1775334338221,21,GET /gateways,200,,Thread Group 1-68,text,true,,174,167,3,3,http://localhost:8080/gateways/proceso/1,21,0,0
1775334338206,36,GET /gateways,200,,Thread Group 1-67,text,true,,174,167,3,3,http://localhost:8080/gateways/proceso/1,36,0,0
1775334338242,35,GET /roles,200,,Thread Group 1-69,text,true,,174,154,3,3,http://localhost:8080/roles,35,0,0
1775334338242,35,GET /arcos,200,,Thread Group 1-68,text,true,,174,164,3,3,http://localhost:8080/arcos/proceso/1,35,0,0
1775334338242,35,GET /arcos,200,,Thread Group 1-67,text,true,,174,164,3,3,http://localhost:8080/arcos/proceso/1,35,0,0
1775334338278,42,GET /gateways,200,,Thread Group 1-69,text,true,,174,167,3,3,http://localhost:8080/gateways/proceso/1,42,0,0
1775334338320,31,GET /arcos,200,,Thread Group 1-69,text,true,,174,164,3,3,http://localhost:8080/arcos/proceso/1,31,0,0
1775334338278,111,POST /empresas,200,,Thread Group 1-67,text,true,,235,302,3,3,http://localhost:8080/empresas,111,0,0
1775334338278,111,POST /empresas,200,,Thread Group 1-68,text,true,,235,302,3,3,http://localhost:8080/empresas,111,0,0
1775334338352,82,POST /empresas,200,,Thread Group 1-69,text,true,,235,302,2,2,http://localhost:8080/empresas,82,0,0
1775334338389,47,GET /empresas,200,,Thread Group 1-68,text,true,,59795,157,2,2,http://localhost:8080/empresas,47,0,0
1775334338436,19,GET /empleados,200,,Thread Group 1-68,text,true,,174,158,2,2,http://localhost:8080/empleados,19,0,0
1775334338455,20,GET /roles,200,,Thread Group 1-68,text,true,,174,154,2,2,http://localhost:8080/roles,20,0,0
1775334338434,43,GET /empresas,200,,Thread Group 1-69,text,true,,59858,157,2,2,http://localhost:8080/empresas,43,0,0
1775334338477,21,GET /empleados,200,,Thread Group 1-69,text,true,,174,158,3,3,http://localhost:8080/empleados,20,0,0
1775334338475,23,GET /gateways,200,,Thread Group 1-68,text,true,,174,167,3,3,http://localhost:8080/gateways/proceso/1,22,0,0
1775334338498,22,GET /roles,200,,Thread Group 1-69,text,true,,174,154,3,3,http://localhost:8080/roles,22,0,0
1775334338498,22,GET /arcos,200,,Thread Group 1-68,text,true,,174,164,3,3,http://localhost:8080/arcos/proceso/1,22,0,0
1775334338479,43,GET /empresas,200,,Thread Group 1-70,text,true,,59858,157,3,3,http://localhost:8080/empresas,42,0,1
1775334338522,31,GET /empleados,200,,Thread Group 1-70,text,true,,174,158,3,3,http://localhost:8080/empleados,31,0,0
1775334338520,33,GET /gateways,200,,Thread Group 1-69,text,true,,174,167,3,3,http://localhost:8080/gateways/proceso/1,33,0,0
1775334338553,33,GET /roles,200,,Thread Group 1-70,text,true,,174,154,3,3,http://localhost:8080/roles,33,0,0
1775334338553,33,GET /arcos,200,,Thread Group 1-69,text,true,,174,164,3,3,http://localhost:8080/arcos/proceso/1,33,0,0
1775334338586,35,GET /gateways,200,,Thread Group 1-70,text,true,,174,167,3,3,http://localhost:8080/gateways/proceso/1,35,0,0
1775334338520,101,POST /empresas,200,,Thread Group 1-68,text,true,,235,302,3,3,http://localhost:8080/empresas,101,0,0
1775334338622,34,GET /arcos,200,,Thread Group 1-70,text,true,,174,164,2,2,http://localhost:8080/arcos/proceso/1,34,0,0
1775334338586,104,POST /empresas,200,,Thread Group 1-69,text,true,,235,302,2,2,http://localhost:8080/empresas,104,0,0
1775334338656,78,POST /empresas,200,,Thread Group 1-70,text,true,,235,302,2,2,http://localhost:8080/empresas,78,0,0
1775334338690,45,GET /empresas,200,,Thread Group 1-69,text,true,,59984,157,2,2,http://localhost:8080/empresas,45,0,0
1775334338735,17,GET /empleados,200,,Thread Group 1-69,text,true,,174,158,2,2,http://localhost:8080/empleados,17,0,0
1775334338752,26,GET /roles,200,,Thread Group 1-69,text,true,,174,154,2,2,http://localhost:8080/roles,26,0,0
1775334338734,47,GET /empresas,200,,Thread Group 1-70,text,true,,60047,157,3,3,http://localhost:8080/empresas,46,0,0
1775334338781,20,GET /empleados,200,,Thread Group 1-70,text,true,,174,158,3,3,http://localhost:8080/empleados,20,0,0
1775334338778,23,GET /gateways,200,,Thread Group 1-69,text,true,,174,167,3,3,http://localhost:8080/gateways/proceso/1,23,0,0
1775334338801,24,GET /roles,200,,Thread Group 1-70,text,true,,174,154,3,3,http://localhost:8080/roles,24,0,0
1775334338801,24,GET /arcos,200,,Thread Group 1-69,text,true,,174,164,3,3,http://localhost:8080/arcos/proceso/1,24,0,0
1775334338781,45,GET /empresas,200,,Thread Group 1-71,text,true,,60047,157,3,3,http://localhost:8080/empresas,44,0,0
1775334338826,32,GET /empleados,200,,Thread Group 1-71,text,true,,174,158,3,3,http://localhost:8080/empleados,32,0,0
1775334338825,33,GET /gateways,200,,Thread Group 1-70,text,true,,174,167,3,3,http://localhost:8080/gateways/proceso/1,33,0,0
1775334338859,128,GET /roles,200,,Thread Group 1-71,text,true,,174,154,3,3,http://localhost:8080/roles,128,0,0
1775334338859,128,GET /arcos,200,,Thread Group 1-70,text,true,,174,164,3,3,http://localhost:8080/arcos/proceso/1,128,0,0
1775334338825,200,POST /empresas,200,,Thread Group 1-69,text,true,,235,302,3,3,http://localhost:8080/empresas,200,0,0
1775334338987,38,GET /gateways,200,,Thread Group 1-71,text,true,,174,167,3,3,http://localhost:8080/gateways/proceso/1,38,0,0
1775334339026,34,GET /arcos,200,,Thread Group 1-71,text,true,,174,164,2,2,http://localhost:8080/arcos/proceso/1,34,0,0
1775334338987,108,POST /empresas,200,,Thread Group 1-70,text,true,,235,302,3,3,http://localhost:8080/empresas,108,0,0
1775334339079,32,GET /empresas,200,,Thread Group 1-72,text,true,,60173,157,3,3,http://localhost:8080/empresas,32,0,1
1775334339111,30,GET /empleados,200,,Thread Group 1-72,text,true,,174,158,3,3,http://localhost:8080/empleados,30,0,0
1775334339060,81,POST /empresas,200,,Thread Group 1-71,text,true,,235,302,3,3,http://localhost:8080/empresas,81,0,0
1775334339095,48,GET /empresas,200,,Thread Group 1-70,text,true,,60173,157,3,3,http://localhost:8080/empresas,48,0,0
1775334339143,18,GET /empleados,200,,Thread Group 1-70,text,true,,174,158,3,3,http://localhost:8080/empleados,18,0,0
1775334339141,20,GET /roles,200,,Thread Group 1-72,text,true,,174,154,3,3,http://localhost:8080/roles,20,0,0
1775334339162,21,GET /gateways,200,,Thread Group 1-72,text,true,,174,167,3,3,http://localhost:8080/gateways/proceso/1,21,0,0
1775334339162,21,GET /roles,200,,Thread Group 1-70,text,true,,174,154,3,3,http://localhost:8080/roles,21,0,0
1775334339141,44,GET /empresas,200,,Thread Group 1-71,text,true,,60236,157,3,3,http://localhost:8080/empresas,44,0,0
1775334339183,37,GET /arcos,200,,Thread Group 1-72,text,true,,174,164,3,3,http://localhost:8080/arcos/proceso/1,37,0,0
1775334339186,34,GET /empleados,200,,Thread Group 1-71,text,true,,174,158,3,3,http://localhost:8080/empleados,34,0,0
1775334339183,37,GET /gateways,200,,Thread Group 1-70,text,true,,174,167,3,3,http://localhost:8080/gateways/proceso/1,37,0,0
1775334339221,40,GET /arcos,200,,Thread Group 1-70,text,true,,174,164,3,3,http://localhost:8080/arcos/proceso/1,39,0,0
1775334339221,40,GET /roles,200,,Thread Group 1-71,text,true,,174,154,3,3,http://localhost:8080/roles,40,0,0
1775334339261,32,GET /gateways,200,,Thread Group 1-71,text,true,,174,167,3,3,http://localhost:8080/gateways/proceso/1,32,0,0
1775334339293,35,GET /arcos,200,,Thread Group 1-71,text,true,,174,164,3,3,http://localhost:8080/arcos/proceso/1,35,0,0
1775334339221,107,POST /empresas,200,,Thread Group 1-72,text,true,,235,302,3,3,http://localhost:8080/empresas,107,0,0
1775334339261,90,POST /empresas,200,,Thread Group 1-70,text,true,,235,302,3,3,http://localhost:8080/empresas,89,0,0
1775334339328,56,GET /empresas,200,,Thread Group 1-72,text,true,,60362,157,3,3,http://localhost:8080/empresas,56,0,0
1775334339328,74,POST /empresas,200,,Thread Group 1-71,text,true,,235,302,3,3,http://localhost:8080/empresas,74,0,0
1775334339385,37,GET /empleados,200,,Thread Group 1-72,text,true,,174,158,3,3,http://localhost:8080/empleados,37,0,0
1775334339380,44,GET /empresas,200,,Thread Group 1-73,text,true,,60425,157,3,3,http://localhost:8080/empresas,44,0,1
1775334339425,19,GET /empleados,200,,Thread Group 1-73,text,true,,174,158,3,3,http://localhost:8080/empleados,19,0,0
1775334339422,22,GET /roles,200,,Thread Group 1-72,text,true,,174,154,3,3,http://localhost:8080/roles,22,0,0
1775334339403,42,GET /empresas,200,,Thread Group 1-71,text,true,,60425,157,3,3,http://localhost:8080/empresas,42,0,0
1775334339445,32,GET /empleados,200,,Thread Group 1-71,text,true,,174,158,3,3,http://localhost:8080/empleados,32,0,0
1775334339444,33,GET /gateways,200,,Thread Group 1-72,text,true,,174,167,3,3,http://localhost:8080/gateways/proceso/1,33,0,0
1775334339444,33,GET /roles,200,,Thread Group 1-73,text,true,,174,154,3,3,http://localhost:8080/roles,33,0,0
1775334339477,39,GET /gateways,200,,Thread Group 1-73,text,true,,174,167,3,3,http://localhost:8080/gateways/proceso/1,39,0,0
1775334339477,39,GET /arcos,200,,Thread Group 1-72,text,true,,174,164,3,3,http://localhost:8080/arcos/proceso/1,39,0,0
1775334339477,39,GET /roles,200,,Thread Group 1-71,text,true,,174,154,3,3,http://localhost:8080/roles,39,0,0
1775334339516,35,GET /arcos,200,,Thread Group 1-73,text,true,,174,164,3,3,http://localhost:8080/arcos/proceso/1,34,0,0
1775334339516,35,GET /gateways,200,,Thread Group 1-71,text,true,,174,167,3,3,http://localhost:8080/gateways/proceso/1,34,0,0
1775334339551,31,GET /arcos,200,,Thread Group 1-71,text,true,,174,164,3,3,http://localhost:8080/arcos/proceso/1,31,0,0
1775334339516,97,POST /empresas,200,,Thread Group 1-72,text,true,,235,302,3,3,http://localhost:8080/empresas,97,0,0
1775334339551,79,POST /empresas,200,,Thread Group 1-73,text,true,,235,302,3,3,http://localhost:8080/empresas,79,0,0
1775334339583,65,POST /empresas,200,,Thread Group 1-71,text,true,,235,302,3,3,http://localhost:8080/empresas,65,0,0
1775334339613,37,GET /empresas,200,,Thread Group 1-72,text,true,,60551,157,2,2,http://localhost:8080/empresas,37,0,0
1775334339650,20,GET /empleados,200,,Thread Group 1-72,text,true,,174,158,2,2,http://localhost:8080/empleados,20,0,0
1775334339630,43,GET /empresas,200,,Thread Group 1-73,text,true,,60614,157,2,2,http://localhost:8080/empresas,42,0,0
1775334339671,27,GET /roles,200,,Thread Group 1-72,text,true,,174,154,3,3,http://localhost:8080/roles,27,0,0
1775334339673,25,GET /empleados,200,,Thread Group 1-73,text,true,,174,158,3,3,http://localhost:8080/empleados,25,0,0
1775334339698,23,GET /roles,200,,Thread Group 1-73,text,true,,174,154,3,3,http://localhost:8080/roles,23,0,0
1775334339698,23,GET /gateways,200,,Thread Group 1-72,text,true,,174,167,3,3,http://localhost:8080/gateways/proceso/1,23,0,0
1775334339680,44,GET /empresas,200,,Thread Group 1-74,text,true,,60614,157,3,3,http://localhost:8080/empresas,44,0,0
1775334339722,37,GET /gateways,200,,Thread Group 1-73,text,true,,174,167,3,3,http://localhost:8080/gateways/proceso/1,37,0,0
1775334339722,37,GET /arcos,200,,Thread Group 1-72,text,true,,174,164,3,3,http://localhost:8080/arcos/proceso/1,37,0,0
1775334339724,36,GET /empleados,200,,Thread Group 1-74,text,true,,174,158,3,3,http://localhost:8080/empleados,36,0,0
1775334339760,33,GET /roles,200,,Thread Group 1-74,text,true,,174,154,3,3,http://localhost:8080/roles,33,0,0
1775334339759,34,GET /arcos,200,,Thread Group 1-73,text,true,,174,164,3,3,http://localhost:8080/arcos/proceso/1,34,0,0
1775334339794,28,GET /gateways,200,,Thread Group 1-74,text,true,,174,167,3,3,http://localhost:8080/gateways/proceso/1,28,0,0
1775334339822,31,GET /arcos,200,,Thread Group 1-74,text,true,,174,164,3,3,http://localhost:8080/arcos/proceso/1,31,0,0
1775334339759,94,POST /empresas,200,,Thread Group 1-72,text,true,,235,302,3,3,http://localhost:8080/empresas,94,0,0
1775334339794,97,POST /empresas,200,,Thread Group 1-73,text,true,,235,302,2,2,http://localhost:8080/empresas,97,0,0
1775334339853,79,POST /empresas,200,,Thread Group 1-74,text,true,,235,302,2,2,http://localhost:8080/empresas,79,0,0
1775334339891,42,GET /empresas,200,,Thread Group 1-73,text,true,,60740,157,2,2,http://localhost:8080/empresas,42,0,0
1775334339933,17,GET /empleados,200,,Thread Group 1-73,text,true,,174,158,2,2,http://localhost:8080/empleados,17,0,0
1775334339950,30,GET /roles,200,,Thread Group 1-73,text,true,,174,154,3,3,http://localhost:8080/roles,29,0,0
1775334339933,48,GET /empresas,200,,Thread Group 1-74,text,true,,60803,157,3,3,http://localhost:8080/empresas,48,0,0
1775334339982,19,GET /empleados,200,,Thread Group 1-74,text,true,,174,158,3,3,http://localhost:8080/empleados,19,0,0
1775334339980,21,GET /gateways,200,,Thread Group 1-73,text,true,,174,167,3,3,http://localhost:8080/gateways/proceso/1,21,0,0
1775334340001,23,GET /arcos,200,,Thread Group 1-73,text,true,,174,164,3,3,http://localhost:8080/arcos/proceso/1,23,0,0
1775334340001,23,GET /roles,200,,Thread Group 1-74,text,true,,174,154,3,3,http://localhost:8080/roles,23,0,0
1775334339980,45,GET /empresas,200,,Thread Group 1-75,text,true,,60803,157,3,3,http://localhost:8080/empresas,45,0,0
1775334340025,31,GET /empleados,200,,Thread Group 1-75,text,true,,174,158,3,3,http://localhost:8080/empleados,31,0,0
1775334340024,32,GET /gateways,200,,Thread Group 1-74,text,true,,174,167,3,3,http://localhost:8080/gateways/proceso/1,32,0,0
1775334340057,33,GET /arcos,200,,Thread Group 1-74,text,true,,174,164,3,3,http://localhost:8080/arcos/proceso/1,33,0,0
1775334340057,33,GET /roles,200,,Thread Group 1-75,text,true,,174,154,3,3,http://localhost:8080/roles,33,0,0
1775334340090,34,GET /gateways,200,,Thread Group 1-75,text,true,,174,167,3,3,http://localhost:8080/gateways/proceso/1,34,0,0
1775334340024,100,POST /empresas,200,,Thread Group 1-73,text,true,,235,302,3,3,http://localhost:8080/empresas,100,0,0
1775334340124,36,GET /arcos,200,,Thread Group 1-75,text,true,,174,164,2,2,http://localhost:8080/arcos/proceso/1,36,0,0
1775334340090,109,POST /empresas,200,,Thread Group 1-74,text,true,,235,302,2,2,http://localhost:8080/empresas,109,0,0
1775334340160,84,POST /empresas,200,,Thread Group 1-75,text,true,,235,302,2,2,http://localhost:8080/empresas,84,0,0
1775334340199,47,GET /empresas,200,,Thread Group 1-74,text,true,,60929,157,2,2,http://localhost:8080/empresas,47,0,0
1775334340247,22,GET /empleados,200,,Thread Group 1-74,text,true,,174,158,2,2,http://localhost:8080/empleados,22,0,0
1775334340269,19,GET /roles,200,,Thread Group 1-74,text,true,,174,154,3,3,http://localhost:8080/roles,19,0,0
1775334340244,46,GET /empresas,200,,Thread Group 1-75,text,true,,60992,157,3,3,http://localhost:8080/empresas,46,0,0
1775334340291,31,GET /empleados,200,,Thread Group 1-75,text,true,,174,158,3,3,http://localhost:8080/empleados,31,0,0
1775334340288,34,GET /gateways,200,,Thread Group 1-74,text,true,,174,167,3,3,http://localhost:8080/gateways/proceso/1,34,0,0
1775334340280,45,GET /empresas,200,,Thread Group 1-76,text,true,,60992,157,3,3,http://localhost:8080/empresas,45,0,0
1775334340322,36,GET /roles,200,,Thread Group 1-75,text,true,,174,154,3,3,http://localhost:8080/roles,36,0,0
1775334340325,33,GET /empleados,200,,Thread Group 1-76,text,true,,174,158,3,3,http://localhost:8080/empleados,33,0,0
1775334340322,36,GET /arcos,200,,Thread Group 1-74,text,true,,174,164,3,3,http://localhost:8080/arcos/proceso/1,36,0,0
1775334340358,39,GET /roles,200,,Thread Group 1-76,text,true,,174,154,3,3,http://localhost:8080/roles,39,0,0
1775334340358,39,GET /gateways,200,,Thread Group 1-75,text,true,,174,167,3,3,http://localhost:8080/gateways/proceso/1,39,0,0
1775334340397,35,GET /arcos,200,,Thread Group 1-75,text,true,,174,164,3,3,http://localhost:8080/arcos/proceso/1,35,0,0
1775334340397,35,GET /gateways,200,,Thread Group 1-76,text,true,,174,167,3,3,http://localhost:8080/gateways/proceso/1,35,0,0
1775334340358,105,POST /empresas,200,,Thread Group 1-74,text,true,,235,302,3,3,http://localhost:8080/empresas,105,0,0
1775334340432,31,GET /arcos,200,,Thread Group 1-76,text,true,,174,164,3,3,http://localhost:8080/arcos/proceso/1,31,0,0
1775334340432,104,POST /empresas,200,,Thread Group 1-75,text,true,,235,302,2,2,http://localhost:8080/empresas,104,0,0
1775334340463,93,POST /empresas,200,,Thread Group 1-76,text,true,,235,302,2,2,http://localhost:8080/empresas,93,0,0
1775334340537,36,GET /empresas,200,,Thread Group 1-75,text,true,,61181,157,2,2,http://localhost:8080/empresas,35,0,0
1775334340573,25,GET /empleados,200,,Thread Group 1-75,text,true,,174,158,3,3,http://localhost:8080/empleados,25,0,0
1775334340556,45,GET /empresas,200,,Thread Group 1-76,text,true,,61181,157,3,3,http://localhost:8080/empresas,44,0,0
1775334340599,18,GET /roles,200,,Thread Group 1-75,text,true,,174,154,3,3,http://localhost:8080/roles,18,0,0
1775334340601,16,GET /empleados,200,,Thread Group 1-76,text,true,,174,158,3,3,http://localhost:8080/empleados,16,0,0
1775334340580,39,GET /empresas,200,,Thread Group 1-77,text,true,,61181,157,3,3,http://localhost:8080/empresas,39,0,0
1775334340620,33,GET /empleados,200,,Thread Group 1-77,text,true,,174,158,3,3,http://localhost:8080/empleados,33,0,0
1775334340617,36,GET /roles,200,,Thread Group 1-76,text,true,,174,154,3,3,http://localhost:8080/roles,36,0,0
1775334340617,36,GET /gateways,200,,Thread Group 1-75,text,true,,174,167,3,3,http://localhost:8080/gateways/proceso/1,36,0,0
1775334340653,36,GET /arcos,200,,Thread Group 1-75,text,true,,174,164,3,3,http://localhost:8080/arcos/proceso/1,36,0,0
1775334340653,36,GET /roles,200,,Thread Group 1-77,text,true,,174,154,3,3,http://localhost:8080/roles,36,0,0
1775334340653,36,GET /gateways,200,,Thread Group 1-76,text,true,,174,167,3,3,http://localhost:8080/gateways/proceso/1,36,0,0
1775334340689,32,GET /gateways,200,,Thread Group 1-77,text,true,,174,167,3,3,http://localhost:8080/gateways/proceso/1,32,0,0
1775334340689,32,GET /arcos,200,,Thread Group 1-76,text,true,,174,164,3,3,http://localhost:8080/arcos/proceso/1,32,0,0
1775334340721,38,GET /arcos,200,,Thread Group 1-77,text,true,,174,164,3,3,http://localhost:8080/arcos/proceso/1,38,0,0
1775334340689,105,POST /empresas,200,,Thread Group 1-75,text,true,,235,302,3,3,http://localhost:8080/empresas,105,0,0
1775334340721,113,POST /empresas,200,,Thread Group 1-76,text,true,,235,302,2,2,http://localhost:8080/empresas,113,0,0
1775334340759,97,POST /empresas,200,,Thread Group 1-77,text,true,,235,302,2,2,http://localhost:8080/empresas,97,0,0
1775334340834,43,GET /empresas,200,,Thread Group 1-76,text,true,,61307,157,2,2,http://localhost:8080/empresas,42,0,0
1775334340877,22,GET /empleados,200,,Thread Group 1-76,text,true,,174,158,3,3,http://localhost:8080/empleados,22,0,0
1775334340857,45,GET /empresas,200,,Thread Group 1-77,text,true,,61370,157,3,3,http://localhost:8080/empresas,44,0,0
1775334340902,18,GET /empleados,200,,Thread Group 1-77,text,true,,174,158,3,3,http://localhost:8080/empleados,18,0,0
1775334340899,21,GET /roles,200,,Thread Group 1-76,text,true,,174,154,3,3,http://localhost:8080/roles,21,0,0
1775334340880,43,GET /empresas,200,,Thread Group 1-78,text,true,,61370,157,3,3,http://localhost:8080/empresas,43,0,0
1775334340923,29,GET /empleados,200,,Thread Group 1-78,text,true,,174,158,3,3,http://localhost:8080/empleados,29,0,0
1775334340921,31,GET /gateways,200,,Thread Group 1-76,text,true,,174,167,3,3,http://localhost:8080/gateways/proceso/1,31,0,0
1775334340921,31,GET /roles,200,,Thread Group 1-77,text,true,,174,154,3,3,http://localhost:8080/roles,31,0,0
1775334340953,36,GET /roles,200,,Thread Group 1-78,text,true,,174,154,3,3,http://localhost:8080/roles,36,0,0
1775334340953,36,GET /arcos,200,,Thread Group 1-76,text,true,,174,164,3,3,http://localhost:8080/arcos/proceso/1,36,0,0
1775334340953,36,GET /gateways,200,,Thread Group 1-77,text,true,,174,167,3,3,http://localhost:8080/gateways/proceso/1,36,0,0
1775334340989,34,GET /arcos,200,,Thread Group 1-77,text,true,,174,164,3,3,http://localhost:8080/arcos/proceso/1,34,0,0
1775334340989,34,GET /gateways,200,,Thread Group 1-78,text,true,,174,167,3,3,http://localhost:8080/gateways/proceso/1,34,0,0
1775334341023,34,GET /arcos,200,,Thread Group 1-78,text,true,,174,164,3,3,http://localhost:8080/arcos/proceso/1,34,0,0
1775334340989,98,POST /empresas,200,,Thread Group 1-76,text,true,,235,302,3,3,http://localhost:8080/empresas,98,0,0
1775334341023,100,POST /empresas,200,,Thread Group 1-77,text,true,,235,302,2,2,http://localhost:8080/empresas,100,0,0
1775334341058,82,POST /empresas,200,,Thread Group 1-78,text,true,,235,302,2,2,http://localhost:8080/empresas,82,0,0
1775334341123,40,GET /empresas,200,,Thread Group 1-77,text,true,,61559,157,2,2,http://localhost:8080/empresas,39,0,0
1775334341163,21,GET /empleados,200,,Thread Group 1-77,text,true,,174,158,3,3,http://localhost:8080/empleados,21,0,0
1775334341140,46,GET /empresas,200,,Thread Group 1-78,text,true,,61559,157,3,3,http://localhost:8080/empresas,46,0,0
1775334341184,39,GET /roles,200,,Thread Group 1-77,text,true,,174,154,3,3,http://localhost:8080/roles,39,0,0
1775334341186,38,GET /empleados,200,,Thread Group 1-78,text,true,,174,158,3,3,http://localhost:8080/empleados,37,0,0
1775334341180,46,GET /empresas,200,,Thread Group 1-79,text,true,,61559,157,3,3,http://localhost:8080/empresas,45,0,0
1775334341226,35,GET /empleados,200,,Thread Group 1-79,text,true,,174,158,3,3,http://localhost:8080/empleados,35,0,0
1775334341224,37,GET /gateways,200,,Thread Group 1-77,text,true,,174,167,3,3,http://localhost:8080/gateways/proceso/1,37,0,0
1775334341224,37,GET /roles,200,,Thread Group 1-78,text,true,,174,154,3,3,http://localhost:8080/roles,37,0,0
1775334341261,33,GET /arcos,200,,Thread Group 1-77,text,true,,174,164,3,3,http://localhost:8080/arcos/proceso/1,33,0,0
1775334341261,33,GET /roles,200,,Thread Group 1-79,text,true,,174,154,3,3,http://localhost:8080/roles,33,0,0
1775334341261,33,GET /gateways,200,,Thread Group 1-78,text,true,,174,167,3,3,http://localhost:8080/gateways/proceso/1,33,0,0
1775334341294,34,GET /arcos,200,,Thread Group 1-78,text,true,,174,164,3,3,http://localhost:8080/arcos/proceso/1,34,0,0
1775334341294,34,GET /gateways,200,,Thread Group 1-79,text,true,,174,167,3,3,http://localhost:8080/gateways/proceso/1,34,0,0
1775334341328,34,GET /arcos,200,,Thread Group 1-79,text,true,,174,164,3,3,http://localhost:8080/arcos/proceso/1,33,0,0
1775334341294,101,POST /empresas,200,,Thread Group 1-77,text,true,,235,302,3,3,http://localhost:8080/empresas,101,0,0
1775334341328,105,POST /empresas,200,,Thread Group 1-78,text,true,,235,302,2,2,http://localhost:8080/empresas,105,0,0
1775334341362,91,POST /empresas,200,,Thread Group 1-79,text,true,,235,302,2,2,http://localhost:8080/empresas,91,0,0
1775334341433,42,GET /empresas,200,,Thread Group 1-78,text,true,,61686,157,2,2,http://localhost:8080/empresas,42,0,0
1775334341453,44,GET /empresas,200,,Thread Group 1-79,text,true,,61749,157,3,3,http://localhost:8080/empresas,43,0,0
1775334341475,26,GET /empleados,200,,Thread Group 1-78,text,true,,174,158,3,3,http://localhost:8080/empleados,26,0,0
1775334341501,24,GET /roles,200,,Thread Group 1-78,text,true,,174,154,3,3,http://localhost:8080/roles,24,0,0
1775334341497,28,GET /empleados,200,,Thread Group 1-79,text,true,,174,158,3,3,http://localhost:8080/empleados,28,0,0
1775334341481,47,GET /empresas,200,,Thread Group 1-80,text,true,,61749,157,3,3,http://localhost:8080/empresas,46,0,0
1775334341526,40,GET /gateways,200,,Thread Group 1-78,text,true,,174,167,3,3,http://localhost:8080/gateways/proceso/1,40,0,0
1775334341528,38,GET /empleados,200,,Thread Group 1-80,text,true,,174,158,3,3,http://localhost:8080/empleados,38,0,0
1775334341526,40,GET /roles,200,,Thread Group 1-79,text,true,,174,154,3,3,http://localhost:8080/roles,40,0,0
1775334341566,33,GET /gateways,200,,Thread Group 1-79,text,true,,174,167,3,3,http://localhost:8080/gateways/proceso/1,33,0,0
1775334341566,33,GET /roles,200,,Thread Group 1-80,text,true,,174,154,3,3,http://localhost:8080/roles,33,0,0
1775334341566,33,GET /arcos,200,,Thread Group 1-78,text,true,,174,164,3,3,http://localhost:8080/arcos/proceso/1,33,0,0
1775334341599,33,GET /gateways,200,,Thread Group 1-80,text,true,,174,167,3,3,http://localhost:8080/gateways/proceso/1,33,0,0
1775334341599,33,GET /arcos,200,,Thread Group 1-79,text,true,,174,164,3,3,http://localhost:8080/arcos/proceso/1,33,0,0
1775334341632,35,GET /arcos,200,,Thread Group 1-80,text,true,,174,164,3,3,http://localhost:8080/arcos/proceso/1,35,0,0
1775334341599,102,POST /empresas,200,,Thread Group 1-78,text,true,,235,302,3,3,http://localhost:8080/empresas,102,0,0
1775334341632,94,POST /empresas,200,,Thread Group 1-79,text,true,,235,302,2,2,http://localhost:8080/empresas,93,0,0
1775334341667,80,POST /empresas,200,,Thread Group 1-80,text,true,,235,302,2,2,http://localhost:8080/empresas,79,0,0
1775334341726,44,GET /empresas,200,,Thread Group 1-79,text,true,,61875,157,2,2,http://localhost:8080/empresas,44,0,0
1775334341770,18,GET /empleados,200,,Thread Group 1-79,text,true,,174,158,3,3,http://localhost:8080/empleados,18,0,0
1775334341747,43,GET /empresas,200,,Thread Group 1-80,text,true,,61938,157,3,3,http://localhost:8080/empresas,43,0,0
1775334341788,35,GET /roles,200,,Thread Group 1-79,text,true,,174,154,3,3,http://localhost:8080/roles,35,0,0
1775334341791,32,GET /empleados,200,,Thread Group 1-80,text,true,,174,158,3,3,http://localhost:8080/empleados,32,0,0
1775334341780,45,GET /empresas,200,,Thread Group 1-81,text,true,,61938,157,3,3,http://localhost:8080/empresas,43,0,1
1775334341825,36,GET /empleados,200,,Thread Group 1-81,text,true,,174,158,3,3,http://localhost:8080/empleados,36,0,0
1775334341823,38,GET /gateways,200,,Thread Group 1-79,text,true,,174,167,3,3,http://localhost:8080/gateways/proceso/1,38,0,0
1775334341823,38,GET /roles,200,,Thread Group 1-80,text,true,,174,154,3,3,http://localhost:8080/roles,38,0,0
1775334341861,34,GET /arcos,200,,Thread Group 1-79,text,true,,174,164,3,3,http://localhost:8080/arcos/proceso/1,34,0,0
1775334341861,34,GET /gateways,200,,Thread Group 1-80,text,true,,174,167,3,3,http://localhost:8080/gateways/proceso/1,34,0,0
1775334341861,34,GET /roles,200,,Thread Group 1-81,text,true,,174,154,3,3,http://localhost:8080/roles,34,0,0
1775334341896,33,GET /gateways,200,,Thread Group 1-81,text,true,,174,167,3,3,http://localhost:8080/gateways/proceso/1,33,0,0
1775334341898,31,GET /arcos,200,,Thread Group 1-80,text,true,,174,164,3,3,http://localhost:8080/arcos/proceso/1,31,0,0
1775334341929,37,GET /arcos,200,,Thread Group 1-81,text,true,,174,164,3,3,http://localhost:8080/arcos/proceso/1,37,0,0
1775334341896,105,POST /empresas,200,,Thread Group 1-79,text,true,,235,302,3,3,http://localhost:8080/empresas,105,0,0
1775334341929,106,POST /empresas,200,,Thread Group 1-80,text,true,,235,302,2,2,http://localhost:8080/empresas,105,0,0
1775334341966,86,POST /empresas,200,,Thread Group 1-81,text,true,,235,302,2,2,http://localhost:8080/empresas,86,0,0
1775334342035,35,GET /empresas,200,,Thread Group 1-80,text,true,,62064,157,2,2,http://localhost:8080/empresas,35,0,0
1775334342070,32,GET /empleados,200,,Thread Group 1-80,text,true,,174,158,3,3,http://localhost:8080/empleados,32,0,0
1775334342052,52,GET /empresas,200,,Thread Group 1-81,text,true,,62127,157,3,3,http://localhost:8080/empresas,52,0,0
1775334342102,19,GET /roles,200,,Thread Group 1-80,text,true,,174,154,3,3,http://localhost:8080/roles,19,0,0
1775334342104,17,GET /empleados,200,,Thread Group 1-81,text,true,,174,158,3,3,http://localhost:8080/empleados,17,0,0
1775334342081,43,GET /empresas,200,,Thread Group 1-82,text,true,,62127,157,3,3,http://localhost:8080/empresas,42,0,1
1775334342121,36,GET /roles,200,,Thread Group 1-81,text,true,,174,154,3,3,http://localhost:8080/roles,36,0,0
1775334342124,33,GET /empleados,200,,Thread Group 1-82,text,true,,174,158,3,3,http://localhost:8080/empleados,33,0,0
1775334342121,36,GET /gateways,200,,Thread Group 1-80,text,true,,174,167,3,3,http://localhost:8080/gateways/proceso/1,36,0,0
1775334342158,36,GET /gateways,200,,Thread Group 1-81,text,true,,174,167,3,3,http://localhost:8080/gateways/proceso/1,36,0,0
1775334342158,36,GET /roles,200,,Thread Group 1-82,text,true,,174,154,3,3,http://localhost:8080/roles,36,0,0
1775334342158,36,GET /arcos,200,,Thread Group 1-80,text,true,,174,164,3,3,http://localhost:8080/arcos/proceso/1,36,0,0
1775334342195,32,GET /arcos,200,,Thread Group 1-81,text,true,,174,164,3,3,http://localhost:8080/arcos/proceso/1,32,0,0
1775334342195,32,GET /gateways,200,,Thread Group 1-82,text,true,,174,167,3,3,http://localhost:8080/gateways/proceso/1,32,0,0
1775334342227,37,GET /arcos,200,,Thread Group 1-82,text,true,,174,164,3,3,http://localhost:8080/arcos/proceso/1,37,0,0
1775334342195,106,POST /empresas,200,,Thread Group 1-80,text,true,,235,302,3,3,http://localhost:8080/empresas,105,0,0
1775334342227,107,POST /empresas,200,,Thread Group 1-81,text,true,,235,302,2,2,http://localhost:8080/empresas,107,0,0
1775334342264,90,POST /empresas,200,,Thread Group 1-82,text,true,,235,302,2,2,http://localhost:8080/empresas,90,0,0
1775334342334,44,GET /empresas,200,,Thread Group 1-81,text,true,,62316,157,2,2,http://localhost:8080/empresas,43,0,0
1775334342378,25,GET /empleados,200,,Thread Group 1-81,text,true,,174,158,3,3,http://localhost:8080/empleados,24,0,0
1775334342354,51,GET /empresas,200,,Thread Group 1-82,text,true,,62316,157,3,3,http://localhost:8080/empresas,51,0,0
1775334342405,22,GET /empleados,200,,Thread Group 1-82,text,true,,174,158,3,3,http://localhost:8080/empleados,22,0,0
1775334342403,24,GET /roles,200,,Thread Group 1-81,text,true,,174,154,3,3,http://localhost:8080/roles,24,0,0
1775334342380,50,GET /empresas,200,,Thread Group 1-83,text,true,,62316,157,3,3,http://localhost:8080/empresas,49,0,1
1775334342430,34,GET /empleados,200,,Thread Group 1-83,text,true,,174,158,3,3,http://localhost:8080/empleados,34,0,0
1775334342427,37,GET /gateways,200,,Thread Group 1-81,text,true,,174,167,3,3,http://localhost:8080/gateways/proceso/1,37,0,0
1775334342427,37,GET /roles,200,,Thread Group 1-82,text,true,,174,154,3,3,http://localhost:8080/roles,37,0,0
1775334342464,38,GET /roles,200,,Thread Group 1-83,text,true,,174,154,3,3,http://localhost:8080/roles,38,0,0
1775334342464,38,GET /gateways,200,,Thread Group 1-82,text,true,,174,167,3,3,http://localhost:8080/gateways/proceso/1,38,0,0
1775334342464,38,GET /arcos,200,,Thread Group 1-81,text,true,,174,164,3,3,http://localhost:8080/arcos/proceso/1,38,0,0
1775334342503,35,GET /gateways,200,,Thread Group 1-83,text,true,,174,167,3,3,http://localhost:8080/gateways/proceso/1,35,0,0
1775334342503,35,GET /arcos,200,,Thread Group 1-82,text,true,,174,164,3,3,http://localhost:8080/arcos/proceso/1,35,0,0
1775334342538,34,GET /arcos,200,,Thread Group 1-83,text,true,,174,164,3,3,http://localhost:8080/arcos/proceso/1,34,0,0
1775334342503,102,POST /empresas,200,,Thread Group 1-81,text,true,,235,302,3,3,http://localhost:8080/empresas,102,0,0
1775334342538,98,POST /empresas,200,,Thread Group 1-82,text,true,,235,302,2,2,http://localhost:8080/empresas,98,0,0
1775334342572,84,POST /empresas,200,,Thread Group 1-83,text,true,,235,302,2,2,http://localhost:8080/empresas,84,0,0
1775334342637,39,GET /empresas,200,,Thread Group 1-82,text,true,,62505,157,2,2,http://localhost:8080/empresas,38,0,0
1775334342676,21,GET /empleados,200,,Thread Group 1-82,text,true,,174,158,3,3,http://localhost:8080/empleados,21,0,0
1775334342656,44,GET /empresas,200,,Thread Group 1-83,text,true,,62505,157,3,3,http://localhost:8080/empresas,43,0,0
1775334342700,22,GET /empleados,200,,Thread Group 1-83,text,true,,174,158,3,3,http://localhost:8080/empleados,22,0,0
1775334342697,25,GET /roles,200,,Thread Group 1-82,text,true,,174,154,3,3,http://localhost:8080/roles,25,0,0
1775334342680,45,GET /empresas,200,,Thread Group 1-84,text,true,,62505,157,3,3,http://localhost:8080/empresas,44,0,1
1775334342725,32,GET /empleados,200,,Thread Group 1-84,text,true,,174,158,3,3,http://localhost:8080/empleados,32,0,0
1775334342723,34,GET /gateways,200,,Thread Group 1-82,text,true,,174,167,3,3,http://localhost:8080/gateways/proceso/1,34,0,0
1775334342723,34,GET /roles,200,,Thread Group 1-83,text,true,,174,154,3,3,http://localhost:8080/roles,34,0,0
1775334342758,35,GET /gateways,200,,Thread Group 1-83,text,true,,174,167,3,3,http://localhost:8080/gateways/proceso/1,35,0,0
1775334342758,35,GET /roles,200,,Thread Group 1-84,text,true,,174,154,3,3,http://localhost:8080/roles,35,0,0
1775334342758,35,GET /arcos,200,,Thread Group 1-82,text,true,,174,164,3,3,http://localhost:8080/arcos/proceso/1,35,0,0
1775334342793,39,GET /gateways,200,,Thread Group 1-84,text,true,,174,167,3,3,http://localhost:8080/gateways/proceso/1,39,0,0
1775334342793,39,GET /arcos,200,,Thread Group 1-83,text,true,,174,164,3,3,http://localhost:8080/arcos/proceso/1,39,0,0
1775334342832,35,GET /arcos,200,,Thread Group 1-84,text,true,,174,164,3,3,http://localhost:8080/arcos/proceso/1,35,0,0
1775334342793,108,POST /empresas,200,,Thread Group 1-82,text,true,,235,302,3,3,http://localhost:8080/empresas,108,0,0
1775334342832,104,POST /empresas,200,,Thread Group 1-83,text,true,,235,302,2,2,http://localhost:8080/empresas,104,0,0
1775334342867,91,POST /empresas,200,,Thread Group 1-84,text,true,,235,302,2,2,http://localhost:8080/empresas,91,0,0
1775334342936,44,GET /empresas,200,,Thread Group 1-83,text,true,,62694,157,2,2,http://localhost:8080/empresas,43,0,0
1775334342980,20,GET /empleados,200,,Thread Group 1-83,text,true,,174,158,3,3,http://localhost:8080/empleados,20,0,0
1775334342958,45,GET /empresas,200,,Thread Group 1-84,text,true,,62694,157,3,3,http://localhost:8080/empresas,44,0,0
1775334343003,21,GET /empleados,200,,Thread Group 1-84,text,true,,174,158,3,3,http://localhost:8080/empleados,21,0,0
1775334343000,24,GET /roles,200,,Thread Group 1-83,text,true,,174,154,3,3,http://localhost:8080/roles,24,0,0
1775334342982,44,GET /empresas,200,,Thread Group 1-85,text,true,,62694,157,3,3,http://localhost:8080/empresas,44,0,1
1775334343024,34,GET /gateways,200,,Thread Group 1-83,text,true,,174,167,3,3,http://localhost:8080/gateways/proceso/1,34,0,0
1775334343027,31,GET /empleados,200,,Thread Group 1-85,text,true,,174,158,3,3,http://localhost:8080/empleados,31,0,0
1775334343024,34,GET /roles,200,,Thread Group 1-84,text,true,,174,154,3,3,http://localhost:8080/roles,34,0,0
1775334343058,37,GET /roles,200,,Thread Group 1-85,text,true,,174,154,3,3,http://localhost:8080/roles,37,0,0
1775334343058,37,GET /gateways,200,,Thread Group 1-84,text,true,,174,167,3,3,http://localhost:8080/gateways/proceso/1,37,0,0
1775334343058,37,GET /arcos,200,,Thread Group 1-83,text,true,,174,164,3,3,http://localhost:8080/arcos/proceso/1,37,0,0
1775334343096,34,GET /gateways,200,,Thread Group 1-85,text,true,,174,167,3,3,http://localhost:8080/gateways/proceso/1,34,0,0
1775334343096,34,GET /arcos,200,,Thread Group 1-84,text,true,,174,164,3,3,http://localhost:8080/arcos/proceso/1,34,0,0
1775334343131,35,GET /arcos,200,,Thread Group 1-85,text,true,,174,164,3,3,http://localhost:8080/arcos/proceso/1,35,0,0
1775334343096,109,POST /empresas,200,,Thread Group 1-83,text,true,,235,302,3,3,http://localhost:8080/empresas,109,0,0
1775334343131,106,POST /empresas,200,,Thread Group 1-84,text,true,,235,302,2,2,http://localhost:8080/empresas,106,0,0
1775334343166,89,POST /empresas,200,,Thread Group 1-85,text,true,,235,302,2,2,http://localhost:8080/empresas,89,0,0
1775334343238,37,GET /empresas,200,,Thread Group 1-84,text,true,,62883,157,2,2,http://localhost:8080/empresas,36,0,0
1775334343275,24,GET /empleados,200,,Thread Group 1-84,text,true,,174,158,3,3,http://localhost:8080/empleados,24,0,0
1775334343256,45,GET /empresas,200,,Thread Group 1-85,text,true,,62883,157,3,3,http://localhost:8080/empresas,45,0,0
1775334343301,24,GET /empleados,200,,Thread Group 1-85,text,true,,174,158,3,3,http://localhost:8080/empleados,24,0,0
1775334343299,26,GET /roles,200,,Thread Group 1-84,text,true,,174,154,3,3,http://localhost:8080/roles,26,0,0
1775334343281,47,GET /empresas,200,,Thread Group 1-86,text,true,,62883,157,3,3,http://localhost:8080/empresas,46,0,0
1775334343328,33,GET /empleados,200,,Thread Group 1-86,text,true,,174,158,3,3,http://localhost:8080/empleados,33,0,0
1775334343325,36,GET /roles,200,,Thread Group 1-85,text,true,,174,154,3,3,http://localhost:8080/roles,36,0,0
1775334343325,36,GET /gateways,200,,Thread Group 1-84,text,true,,174,167,3,3,http://localhost:8080/gateways/proceso/1,36,0,0
1775334343362,31,GET /arcos,200,,Thread Group 1-84,text,true,,174,164,3,3,http://localhost:8080/arcos/proceso/1,31,0,0
1775334343362,31,GET /gateways,200,,Thread Group 1-85,text,true,,174,167,3,3,http://localhost:8080/gateways/proceso/1,31,0,0
1775334343362,31,GET /roles,200,,Thread Group 1-86,text,true,,174,154,3,3,http://localhost:8080/roles,31,0,0
1775334343393,31,GET /gateways,200,,Thread Group 1-86,text,true,,174,167,3,3,http://localhost:8080/gateways/proceso/1,31,0,0
1775334343393,31,GET /arcos,200,,Thread Group 1-85,text,true,,174,164,3,3,http://localhost:8080/arcos/proceso/1,31,0,0
1775334343424,38,GET /arcos,200,,Thread Group 1-86,text,true,,174,164,3,3,http://localhost:8080/arcos/proceso/1,38,0,0
1775334343393,95,POST /empresas,200,,Thread Group 1-84,text,true,,235,302,3,3,http://localhost:8080/empresas,95,0,0
1775334343424,87,POST /empresas,200,,Thread Group 1-85,text,true,,235,302,2,2,http://localhost:8080/empresas,87,0,0
1775334343462,71,POST /empresas,200,,Thread Group 1-86,text,true,,235,302,2,2,http://localhost:8080/empresas,71,0,0
1775334343511,45,GET /empresas,200,,Thread Group 1-85,text,true,,63072,157,2,2,http://localhost:8080/empresas,44,0,0
1775334343556,21,GET /empleados,200,,Thread Group 1-85,text,true,,174,158,2,2,http://localhost:8080/empleados,21,0,0
1775334343533,46,GET /empresas,200,,Thread Group 1-86,text,true,,63072,157,2,2,http://localhost:8080/empresas,46,0,0
1775334343580,19,GET /empleados,200,,Thread Group 1-86,text,true,,174,158,3,3,http://localhost:8080/empleados,19,0,0
1775334343577,22,GET /roles,200,,Thread Group 1-85,text,true,,174,154,3,3,http://localhost:8080/roles,22,0,0
1775334343599,23,GET /roles,200,,Thread Group 1-86,text,true,,174,154,3,3,http://localhost:8080/roles,23,0,0
1775334343599,23,GET /gateways,200,,Thread Group 1-85,text,true,,174,167,3,3,http://localhost:8080/gateways/proceso/1,23,0,0
1775334343580,45,GET /empresas,200,,Thread Group 1-87,text,true,,63072,157,3,3,http://localhost:8080/empresas,44,0,1
1775334343622,35,GET /arcos,200,,Thread Group 1-85,text,true,,174,164,3,3,http://localhost:8080/arcos/proceso/1,35,0,0
1775334343622,35,GET /gateways,200,,Thread Group 1-86,text,true,,174,167,3,3,http://localhost:8080/gateways/proceso/1,35,0,0
1775334343625,32,GET /empleados,200,,Thread Group 1-87,text,true,,174,158,3,3,http://localhost:8080/empleados,32,0,0
1775334343657,34,GET /roles,200,,Thread Group 1-87,text,true,,174,154,3,3,http://localhost:8080/roles,34,0,0
1775334343657,34,GET /arcos,200,,Thread Group 1-86,text,true,,174,164,3,3,http://localhost:8080/arcos/proceso/1,34,0,0
1775334343691,35,GET /gateways,200,,Thread Group 1-87,text,true,,174,167,3,3,http://localhost:8080/gateways/proceso/1,35,0,0
1775334343657,100,POST /empresas,200,,Thread Group 1-85,text,true,,235,302,3,3,http://localhost:8080/empresas,100,0,0
1775334343726,31,GET /arcos,200,,Thread Group 1-87,text,true,,174,164,3,3,http://localhost:8080/arcos/proceso/1,31,0,0
1775334343691,99,POST /empresas,200,,Thread Group 1-86,text,true,,235,302,2,2,http://localhost:8080/empresas,99,0,0
1775334343758,79,POST /empresas,200,,Thread Group 1-87,text,true,,235,302,2,2,http://localhost:8080/empresas,79,0,0
1775334343790,48,GET /empresas,200,,Thread Group 1-86,text,true,,63198,157,2,2,http://localhost:8080/empresas,48,0,0
1775334343838,18,GET /empleados,200,,Thread Group 1-86,text,true,,174,158,2,2,http://localhost:8080/empleados,18,0,0
1775334343856,26,GET /roles,200,,Thread Group 1-86,text,true,,174,154,3,3,http://localhost:8080/roles,26,0,0
1775334343837,48,GET /empresas,200,,Thread Group 1-87,text,true,,63261,157,3,3,http://localhost:8080/empresas,47,0,0
1775334343882,20,GET /gateways,200,,Thread Group 1-86,text,true,,174,167,3,3,http://localhost:8080/gateways/proceso/1,20,0,0
1775334343885,17,GET /empleados,200,,Thread Group 1-87,text,true,,174,158,3,3,http://localhost:8080/empleados,17,0,0
1775334343903,20,GET /roles,200,,Thread Group 1-87,text,true,,174,154,3,3,http://localhost:8080/roles,19,0,0
1775334343902,21,GET /arcos,200,,Thread Group 1-86,text,true,,174,164,3,3,http://localhost:8080/arcos/proceso/1,21,0,0
1775334343881,45,GET /empresas,200,,Thread Group 1-88,text,true,,63261,157,3,3,http://localhost:8080/empresas,45,0,1
1775334343927,29,GET /empleados,200,,Thread Group 1-88,text,true,,174,158,3,3,http://localhost:8080/empleados,29,0,0
1775334343923,33,GET /gateways,200,,Thread Group 1-87,text,true,,174,167,3,3,http://localhost:8080/gateways/proceso/1,33,0,0
1775334343956,30,GET /roles,200,,Thread Group 1-88,text,true,,174,154,3,3,http://localhost:8080/roles,30,0,0
1775334343956,30,GET /arcos,200,,Thread Group 1-87,text,true,,174,164,3,3,http://localhost:8080/arcos/proceso/1,30,0,0
1775334343923,98,POST /empresas,200,,Thread Group 1-86,text,true,,235,302,3,3,http://localhost:8080/empresas,98,0,0
1775334343987,34,GET /gateways,200,,Thread Group 1-88,text,true,,174,167,3,3,http://localhost:8080/gateways/proceso/1,34,0,0
1775334344021,33,GET /arcos,200,,Thread Group 1-88,text,true,,174,164,2,2,http://localhost:8080/arcos/proceso/1,33,0,0
1775334343987,103,POST /empresas,200,,Thread Group 1-87,text,true,,235,302,2,2,http://localhost:8080/empresas,103,0,0
1775334344054,82,POST /empresas,200,,Thread Group 1-88,text,true,,235,302,2,2,http://localhost:8080/empresas,82,0,0
1775334344091,47,GET /empresas,200,,Thread Group 1-87,text,true,,63387,157,2,2,http://localhost:8080/empresas,47,0,0
1775334344139,18,GET /empleados,200,,Thread Group 1-87,text,true,,174,158,2,2,http://localhost:8080/empleados,18,0,0
1775334344158,22,GET /roles,200,,Thread Group 1-87,text,true,,174,154,2,2,http://localhost:8080/roles,22,0,0
1775334344136,47,GET /empresas,200,,Thread Group 1-88,text,true,,63450,157,3,3,http://localhost:8080/empresas,46,0,0
1775334344183,16,GET /empleados,200,,Thread Group 1-88,text,true,,174,158,3,3,http://localhost:8080/empleados,16,0,0
1775334344181,18,GET /gateways,200,,Thread Group 1-87,text,true,,174,167,3,3,http://localhost:8080/gateways/proceso/1,18,0,0
1775334344199,28,GET /roles,200,,Thread Group 1-88,text,true,,174,154,3,3,http://localhost:8080/roles,28,0,0
1775334344199,28,GET /arcos,200,,Thread Group 1-87,text,true,,174,164,3,3,http://localhost:8080/arcos/proceso/1,28,0,0
1775334344183,47,GET /empresas,200,,Thread Group 1-89,text,true,,63450,157,3,3,http://localhost:8080/empresas,47,0,0
1775334344227,36,GET /gateways,200,,Thread Group 1-88,text,true,,174,167,3,3,http://localhost:8080/gateways/proceso/1,36,0,0
1775334344231,32,GET /empleados,200,,Thread Group 1-89,text,true,,174,158,3,3,http://localhost:8080/empleados,32,0,0
1775334344264,34,GET /arcos,200,,Thread Group 1-88,text,true,,174,164,3,3,http://localhost:8080/arcos/proceso/1,34,0,0
1775334344264,34,GET /roles,200,,Thread Group 1-89,text,true,,174,154,3,3,http://localhost:8080/roles,34,0,0
1775334344227,105,POST /empresas,200,,Thread Group 1-87,text,true,,235,302,3,3,http://localhost:8080/empresas,105,0,0
1775334344298,34,GET /gateways,200,,Thread Group 1-89,text,true,,174,167,3,3,http://localhost:8080/gateways/proceso/1,34,0,0
1775334344332,38,GET /arcos,200,,Thread Group 1-89,text,true,,174,164,2,2,http://localhost:8080/arcos/proceso/1,38,0,0
1775334344298,108,POST /empresas,200,,Thread Group 1-88,text,true,,235,302,2,2,http://localhost:8080/empresas,108,0,0
1775334344370,82,POST /empresas,200,,Thread Group 1-89,text,true,,235,302,2,2,http://localhost:8080/empresas,82,0,0
1775334344406,50,GET /empresas,200,,Thread Group 1-88,text,true,,63576,157,2,2,http://localhost:8080/empresas,50,0,0
1775334344456,42,GET /empleados,200,,Thread Group 1-88,text,true,,174,158,3,3,http://localhost:8080/empleados,42,0,0
1775334344452,48,GET /empresas,200,,Thread Group 1-89,text,true,,63639,157,3,3,http://localhost:8080/empresas,48,0,0
1775334344501,23,GET /empleados,200,,Thread Group 1-89,text,true,,174,158,3,3,http://localhost:8080/empleados,23,0,0
1775334344498,26,GET /roles,200,,Thread Group 1-88,text,true,,174,154,3,3,http://localhost:8080/roles,26,0,0
1775334344482,53,GET /empresas,200,,Thread Group 1-90,text,true,,63639,157,3,3,http://localhost:8080/empresas,52,0,1
1775334344524,32,GET /roles,200,,Thread Group 1-89,text,true,,174,154,3,3,http://localhost:8080/roles,32,0,0
1775334344535,21,GET /empleados,200,,Thread Group 1-90,text,true,,174,158,3,3,http://localhost:8080/empleados,21,0,0
1775334344524,32,GET /gateways,200,,Thread Group 1-88,text,true,,174,167,3,3,http://localhost:8080/gateways/proceso/1,32,0,0
1775334344557,30,GET /roles,200,,Thread Group 1-90,text,true,,174,154,3,3,http://localhost:8080/roles,30,0,0
1775334344557,30,GET /arcos,200,,Thread Group 1-88,text,true,,174,164,3,3,http://localhost:8080/arcos/proceso/1,30,0,0
1775334344557,30,GET /gateways,200,,Thread Group 1-89,text,true,,174,167,3,3,http://localhost:8080/gateways/proceso/1,30,0,0
1775334344587,35,GET /gateways,200,,Thread Group 1-90,text,true,,174,167,3,3,http://localhost:8080/gateways/proceso/1,35,0,0
1775334344587,35,GET /arcos,200,,Thread Group 1-89,text,true,,174,164,3,3,http://localhost:8080/arcos/proceso/1,35,0,0
1775334344623,34,GET /arcos,200,,Thread Group 1-90,text,true,,174,164,3,3,http://localhost:8080/arcos/proceso/1,34,0,0
1775334344587,105,POST /empresas,200,,Thread Group 1-88,text,true,,235,302,3,3,http://localhost:8080/empresas,105,0,0
1775334344623,109,POST /empresas,200,,Thread Group 1-89,text,true,,235,302,2,2,http://localhost:8080/empresas,109,0,0
1775334344658,113,POST /empresas,200,,Thread Group 1-90,text,true,,235,302,2,2,http://localhost:8080/empresas,113,0,0
1775334344732,42,GET /empresas,200,,Thread Group 1-89,text,true,,63765,157,2,2,http://localhost:8080/empresas,41,0,0
1775334344774,22,GET /empleados,200,,Thread Group 1-89,text,true,,174,158,3,3,http://localhost:8080/empleados,21,0,0
1775334344772,32,GET /empresas,200,,Thread Group 1-90,text,true,,63765,157,3,3,http://localhost:8080/empresas,31,0,0
1775334344804,23,GET /empleados,200,,Thread Group 1-90,text,true,,174,158,3,3,http://localhost:8080/empleados,23,0,0
1775334344796,31,GET /roles,200,,Thread Group 1-89,text,true,,174,154,3,3,http://localhost:8080/roles,31,0,0
1775334344781,49,GET /empresas,200,,Thread Group 1-91,text,true,,63765,157,3,3,http://localhost:8080/empresas,49,0,1
1775334344831,32,GET /empleados,200,,Thread Group 1-91,text,true,,174,158,3,3,http://localhost:8080/empleados,32,0,0
1775334344827,36,GET /roles,200,,Thread Group 1-90,text,true,,174,154,3,3,http://localhost:8080/roles,36,0,0
1775334344827,36,GET /gateways,200,,Thread Group 1-89,text,true,,174,167,3,3,http://localhost:8080/gateways/proceso/1,36,0,0
1775334344864,38,GET /arcos,200,,Thread Group 1-89,text,true,,174,164,3,3,http://localhost:8080/arcos/proceso/1,38,0,0
1775334344864,38,GET /gateways,200,,Thread Group 1-90,text,true,,174,167,3,3,http://localhost:8080/gateways/proceso/1,38,0,0
1775334344864,38,GET /roles,200,,Thread Group 1-91,text,true,,174,154,3,3,http://localhost:8080/roles,38,0,0
1775334344902,38,GET /arcos,200,,Thread Group 1-90,text,true,,174,164,3,3,http://localhost:8080/arcos/proceso/1,38,0,0
1775334344902,38,GET /gateways,200,,Thread Group 1-91,text,true,,174,167,3,3,http://localhost:8080/gateways/proceso/1,38,0,0
1775334344940,33,GET /arcos,200,,Thread Group 1-91,text,true,,174,164,3,3,http://localhost:8080/arcos/proceso/1,33,0,0
1775334344902,109,POST /empresas,200,,Thread Group 1-89,text,true,,235,302,3,3,http://localhost:8080/empresas,109,0,0
1775334344940,98,POST /empresas,200,,Thread Group 1-90,text,true,,235,302,2,2,http://localhost:8080/empresas,98,0,0
1775334344973,81,POST /empresas,200,,Thread Group 1-91,text,true,,235,302,2,2,http://localhost:8080/empresas,81,0,0
1775334345038,38,GET /empresas,200,,Thread Group 1-90,text,true,,63891,157,2,2,http://localhost:8080/empresas,38,0,0
1775334345076,22,GET /empleados,200,,Thread Group 1-90,text,true,,174,158,3,3,http://localhost:8080/empleados,22,0,0
1775334345055,44,GET /empresas,200,,Thread Group 1-91,text,true,,63954,157,3,3,http://localhost:8080/empresas,44,0,0
1775334345098,32,GET /roles,200,,Thread Group 1-90,text,true,,174,154,3,3,http://localhost:8080/roles,32,0,0
1775334345100,30,GET /empleados,200,,Thread Group 1-91,text,true,,174,158,3,3,http://localhost:8080/empleados,30,0,0
1775334345082,51,GET /empresas,200,,Thread Group 1-92,text,true,,63954,157,3,3,http://localhost:8080/empresas,50,0,0
1775334345130,35,GET /gateways,200,,Thread Group 1-90,text,true,,174,167,3,3,http://localhost:8080/gateways/proceso/1,35,0,0
1775334345133,32,GET /empleados,200,,Thread Group 1-92,text,true,,174,158,3,3,http://localhost:8080/empleados,32,0,0
1775334345130,35,GET /roles,200,,Thread Group 1-91,text,true,,174,154,3,3,http://localhost:8080/roles,35,0,0
1775334345165,37,GET /gateways,200,,Thread Group 1-91,text,true,,174,167,3,3,http://localhost:8080/gateways/proceso/1,36,0,0
1775334345165,37,GET /arcos,200,,Thread Group 1-90,text,true,,174,164,3,3,http://localhost:8080/arcos/proceso/1,37,0,0
1775334345165,37,GET /roles,200,,Thread Group 1-92,text,true,,174,154,3,3,http://localhost:8080/roles,37,0,0
1775334345202,30,GET /arcos,200,,Thread Group 1-91,text,true,,174,164,3,3,http://localhost:8080/arcos/proceso/1,30,0,0
1775334345202,30,GET /gateways,200,,Thread Group 1-92,text,true,,174,167,3,3,http://localhost:8080/gateways/proceso/1,30,0,0
1775334345233,35,GET /arcos,200,,Thread Group 1-92,text,true,,174,164,3,3,http://localhost:8080/arcos/proceso/1,35,0,0
1775334345202,100,POST /empresas,200,,Thread Group 1-90,text,true,,235,302,3,3,http://localhost:8080/empresas,100,0,0
1775334345233,99,POST /empresas,200,,Thread Group 1-91,text,true,,235,302,2,2,http://localhost:8080/empresas,99,0,0
1775334345268,83,POST /empresas,200,,Thread Group 1-92,text,true,,235,302,2,2,http://localhost:8080/empresas,83,0,0
1775334345333,35,GET /empresas,200,,Thread Group 1-91,text,true,,64143,157,2,2,http://localhost:8080/empresas,35,0,0
1775334345368,27,GET /empleados,200,,Thread Group 1-91,text,true,,174,158,3,3,http://localhost:8080/empleados,26,0,0
1775334345351,46,GET /empresas,200,,Thread Group 1-92,text,true,,64143,157,3,3,http://localhost:8080/empresas,45,0,0
1775334345397,25,GET /empleados,200,,Thread Group 1-92,text,true,,174,158,3,3,http://localhost:8080/empleados,25,0,0
1775334345395,27,GET /roles,200,,Thread Group 1-91,text,true,,174,154,3,3,http://localhost:8080/roles,27,0,0
1775334345381,43,GET /empresas,200,,Thread Group 1-93,text,true,,64143,157,3,3,http://localhost:8080/empresas,43,0,0
1775334345425,29,GET /empleados,200,,Thread Group 1-93,text,true,,174,158,3,3,http://localhost:8080/empleados,29,0,0
1775334345422,32,GET /gateways,200,,Thread Group 1-91,text,true,,174,167,3,3,http://localhost:8080/gateways/proceso/1,32,0,0
1775334345422,32,GET /roles,200,,Thread Group 1-92,text,true,,174,154,3,3,http://localhost:8080/roles,32,0,0
1775334345455,37,GET /arcos,200,,Thread Group 1-91,text,true,,174,164,3,3,http://localhost:8080/arcos/proceso/1,37,0,0
1775334345455,37,GET /gateways,200,,Thread Group 1-92,text,true,,174,167,3,3,http://localhost:8080/gateways/proceso/1,37,0,0
1775334345455,37,GET /roles,200,,Thread Group 1-93,text,true,,174,154,3,3,http://localhost:8080/roles,37,0,0
1775334345492,34,GET /gateways,200,,Thread Group 1-93,text,true,,174,167,3,3,http://localhost:8080/gateways/proceso/1,34,0,0
1775334345492,34,GET /arcos,200,,Thread Group 1-92,text,true,,174,164,3,3,http://localhost:8080/arcos/proceso/1,34,0,0
1775334345526,21,GET /arcos,200,,Thread Group 1-93,text,true,,174,164,3,3,http://localhost:8080/arcos/proceso/1,21,0,0
1775334345492,87,POST /empresas,200,,Thread Group 1-91,text,true,,235,302,3,3,http://localhost:8080/empresas,87,0,0
1775334345526,83,POST /empresas,200,,Thread Group 1-92,text,true,,235,302,2,2,http://localhost:8080/empresas,83,0,0
1775334345548,79,POST /empresas,200,,Thread Group 1-93,text,true,,235,302,2,2,http://localhost:8080/empresas,79,0,0
1775334345609,37,GET /empresas,200,,Thread Group 1-92,text,true,,64332,157,2,2,http://localhost:8080/empresas,37,0,0
1775334345647,24,GET /empleados,200,,Thread Group 1-92,text,true,,174,158,2,2,http://localhost:8080/empleados,24,0,0
1775334345627,48,GET /empresas,200,,Thread Group 1-93,text,true,,64332,157,2,2,http://localhost:8080/empresas,47,0,0
1775334345675,24,GET /empleados,200,,Thread Group 1-93,text,true,,174,158,3,3,http://localhost:8080/empleados,24,0,0
1775334345671,28,GET /roles,200,,Thread Group 1-92,text,true,,174,154,3,3,http://localhost:8080/roles,28,0,0
1775334345699,25,GET /gateways,200,,Thread Group 1-92,text,true,,174,167,3,3,http://localhost:8080/gateways/proceso/1,25,0,0
1775334345699,25,GET /roles,200,,Thread Group 1-93,text,true,,174,154,3,3,http://localhost:8080/roles,25,0,0
1775334345681,46,GET /empresas,200,,Thread Group 1-94,text,true,,64332,157,3,3,http://localhost:8080/empresas,45,0,0
1775334345724,32,GET /arcos,200,,Thread Group 1-92,text,true,,174,164,3,3,http://localhost:8080/arcos/proceso/1,32,0,0
1775334345727,29,GET /empleados,200,,Thread Group 1-94,text,true,,174,158,3,3,http://localhost:8080/empleados,29,0,0
1775334345724,32,GET /gateways,200,,Thread Group 1-93,text,true,,174,167,3,3,http://localhost:8080/gateways/proceso/1,32,0,0
1775334345756,33,GET /roles,200,,Thread Group 1-94,text,true,,174,154,3,3,http://localhost:8080/roles,33,0,0
1775334345756,33,GET /arcos,200,,Thread Group 1-93,text,true,,174,164,3,3,http://localhost:8080/arcos/proceso/1,33,0,0
1775334345789,38,GET /gateways,200,,Thread Group 1-94,text,true,,174,167,3,3,http://localhost:8080/gateways/proceso/1,38,0,0
1775334345827,35,GET /arcos,200,,Thread Group 1-94,text,true,,174,164,3,3,http://localhost:8080/arcos/proceso/1,35,0,0
1775334345756,106,POST /empresas,200,,Thread Group 1-92,text,true,,235,302,3,3,http://localhost:8080/empresas,106,0,0
1775334345789,107,POST /empresas,200,,Thread Group 1-93,text,true,,235,302,2,2,http://localhost:8080/empresas,107,0,0
1775334345862,97,POST /empresas,200,,Thread Group 1-94,text,true,,235,302,2,2,http://localhost:8080/empresas,97,0,0
1775334345897,65,GET /empresas,200,,Thread Group 1-93,text,true,,64458,157,2,2,http://localhost:8080/empresas,65,0,0
1775334345962,37,GET /empleados,200,,Thread Group 1-93,text,true,,174,158,3,3,http://localhost:8080/empleados,37,0,0
1775334345959,42,GET /empresas,200,,Thread Group 1-94,text,true,,64521,157,3,3,http://localhost:8080/empresas,42,0,0
1775334346001,21,GET /empleados,200,,Thread Group 1-94,text,true,,174,158,3,3,http://localhost:8080/empleados,21,0,0
1775334345999,23,GET /roles,200,,Thread Group 1-93,text,true,,174,154,3,3,http://localhost:8080/roles,23,0,0
1775334345981,44,GET /empresas,200,,Thread Group 1-95,text,true,,64521,157,3,3,http://localhost:8080/empresas,43,0,0
1775334346025,32,GET /empleados,200,,Thread Group 1-95,text,true,,174,158,3,3,http://localhost:8080/empleados,32,0,0
1775334346023,34,GET /gateways,200,,Thread Group 1-93,text,true,,174,167,3,3,http://localhost:8080/gateways/proceso/1,34,0,0
1775334346023,34,GET /roles,200,,Thread Group 1-94,text,true,,174,154,3,3,http://localhost:8080/roles,34,0,0
1775334346057,32,GET /roles,200,,Thread Group 1-95,text,true,,174,154,3,3,http://localhost:8080/roles,32,0,0
1775334346057,32,GET /arcos,200,,Thread Group 1-93,text,true,,174,164,3,3,http://localhost:8080/arcos/proceso/1,32,0,0
1775334346057,32,GET /gateways,200,,Thread Group 1-94,text,true,,174,167,3,3,http://localhost:8080/gateways/proceso/1,32,0,0
1775334346089,35,GET /gateways,200,,Thread Group 1-95,text,true,,174,167,3,3,http://localhost:8080/gateways/proceso/1,35,0,0
1775334346089,35,GET /arcos,200,,Thread Group 1-94,text,true,,174,164,3,3,http://localhost:8080/arcos/proceso/1,35,0,0
1775334346125,37,GET /arcos,200,,Thread Group 1-95,text,true,,174,164,3,3,http://localhost:8080/arcos/proceso/1,37,0,0
1775334346089,107,POST /empresas,200,,Thread Group 1-93,text,true,,235,302,3,3,http://localhost:8080/empresas,107,0,0
1775334346125,104,POST /empresas,200,,Thread Group 1-94,text,true,,235,302,2,2,http://localhost:8080/empresas,104,0,0
1775334346163,83,POST /empresas,200,,Thread Group 1-95,text,true,,235,302,2,2,http://localhost:8080/empresas,83,0,0
1775334346229,40,GET /empresas,200,,Thread Group 1-94,text,true,,64710,157,2,2,http://localhost:8080/empresas,39,0,0
1775334346269,21,GET /empleados,200,,Thread Group 1-94,text,true,,174,158,3,3,http://localhost:8080/empleados,21,0,0
1775334346246,46,GET /empresas,200,,Thread Group 1-95,text,true,,64710,157,3,3,http://localhost:8080/empresas,46,0,0
1775334346292,34,GET /empleados,200,,Thread Group 1-95,text,true,,174,158,3,3,http://localhost:8080/empleados,34,0,0
1775334346290,36,GET /roles,200,,Thread Group 1-94,text,true,,174,154,3,3,http://localhost:8080/roles,36,0,0
1775334346281,48,GET /empresas,200,,Thread Group 1-96,text,true,,64710,157,3,3,http://localhost:8080/empresas,47,0,0
1775334346329,33,GET /empleados,200,,Thread Group 1-96,text,true,,174,158,3,3,http://localhost:8080/empleados,33,0,0
1775334346326,36,GET /gateways,200,,Thread Group 1-94,text,true,,174,167,3,3,http://localhost:8080/gateways/proceso/1,36,0,0
1775334346326,36,GET /roles,200,,Thread Group 1-95,text,true,,174,154,3,3,http://localhost:8080/roles,36,0,0
1775334346362,38,GET /arcos,200,,Thread Group 1-94,text,true,,174,164,3,3,http://localhost:8080/arcos/proceso/1,38,0,0
1775334346362,38,GET /roles,200,,Thread Group 1-96,text,true,,174,154,3,3,http://localhost:8080/roles,38,0,0
1775334346362,38,GET /gateways,200,,Thread Group 1-95,text,true,,174,167,3,3,http://localhost:8080/gateways/proceso/1,38,0,0
1775334346400,34,GET /gateways,200,,Thread Group 1-96,text,true,,174,167,3,3,http://localhost:8080/gateways/proceso/1,34,0,0
1775334346400,34,GET /arcos,200,,Thread Group 1-95,text,true,,174,164,3,3,http://localhost:8080/arcos/proceso/1,34,0,0
1775334346434,35,GET /arcos,200,,Thread Group 1-96,text,true,,174,164,3,3,http://localhost:8080/arcos/proceso/1,35,0,0
1775334346400,99,POST /empresas,200,,Thread Group 1-94,text,true,,235,302,3,3,http://localhost:8080/empresas,99,0,0
1775334346434,95,POST /empresas,200,,Thread Group 1-95,text,true,,235,302,2,2,http://localhost:8080/empresas,94,0,0
1775334346469,77,POST /empresas,200,,Thread Group 1-96,text,true,,235,302,2,2,http://localhost:8080/empresas,77,0,0
1775334346529,35,GET /empresas,200,,Thread Group 1-95,text,true,,64899,157,2,2,http://localhost:8080/empresas,34,0,0
1775334346564,23,GET /empleados,200,,Thread Group 1-95,text,true,,174,158,3,3,http://localhost:8080/empleados,23,0,0
1775334346546,44,GET /empresas,200,,Thread Group 1-96,text,true,,64899,157,3,3,http://localhost:8080/empresas,43,0,0
1775334346590,37,GET /empleados,200,,Thread Group 1-96,text,true,,174,158,3,3,http://localhost:8080/empleados,37,0,0
1775334346587,40,GET /roles,200,,Thread Group 1-95,text,true,,174,154,3,3,http://localhost:8080/roles,40,0,0
1775334346582,48,GET /empresas,200,,Thread Group 1-97,text,true,,64899,157,3,3,http://localhost:8080/empresas,47,0,0
1775334346630,30,GET /empleados,200,,Thread Group 1-97,text,true,,174,158,3,3,http://localhost:8080/empleados,30,0,0
1775334346627,33,GET /gateways,200,,Thread Group 1-95,text,true,,174,167,3,3,http://localhost:8080/gateways/proceso/1,33,0,0
1775334346627,33,GET /roles,200,,Thread Group 1-96,text,true,,174,154,3,3,http://localhost:8080/roles,33,0,0
1775334346660,41,GET /roles,200,,Thread Group 1-97,text,true,,174,154,3,3,http://localhost:8080/roles,41,0,0
1775334346660,41,GET /arcos,200,,Thread Group 1-95,text,true,,174,164,3,3,http://localhost:8080/arcos/proceso/1,41,0,0
1775334346660,41,GET /gateways,200,,Thread Group 1-96,text,true,,174,167,3,3,http://localhost:8080/gateways/proceso/1,41,0,0
1775334346701,35,GET /arcos,200,,Thread Group 1-96,text,true,,174,164,3,3,http://localhost:8080/arcos/proceso/1,35,0,0
1775334346701,35,GET /gateways,200,,Thread Group 1-97,text,true,,174,167,3,3,http://localhost:8080/gateways/proceso/1,35,0,0
1775334346737,37,GET /arcos,200,,Thread Group 1-97,text,true,,174,164,3,3,http://localhost:8080/arcos/proceso/1,37,0,0
1775334346701,109,POST /empresas,200,,Thread Group 1-95,text,true,,235,302,3,3,http://localhost:8080/empresas,109,0,0
1775334346737,109,POST /empresas,200,,Thread Group 1-96,text,true,,235,302,2,2,http://localhost:8080/empresas,109,0,0
1775334346774,92,POST /empresas,200,,Thread Group 1-97,text,true,,235,302,2,2,http://localhost:8080/empresas,92,0,0
1775334346847,46,GET /empresas,200,,Thread Group 1-96,text,true,,65088,157,3,3,http://localhost:8080/empresas,45,0,0
1775334346867,35,GET /empresas,200,,Thread Group 1-97,text,true,,65088,157,3,3,http://localhost:8080/empresas,35,0,0
1775334346893,37,GET /empleados,200,,Thread Group 1-96,text,true,,174,158,3,3,http://localhost:8080/empleados,37,0,0
1775334346902,28,GET /empleados,200,,Thread Group 1-97,text,true,,174,158,3,3,http://localhost:8080/empleados,28,0,0
1775334346881,51,GET /empresas,200,,Thread Group 1-98,text,true,,65088,157,3,3,http://localhost:8080/empresas,51,0,1
1775334346930,40,GET /roles,200,,Thread Group 1-97,text,true,,174,154,3,3,http://localhost:8080/roles,40,0,0
1775334346933,37,GET /empleados,200,,Thread Group 1-98,text,true,,174,158,3,3,http://localhost:8080/empleados,37,0,0
1775334346930,40,GET /roles,200,,Thread Group 1-96,text,true,,174,154,3,3,http://localhost:8080/roles,40,0,0
1775334346970,32,GET /gateways,200,,Thread Group 1-96,text,true,,174,167,3,3,http://localhost:8080/gateways/proceso/1,32,0,0
1775334346970,32,GET /gateways,200,,Thread Group 1-97,text,true,,174,167,3,3,http://localhost:8080/gateways/proceso/1,32,0,0
1775334346970,32,GET /roles,200,,Thread Group 1-98,text,true,,174,154,3,3,http://localhost:8080/roles,32,0,0
1775334347002,32,GET /arcos,200,,Thread Group 1-96,text,true,,174,164,3,3,http://localhost:8080/arcos/proceso/1,32,0,0
1775334347002,32,GET /gateways,200,,Thread Group 1-98,text,true,,174,167,3,3,http://localhost:8080/gateways/proceso/1,32,0,0
1775334347002,32,GET /arcos,200,,Thread Group 1-97,text,true,,174,164,3,3,http://localhost:8080/arcos/proceso/1,32,0,0
1775334347034,38,GET /arcos,200,,Thread Group 1-98,text,true,,174,164,3,3,http://localhost:8080/arcos/proceso/1,37,0,0
1775334347034,110,POST /empresas,200,,Thread Group 1-97,text,true,,235,302,3,3,http://localhost:8080/empresas,110,0,0
1775334347034,110,POST /empresas,200,,Thread Group 1-96,text,true,,235,302,3,3,http://localhost:8080/empresas,110,0,0
1775334347072,94,POST /empresas,200,,Thread Group 1-98,text,true,,235,302,2,2,http://localhost:8080/empresas,94,0,0
1775334347145,43,GET /empresas,200,,Thread Group 1-97,text,true,,65277,157,3,3,http://localhost:8080/empresas,43,0,0
1775334347166,37,GET /empresas,200,,Thread Group 1-98,text,true,,65277,157,3,3,http://localhost:8080/empresas,36,0,0
1775334347203,20,GET /empleados,200,,Thread Group 1-98,text,true,,174,158,3,3,http://localhost:8080/empleados,20,0,0
1775334347189,34,GET /empleados,200,,Thread Group 1-97,text,true,,174,158,3,3,http://localhost:8080/empleados,34,0,0
1775334347181,45,GET /empresas,200,,Thread Group 1-99,text,true,,65277,157,3,3,http://localhost:8080/empresas,44,0,0
1775334347226,29,GET /empleados,200,,Thread Group 1-99,text,true,,174,158,3,3,http://localhost:8080/empleados,29,0,0
1775334347223,32,GET /roles,200,,Thread Group 1-97,text,true,,174,154,3,3,http://localhost:8080/roles,32,0,0
1775334347223,32,GET /roles,200,,Thread Group 1-98,text,true,,174,154,3,3,http://localhost:8080/roles,32,0,0
1775334347255,37,GET /gateways,200,,Thread Group 1-98,text,true,,174,167,3,3,http://localhost:8080/gateways/proceso/1,37,0,0
1775334347255,37,GET /roles,200,,Thread Group 1-99,text,true,,174,154,3,3,http://localhost:8080/roles,37,0,0
1775334347255,37,GET /gateways,200,,Thread Group 1-97,text,true,,174,167,3,3,http://localhost:8080/gateways/proceso/1,37,0,0
1775334347292,44,GET /gateways,200,,Thread Group 1-99,text,true,,174,167,3,3,http://localhost:8080/gateways/proceso/1,44,0,0
1775334347292,44,GET /arcos,200,,Thread Group 1-97,text,true,,174,164,3,3,http://localhost:8080/arcos/proceso/1,44,0,0
1775334347292,44,GET /arcos,200,,Thread Group 1-98,text,true,,174,164,3,3,http://localhost:8080/arcos/proceso/1,44,0,0
1775334347336,34,GET /arcos,200,,Thread Group 1-99,text,true,,174,164,3,3,http://localhost:8080/arcos/proceso/1,34,0,0
1775334347336,104,POST /empresas,200,,Thread Group 1-98,text,true,,235,302,3,3,http://localhost:8080/empresas,104,0,0
1775334347336,104,POST /empresas,200,,Thread Group 1-97,text,true,,235,302,3,3,http://localhost:8080/empresas,104,0,0
1775334347371,86,POST /empresas,200,,Thread Group 1-99,text,true,,235,302,2,2,http://localhost:8080/empresas,86,0,0
1775334347440,38,GET /empresas,200,,Thread Group 1-98,text,true,,65466,157,2,2,http://localhost:8080/empresas,37,0,0
1775334347457,38,GET /empresas,200,,Thread Group 1-99,text,true,,65466,157,3,3,http://localhost:8080/empresas,38,0,0
1775334347478,18,GET /empleados,200,,Thread Group 1-98,text,true,,174,158,3,3,http://localhost:8080/empleados,18,0,0
1775334347496,27,GET /empleados,200,,Thread Group 1-99,text,true,,174,158,3,3,http://localhost:8080/empleados,27,0,0
1775334347496,27,GET /roles,200,,Thread Group 1-98,text,true,,174,154,3,3,http://localhost:8080/roles,27,0,0
1775334347480,47,GET /empresas,200,,Thread Group 1-100,text,true,,65466,157,3,3,http://localhost:8080/empresas,46,0,1
1775334347527,32,GET /empleados,200,,Thread Group 1-100,text,true,,174,158,3,3,http://localhost:8080/empleados,32,0,0
1775334347524,35,GET /gateways,200,,Thread Group 1-98,text,true,,174,167,3,3,http://localhost:8080/gateways/proceso/1,35,0,0
1775334347524,35,GET /roles,200,,Thread Group 1-99,text,true,,174,154,3,3,http://localhost:8080/roles,35,0,0
1775334347559,34,GET /gateways,200,,Thread Group 1-99,text,true,,174,167,3,3,http://localhost:8080/gateways/proceso/1,34,0,0
1775334347559,34,GET /roles,200,,Thread Group 1-100,text,true,,174,154,3,3,http://localhost:8080/roles,34,0,0
1775334347559,34,GET /arcos,200,,Thread Group 1-98,text,true,,174,164,3,3,http://localhost:8080/arcos/proceso/1,34,0,0
1775334347593,36,GET /arcos,200,,Thread Group 1-99,text,true,,174,164,3,3,http://localhost:8080/arcos/proceso/1,36,0,0
1775334347593,36,GET /gateways,200,,Thread Group 1-100,text,true,,174,167,3,3,http://localhost:8080/gateways/proceso/1,36,0,0
1775334347630,37,GET /arcos,200,,Thread Group 1-100,text,true,,174,164,3,3,http://localhost:8080/arcos/proceso/1,37,0,0
1775334347593,114,POST /empresas,200,,Thread Group 1-98,text,true,,235,302,3,3,http://localhost:8080/empresas,114,0,0
1775334347630,111,POST /empresas,200,,Thread Group 1-99,text,true,,235,302,2,2,http://localhost:8080/empresas,111,0,0
1775334347667,92,POST /empresas,200,,Thread Group 1-100,text,true,,236,303,2,2,http://localhost:8080/empresas,92,0,0
1775334347741,41,GET /empresas,200,,Thread Group 1-99,text,true,,65656,157,3,3,http://localhost:8080/empresas,41,0,0
1775334347759,40,GET /empresas,200,,Thread Group 1-100,text,true,,65656,157,3,3,http://localhost:8080/empresas,40,0,0
1775334347782,18,GET /empleados,200,,Thread Group 1-99,text,true,,174,158,3,3,http://localhost:8080/empleados,18,0,0
1775334347800,26,GET /empleados,200,,Thread Group 1-100,text,true,,174,158,3,3,http://localhost:8080/empleados,26,0,0
1775334347800,26,GET /roles,200,,Thread Group 1-99,text,true,,174,154,3,3,http://localhost:8080/roles,26,0,0
1775334347781,46,GET /empresas,200,,Thread Group 1-101,text,true,,65656,157,3,3,http://localhost:8080/empresas,46,0,0
1775334347826,37,GET /gateways,200,,Thread Group 1-99,text,true,,174,167,3,3,http://localhost:8080/gateways/proceso/1,37,0,0
1775334347827,36,GET /empleados,200,,Thread Group 1-101,text,true,,174,158,3,3,http://localhost:8080/empleados,36,0,0
1775334347826,37,GET /roles,200,,Thread Group 1-100,text,true,,174,154,3,3,http://localhost:8080/roles,37,0,0
1775334347864,30,GET /gateways,200,,Thread Group 1-100,text,true,,174,167,3,3,http://localhost:8080/gateways/proceso/1,30,0,0
1775334347864,30,GET /arcos,200,,Thread Group 1-99,text,true,,174,164,3,3,http://localhost:8080/arcos/proceso/1,30,0,0
1775334347864,30,GET /roles,200,,Thread Group 1-101,text,true,,174,154,3,3,http://localhost:8080/roles,30,0,0
1775334347894,36,GET /gateways,200,,Thread Group 1-101,text,true,,174,167,3,3,http://localhost:8080/gateways/proceso/1,36,0,0
1775334347894,36,GET /arcos,200,,Thread Group 1-100,text,true,,174,164,3,3,http://localhost:8080/arcos/proceso/1,36,0,0
1775334347930,36,GET /arcos,200,,Thread Group 1-101,text,true,,174,164,3,3,http://localhost:8080/arcos/proceso/1,36,0,0
1775334347894,103,POST /empresas,200,,Thread Group 1-99,text,true,,235,302,3,3,http://localhost:8080/empresas,103,0,0
1775334347930,105,POST /empresas,200,,Thread Group 1-100,text,true,,236,303,2,2,http://localhost:8080/empresas,105,0,0
1775334347967,87,POST /empresas,200,,Thread Group 1-101,text,true,,236,303,2,2,http://localhost:8080/empresas,87,0,0
1775334348036,38,GET /empresas,200,,Thread Group 1-100,text,true,,65789,157,2,2,http://localhost:8080/empresas,38,0,0
1775334348075,14,GET /empleados,200,,Thread Group 1-100,text,true,,174,158,3,3,http://localhost:8080/empleados,14,0,0
1775334348054,37,GET /empresas,200,,Thread Group 1-101,text,true,,65853,157,3,3,http://localhost:8080/empresas,36,0,0
1775334348089,38,GET /roles,200,,Thread Group 1-100,text,true,,174,154,3,3,http://localhost:8080/roles,38,0,0
1775334348091,36,GET /empleados,200,,Thread Group 1-101,text,true,,174,158,3,3,http://localhost:8080/empleados,36,0,0
1775334348081,48,GET /empresas,200,,Thread Group 1-102,text,true,,65853,157,3,3,http://localhost:8080/empresas,48,0,0
1775334348127,32,GET /gateways,200,,Thread Group 1-100,text,true,,174,167,3,3,http://localhost:8080/gateways/proceso/1,32,0,0
1775334348130,29,GET /empleados,200,,Thread Group 1-102,text,true,,174,158,3,3,http://localhost:8080/empleados,29,0,0
1775334348127,32,GET /roles,200,,Thread Group 1-101,text,true,,174,154,3,3,http://localhost:8080/roles,32,0,0
1775334348159,36,GET /roles,200,,Thread Group 1-102,text,true,,174,154,3,3,http://localhost:8080/roles,36,0,0
1775334348159,36,GET /gateways,200,,Thread Group 1-101,text,true,,174,167,3,3,http://localhost:8080/gateways/proceso/1,36,0,0
1775334348159,36,GET /arcos,200,,Thread Group 1-100,text,true,,174,164,3,3,http://localhost:8080/arcos/proceso/1,36,0,0
1775334348195,33,GET /gateways,200,,Thread Group 1-102,text,true,,174,167,3,3,http://localhost:8080/gateways/proceso/1,33,0,0
1775334348195,33,GET /arcos,200,,Thread Group 1-101,text,true,,174,164,3,3,http://localhost:8080/arcos/proceso/1,33,0,0
1775334348228,33,GET /arcos,200,,Thread Group 1-102,text,true,,174,164,3,3,http://localhost:8080/arcos/proceso/1,33,0,0
1775334348195,102,POST /empresas,200,,Thread Group 1-100,text,true,,236,303,3,3,http://localhost:8080/empresas,102,0,0
1775334348228,104,POST /empresas,200,,Thread Group 1-101,text,true,,236,303,2,2,http://localhost:8080/empresas,104,0,0
1775334348262,90,POST /empresas,200,,Thread Group 1-102,text,true,,236,303,2,2,http://localhost:8080/empresas,90,0,0
1775334348332,43,GET /empresas,200,,Thread Group 1-101,text,true,,65981,157,2,2,http://localhost:8080/empresas,42,0,0
1775334348352,49,GET /empresas,200,,Thread Group 1-102,text,true,,65982,157,3,3,http://localhost:8080/empresas,46,0,0
1775334348376,26,GET /empleados,200,,Thread Group 1-101,text,true,,174,158,3,3,http://localhost:8080/empleados,26,0,0
1775334348401,26,GET /empleados,200,,Thread Group 1-102,text,true,,174,158,3,3,http://localhost:8080/empleados,26,0,0
1775334348402,26,GET /roles,200,,Thread Group 1-101,text,true,,174,154,3,3,http://localhost:8080/roles,26,0,0
1775334348381,49,GET /empresas,200,,Thread Group 1-103,text,true,,65982,157,3,3,http://localhost:8080/empresas,48,0,0
1775334348431,28,GET /empleados,200,,Thread Group 1-103,text,true,,174,158,3,3,http://localhost:8080/empleados,28,0,0
1775334348428,31,GET /roles,200,,Thread Group 1-102,text,true,,174,154,3,3,http://localhost:8080/roles,31,0,0
1775334348428,31,GET /gateways,200,,Thread Group 1-101,text,true,,174,167,3,3,http://localhost:8080/gateways/proceso/1,31,0,0
1775334348459,35,GET /roles,200,,Thread Group 1-103,text,true,,174,154,3,3,http://localhost:8080/roles,35,0,0
1775334348459,35,GET /arcos,200,,Thread Group 1-101,text,true,,174,164,3,3,http://localhost:8080/arcos/proceso/1,35,0,0
1775334348459,35,GET /gateways,200,,Thread Group 1-102,text,true,,174,167,3,3,http://localhost:8080/gateways/proceso/1,35,0,0
1775334348494,38,GET /gateways,200,,Thread Group 1-103,text,true,,174,167,3,3,http://localhost:8080/gateways/proceso/1,38,0,0
1775334348494,38,GET /arcos,200,,Thread Group 1-102,text,true,,174,164,3,3,http://localhost:8080/arcos/proceso/1,38,0,0
1775334348532,34,GET /arcos,200,,Thread Group 1-103,text,true,,174,164,3,3,http://localhost:8080/arcos/proceso/1,34,0,0
1775334348494,110,POST /empresas,200,,Thread Group 1-101,text,true,,236,303,3,3,http://localhost:8080/empresas,110,0,0
1775334348532,107,POST /empresas,200,,Thread Group 1-102,text,true,,236,303,2,2,http://localhost:8080/empresas,107,0,0
1775334348567,92,POST /empresas,200,,Thread Group 1-103,text,true,,236,303,2,2,http://localhost:8080/empresas,92,0,0
1775334348639,38,GET /empresas,200,,Thread Group 1-102,text,true,,66175,157,2,2,http://localhost:8080/empresas,38,0,0
1775334348677,20,GET /empleados,200,,Thread Group 1-102,text,true,,174,158,3,3,http://localhost:8080/empleados,20,0,0
1775334348659,39,GET /empresas,200,,Thread Group 1-103,text,true,,66175,157,3,3,http://localhost:8080/empresas,39,0,0
1775334348698,28,GET /empleados,200,,Thread Group 1-103,text,true,,174,158,3,3,http://localhost:8080/empleados,28,0,0
1775334348697,29,GET /roles,200,,Thread Group 1-102,text,true,,174,154,3,3,http://localhost:8080/roles,29,0,0
1775334348680,47,GET /empresas,200,,Thread Group 1-104,text,true,,66175,157,3,3,http://localhost:8080/empresas,47,0,1
1775334348727,35,GET /empleados,200,,Thread Group 1-104,text,true,,174,158,3,3,http://localhost:8080/empleados,35,0,0
1775334348726,36,GET /gateways,200,,Thread Group 1-102,text,true,,174,167,3,3,http://localhost:8080/gateways/proceso/1,35,0,0
1775334348726,36,GET /roles,200,,Thread Group 1-103,text,true,,174,154,3,3,http://localhost:8080/roles,36,0,0
1775334348762,42,GET /gateways,200,,Thread Group 1-103,text,true,,174,167,3,3,http://localhost:8080/gateways/proceso/1,41,0,0
1775334348762,42,GET /roles,200,,Thread Group 1-104,text,true,,174,154,3,3,http://localhost:8080/roles,42,0,0
1775334348762,42,GET /arcos,200,,Thread Group 1-102,text,true,,174,164,3,3,http://localhost:8080/arcos/proceso/1,42,0,0
1775334348804,37,GET /gateways,200,,Thread Group 1-104,text,true,,174,167,3,3,http://localhost:8080/gateways/proceso/1,37,0,0
1775334348804,37,GET /arcos,200,,Thread Group 1-103,text,true,,174,164,3,3,http://localhost:8080/arcos/proceso/1,37,0,0
1775334348841,35,GET /arcos,200,,Thread Group 1-104,text,true,,174,164,3,3,http://localhost:8080/arcos/proceso/1,35,0,0
1775334348804,107,POST /empresas,200,,Thread Group 1-102,text,true,,236,303,3,3,http://localhost:8080/empresas,107,0,0
1775334348841,100,POST /empresas,200,,Thread Group 1-103,text,true,,236,303,2,2,http://localhost:8080/empresas,100,0,0
1775334348876,83,POST /empresas,200,,Thread Group 1-104,text,true,,236,303,2,2,http://localhost:8080/empresas,83,0,0
1775334348942,37,GET /empresas,200,,Thread Group 1-103,text,true,,66367,157,2,2,http://localhost:8080/empresas,37,0,0
1775334348980,15,GET /empleados,200,,Thread Group 1-103,text,true,,174,158,3,3,http://localhost:8080/empleados,15,0,0
1775334348959,39,GET /empresas,200,,Thread Group 1-104,text,true,,66367,157,3,3,http://localhost:8080/empresas,38,0,0
1775334348998,29,GET /empleados,200,,Thread Group 1-104,text,true,,174,158,3,3,http://localhost:8080/empleados,29,0,0
1775334348996,31,GET /roles,200,,Thread Group 1-103,text,true,,174,154,3,3,http://localhost:8080/roles,31,0,0
1775334348980,50,GET /empresas,200,,Thread Group 1-105,text,true,,66367,157,3,3,http://localhost:8080/empresas,49,0,1
1775334349027,36,GET /roles,200,,Thread Group 1-104,text,true,,174,154,3,3,http://localhost:8080/roles,35,0,0
1775334349027,36,GET /gateways,200,,Thread Group 1-103,text,true,,174,167,3,3,http://localhost:8080/gateways/proceso/1,35,0,0
1775334349030,33,GET /empleados,200,,Thread Group 1-105,text,true,,174,158,3,3,http://localhost:8080/empleados,32,0,0
1775334349063,37,GET /roles,200,,Thread Group 1-105,text,true,,174,154,3,3,http://localhost:8080/roles,37,0,0
1775334349063,37,GET /arcos,200,,Thread Group 1-103,text,true,,174,164,3,3,http://localhost:8080/arcos/proceso/1,37,0,0
1775334349063,37,GET /gateways,200,,Thread Group 1-104,text,true,,174,167,3,3,http://localhost:8080/gateways/proceso/1,37,0,0
1775334349100,33,GET /arcos,200,,Thread Group 1-104,text,true,,174,164,3,3,http://localhost:8080/arcos/proceso/1,33,0,0
1775334349100,33,GET /gateways,200,,Thread Group 1-105,text,true,,174,167,3,3,http://localhost:8080/gateways/proceso/1,33,0,0
1775334349134,36,GET /arcos,200,,Thread Group 1-105,text,true,,174,164,3,3,http://localhost:8080/arcos/proceso/1,36,0,0
1775334349100,105,POST /empresas,200,,Thread Group 1-103,text,true,,236,303,3,3,http://localhost:8080/empresas,105,0,0
1775334349134,124,POST /empresas,200,,Thread Group 1-104,text,true,,236,303,2,2,http://localhost:8080/empresas,124,0,0
1775334349170,110,POST /empresas,200,,Thread Group 1-105,text,true,,236,303,3,3,http://localhost:8080/empresas,110,0,0
1775334349259,44,GET /empresas,200,,Thread Group 1-104,text,true,,66559,157,3,3,http://localhost:8080/empresas,43,0,0
1775334349280,33,GET /empresas,200,,Thread Group 1-105,text,true,,66559,157,3,3,http://localhost:8080/empresas,32,0,0
1775334349313,19,GET /empleados,200,,Thread Group 1-105,text,true,,174,158,3,3,http://localhost:8080/empleados,19,0,0
1775334349303,29,GET /empleados,200,,Thread Group 1-104,text,true,,174,158,3,3,http://localhost:8080/empleados,29,0,0
1775334349281,54,GET /empresas,200,,Thread Group 1-106,text,true,,66559,157,3,3,http://localhost:8080/empresas,53,0,0
1775334349332,38,GET /roles,200,,Thread Group 1-105,text,true,,174,154,3,3,http://localhost:8080/roles,38,0,0
1775334349335,35,GET /empleados,200,,Thread Group 1-106,text,true,,174,158,3,3,http://localhost:8080/empleados,35,0,0
1775334349332,38,GET /roles,200,,Thread Group 1-104,text,true,,174,154,3,3,http://localhost:8080/roles,38,0,0
1775334349370,51,GET /roles,200,,Thread Group 1-106,text,true,,174,154,3,3,http://localhost:8080/roles,51,0,0
1775334349370,51,GET /gateways,200,,Thread Group 1-104,text,true,,174,167,3,3,http://localhost:8080/gateways/proceso/1,51,0,0
1775334349370,51,GET /gateways,200,,Thread Group 1-105,text,true,,174,167,3,3,http://localhost:8080/gateways/proceso/1,51,0,0
1775334349421,35,GET /gateways,200,,Thread Group 1-106,text,true,,174,167,3,3,http://localhost:8080/gateways/proceso/1,35,0,0
1775334349421,35,GET /arcos,200,,Thread Group 1-105,text,true,,174,164,3,3,http://localhost:8080/arcos/proceso/1,35,0,0
1775334349421,35,GET /arcos,200,,Thread Group 1-104,text,true,,174,164,3,3,http://localhost:8080/arcos/proceso/1,35,0,0
1775334349457,38,GET /arcos,200,,Thread Group 1-106,text,true,,174,164,3,3,http://localhost:8080/arcos/proceso/1,38,0,0
1775334349457,112,POST /empresas,200,,Thread Group 1-104,text,true,,236,303,3,3,http://localhost:8080/empresas,112,0,0
1775334349457,112,POST /empresas,200,,Thread Group 1-105,text,true,,236,303,3,3,http://localhost:8080/empresas,112,0,0
1775334349495,91,POST /empresas,200,,Thread Group 1-106,text,true,,236,303,3,3,http://localhost:8080/empresas,91,0,0
1775334349569,36,GET /empresas,200,,Thread Group 1-105,text,true,,66751,157,3,3,http://localhost:8080/empresas,35,0,0
1775334349581,27,GET /empresas,200,,Thread Group 1-107,text,true,,66751,157,3,3,http://localhost:8080/empresas,27,0,1
1775334349609,22,GET /empleados,200,,Thread Group 1-107,text,true,,174,158,3,3,http://localhost:8080/empleados,22,0,0
1775334349605,26,GET /empleados,200,,Thread Group 1-105,text,true,,174,158,3,3,http://localhost:8080/empleados,26,0,0
1775334349587,47,GET /empresas,200,,Thread Group 1-106,text,true,,66751,157,3,3,http://localhost:8080/empresas,46,0,0
1775334349631,33,GET /roles,200,,Thread Group 1-105,text,true,,174,154,3,3,http://localhost:8080/roles,33,0,0
1775334349634,30,GET /empleados,200,,Thread Group 1-106,text,true,,174,158,3,3,http://localhost:8080/empleados,30,0,0
1775334349631,33,GET /roles,200,,Thread Group 1-107,text,true,,174,154,3,3,http://localhost:8080/roles,33,0,0
1775334349664,34,GET /roles,200,,Thread Group 1-106,text,true,,174,154,3,3,http://localhost:8080/roles,34,0,0
1775334349664,34,GET /gateways,200,,Thread Group 1-107,text,true,,174,167,3,3,http://localhost:8080/gateways/proceso/1,34,0,0
1775334349664,34,GET /gateways,200,,Thread Group 1-105,text,true,,174,167,3,3,http://localhost:8080/gateways/proceso/1,34,0,0
1775334349698,35,GET /arcos,200,,Thread Group 1-107,text,true,,174,164,3,3,http://localhost:8080/arcos/proceso/1,35,0,0
1775334349698,35,GET /gateways,200,,Thread Group 1-106,text,true,,174,167,3,3,http://localhost:8080/gateways/proceso/1,35,0,0
1775334349698,35,GET /arcos,200,,Thread Group 1-105,text,true,,174,164,3,3,http://localhost:8080/arcos/proceso/1,35,0,0
1775334349733,36,GET /arcos,200,,Thread Group 1-106,text,true,,174,164,3,3,http://localhost:8080/arcos/proceso/1,36,0,0
1775334349733,109,POST /empresas,200,,Thread Group 1-107,text,true,,236,303,3,3,http://localhost:8080/empresas,109,0,0
1775334349733,109,POST /empresas,200,,Thread Group 1-105,text,true,,236,303,3,3,http://localhost:8080/empresas,109,0,0
1775334349769,93,POST /empresas,200,,Thread Group 1-106,text,true,,236,303,2,2,http://localhost:8080/empresas,93,0,0
1775334349842,43,GET /empresas,200,,Thread Group 1-107,text,true,,66943,157,3,3,http://localhost:8080/empresas,42,0,0
1775334349862,37,GET /empresas,200,,Thread Group 1-106,text,true,,66943,157,3,3,http://localhost:8080/empresas,36,0,0
1775334349885,19,GET /empleados,200,,Thread Group 1-107,text,true,,174,158,3,3,http://localhost:8080/empleados,19,0,0
1775334349904,22,GET /roles,200,,Thread Group 1-107,text,true,,174,154,3,3,http://localhost:8080/roles,22,0,0
1775334349899,27,GET /empleados,200,,Thread Group 1-106,text,true,,174,158,3,3,http://localhost:8080/empleados,27,0,0
1775334349881,48,GET /empresas,200,,Thread Group 1-108,text,true,,66943,157,3,3,http://localhost:8080/empresas,47,0,1
1775334349929,31,GET /empleados,200,,Thread Group 1-108,text,true,,174,158,3,3,http://localhost:8080/empleados,31,0,0
1775334349926,34,GET /gateways,200,,Thread Group 1-107,text,true,,174,167,3,3,http://localhost:8080/gateways/proceso/1,34,0,0
1775334349926,34,GET /roles,200,,Thread Group 1-106,text,true,,174,154,3,3,http://localhost:8080/roles,34,0,0
1775334349960,33,GET /arcos,200,,Thread Group 1-107,text,true,,174,164,3,3,http://localhost:8080/arcos/proceso/1,33,0,0
1775334349960,33,GET /roles,200,,Thread Group 1-108,text,true,,174,154,3,3,http://localhost:8080/roles,33,0,0
1775334349960,33,GET /gateways,200,,Thread Group 1-106,text,true,,174,167,3,3,http://localhost:8080/gateways/proceso/1,33,0,0
1775334349994,32,GET /arcos,200,,Thread Group 1-106,text,true,,174,164,3,3,http://localhost:8080/arcos/proceso/1,32,0,0
1775334349994,32,GET /gateways,200,,Thread Group 1-108,text,true,,174,167,3,3,http://localhost:8080/gateways/proceso/1,32,0,0
1775334350026,34,GET /arcos,200,,Thread Group 1-108,text,true,,174,164,3,3,http://localhost:8080/arcos/proceso/1,34,0,0
1775334349994,104,POST /empresas,200,,Thread Group 1-107,text,true,,236,303,3,3,http://localhost:8080/empresas,103,0,0
1775334350026,94,POST /empresas,200,,Thread Group 1-106,text,true,,236,303,3,3,http://localhost:8080/empresas,94,0,0
1775334350060,82,POST /empresas,200,,Thread Group 1-108,text,true,,236,303,2,2,http://localhost:8080/empresas,82,0,0
1775334350098,46,GET /empresas,200,,Thread Group 1-107,text,true,,67071,157,2,2,http://localhost:8080/empresas,45,0,0
1775334350144,24,GET /empleados,200,,Thread Group 1-107,text,true,,174,158,2,2,http://localhost:8080/empleados,24,0,0
1775334350168,18,GET /roles,200,,Thread Group 1-107,text,true,,174,154,3,3,http://localhost:8080/roles,18,0,0
1775334350142,47,GET /empresas,200,,Thread Group 1-108,text,true,,67135,157,3,3,http://localhost:8080/empresas,46,0,0
1775334350186,36,GET /gateways,200,,Thread Group 1-107,text,true,,174,167,3,3,http://localhost:8080/gateways/proceso/1,36,0,0
1775334350189,33,GET /empleados,200,,Thread Group 1-108,text,true,,174,158,3,3,http://localhost:8080/empleados,33,0,0
1775334350181,42,GET /empresas,200,,Thread Group 1-109,text,true,,67135,157,3,3,http://localhost:8080/empresas,42,0,0
1775334350222,38,GET /arcos,200,,Thread Group 1-107,text,true,,174,164,3,3,http://localhost:8080/arcos/proceso/1,38,0,0
1775334350223,37,GET /empleados,200,,Thread Group 1-109,text,true,,174,158,3,3,http://localhost:8080/empleados,37,0,0
1775334350222,38,GET /roles,200,,Thread Group 1-108,text,true,,174,154,3,3,http://localhost:8080/roles,38,0,0
1775334350260,35,GET /gateways,200,,Thread Group 1-108,text,true,,174,167,3,3,http://localhost:8080/gateways/proceso/1,35,0,0
1775334350260,35,GET /roles,200,,Thread Group 1-109,text,true,,174,154,3,3,http://localhost:8080/roles,35,0,0
1775334350295,35,GET /gateways,200,,Thread Group 1-109,text,true,,174,167,3,3,http://localhost:8080/gateways/proceso/1,35,0,0
1775334350295,35,GET /arcos,200,,Thread Group 1-108,text,true,,174,164,3,3,http://localhost:8080/arcos/proceso/1,35,0,0
1775334350330,30,GET /arcos,200,,Thread Group 1-109,text,true,,174,164,3,3,http://localhost:8080/arcos/proceso/1,30,0,0
1775334350260,100,POST /empresas,200,,Thread Group 1-107,text,true,,236,303,3,3,http://localhost:8080/empresas,100,0,0
1775334350330,96,POST /empresas,200,,Thread Group 1-108,text,true,,236,303,2,2,http://localhost:8080/empresas,96,0,0
1775334350360,86,POST /empresas,200,,Thread Group 1-109,text,true,,236,303,2,2,http://localhost:8080/empresas,86,0,0
1775334350427,39,GET /empresas,200,,Thread Group 1-108,text,true,,67327,157,2,2,http://localhost:8080/empresas,38,0,0
1775334350466,18,GET /empleados,200,,Thread Group 1-108,text,true,,174,158,3,3,http://localhost:8080/empleados,18,0,0
1775334350446,41,GET /empresas,200,,Thread Group 1-109,text,true,,67327,157,3,3,http://localhost:8080/empresas,40,0,0
1775334350485,37,GET /roles,200,,Thread Group 1-108,text,true,,174,154,3,3,http://localhost:8080/roles,37,0,0
1775334350487,35,GET /empleados,200,,Thread Group 1-109,text,true,,174,158,3,3,http://localhost:8080/empleados,35,0,0
1775334350481,44,GET /empresas,200,,Thread Group 1-110,text,true,,67327,157,3,3,http://localhost:8080/empresas,44,0,0
1775334350526,31,GET /empleados,200,,Thread Group 1-110,text,true,,174,158,3,3,http://localhost:8080/empleados,31,0,0
1775334350523,34,GET /gateways,200,,Thread Group 1-108,text,true,,174,167,3,3,http://localhost:8080/gateways/proceso/1,34,0,0
1775334350523,34,GET /roles,200,,Thread Group 1-109,text,true,,174,154,3,3,http://localhost:8080/roles,34,0,0
1775334350557,35,GET /roles,200,,Thread Group 1-110,text,true,,174,154,3,3,http://localhost:8080/roles,35,0,0
1775334350557,35,GET /gateways,200,,Thread Group 1-109,text,true,,174,167,3,3,http://localhost:8080/gateways/proceso/1,35,0,0
1775334350558,34,GET /arcos,200,,Thread Group 1-108,text,true,,174,164,3,3,http://localhost:8080/arcos/proceso/1,34,0,0
1775334350592,33,GET /gateways,200,,Thread Group 1-110,text,true,,174,167,3,3,http://localhost:8080/gateways/proceso/1,33,0,0
1775334350593,32,GET /arcos,200,,Thread Group 1-109,text,true,,174,164,3,3,http://localhost:8080/arcos/proceso/1,32,0,0
1775334350626,32,GET /arcos,200,,Thread Group 1-110,text,true,,174,164,3,3,http://localhost:8080/arcos/proceso/1,31,0,0
1775334350593,98,POST /empresas,200,,Thread Group 1-108,text,true,,236,303,3,3,http://localhost:8080/empresas,98,0,0
1775334350626,96,POST /empresas,200,,Thread Group 1-109,text,true,,236,303,2,2,http://localhost:8080/empresas,96,0,0
1775334350658,82,POST /empresas,200,,Thread Group 1-110,text,true,,236,303,2,2,http://localhost:8080/empresas,82,0,0
1775334350722,35,GET /empresas,200,,Thread Group 1-109,text,true,,67519,157,2,2,http://localhost:8080/empresas,34,0,0
1775334350757,42,GET /empleados,200,,Thread Group 1-109,text,true,,174,158,3,3,http://localhost:8080/empleados,42,0,0
1775334350740,61,GET /empresas,200,,Thread Group 1-110,text,true,,67519,157,3,3,http://localhost:8080/empresas,61,0,0
1775334350799,54,GET /roles,200,,Thread Group 1-109,text,true,,174,154,3,3,http://localhost:8080/roles,54,0,0
1775334350801,52,GET /empleados,200,,Thread Group 1-110,text,true,,174,158,3,3,http://localhost:8080/empleados,52,0,0
1775334350781,75,GET /empresas,200,,Thread Group 1-111,text,true,,67519,157,3,3,http://localhost:8080/empresas,74,0,0
1775334350857,33,GET /empleados,200,,Thread Group 1-111,text,true,,174,158,3,3,http://localhost:8080/empleados,33,0,0
1775334350853,37,GET /roles,200,,Thread Group 1-110,text,true,,174,154,3,3,http://localhost:8080/roles,37,0,0
1775334350853,37,GET /gateways,200,,Thread Group 1-109,text,true,,174,167,3,3,http://localhost:8080/gateways/proceso/1,37,0,0
1775334350891,33,GET /arcos,200,,Thread Group 1-109,text,true,,174,164,3,3,http://localhost:8080/arcos/proceso/1,33,0,0
1775334350891,33,GET /roles,200,,Thread Group 1-111,text,true,,174,154,3,3,http://localhost:8080/roles,33,0,0
1775334350891,33,GET /gateways,200,,Thread Group 1-110,text,true,,174,167,3,3,http://localhost:8080/gateways/proceso/1,33,0,0
1775334350924,37,GET /arcos,200,,Thread Group 1-110,text,true,,174,164,3,3,http://localhost:8080/arcos/proceso/1,37,0,0
1775334350924,37,GET /gateways,200,,Thread Group 1-111,text,true,,174,167,3,3,http://localhost:8080/gateways/proceso/1,37,0,0
1775334350961,32,GET /arcos,200,,Thread Group 1-111,text,true,,174,164,3,3,http://localhost:8080/arcos/proceso/1,32,0,0
1775334350924,107,POST /empresas,200,,Thread Group 1-109,text,true,,236,303,3,3,http://localhost:8080/empresas,107,0,0
1775334350961,109,POST /empresas,200,,Thread Group 1-110,text,true,,236,303,2,2,http://localhost:8080/empresas,109,0,0
1775334350993,96,POST /empresas,200,,Thread Group 1-111,text,true,,236,303,3,3,http://localhost:8080/empresas,96,0,0
1775334351070,32,GET /empresas,200,,Thread Group 1-110,text,true,,67647,157,3,3,http://localhost:8080/empresas,31,0,0
1775334351081,31,GET /empresas,200,,Thread Group 1-112,text,true,,67711,157,3,3,http://localhost:8080/empresas,30,0,0
1775334351102,33,GET /empleados,200,,Thread Group 1-110,text,true,,174,158,3,3,http://localhost:8080/empleados,33,0,0
1775334351112,23,GET /empleados,200,,Thread Group 1-112,text,true,,174,158,3,3,http://localhost:8080/empleados,23,0,0
1775334351090,48,GET /empresas,200,,Thread Group 1-111,text,true,,67711,157,3,3,http://localhost:8080/empresas,48,0,0
1775334351136,36,GET /roles,200,,Thread Group 1-112,text,true,,174,154,3,3,http://localhost:8080/roles,36,0,0
1775334351139,33,GET /empleados,200,,Thread Group 1-111,text,true,,174,158,3,3,http://localhost:8080/empleados,33,0,0
1775334351136,36,GET /roles,200,,Thread Group 1-110,text,true,,174,154,3,3,http://localhost:8080/roles,36,0,0
1775334351172,20,GET /roles,200,,Thread Group 1-111,text,true,,174,154,3,3,http://localhost:8080/roles,19,0,0
1775334351172,20,GET /gateways,200,,Thread Group 1-112,text,true,,174,167,3,3,http://localhost:8080/gateways/proceso/1,19,0,0
1775334351172,20,GET /gateways,200,,Thread Group 1-110,text,true,,174,167,3,3,http://localhost:8080/gateways/proceso/1,19,0,0
1775334351192,37,GET /arcos,200,,Thread Group 1-110,text,true,,174,164,3,3,http://localhost:8080/arcos/proceso/1,37,0,0
1775334351192,37,GET /gateways,200,,Thread Group 1-111,text,true,,174,167,3,3,http://localhost:8080/gateways/proceso/1,37,0,0
1775334351192,37,GET /arcos,200,,Thread Group 1-112,text,true,,174,164,3,3,http://localhost:8080/arcos/proceso/1,37,0,0
1775334351230,34,GET /arcos,200,,Thread Group 1-111,text,true,,174,164,3,3,http://localhost:8080/arcos/proceso/1,34,0,0
1775334351230,102,POST /empresas,200,,Thread Group 1-112,text,true,,236,303,3,3,http://localhost:8080/empresas,102,0,0
1775334351230,102,POST /empresas,200,,Thread Group 1-110,text,true,,236,303,3,3,http://localhost:8080/empresas,102,0,0
1775334351264,85,POST /empresas,200,,Thread Group 1-111,text,true,,236,303,2,2,http://localhost:8080/empresas,85,0,0
1775334351332,38,GET /empresas,200,,Thread Group 1-112,text,true,,67903,157,2,2,http://localhost:8080/empresas,38,0,0
1775334351370,24,GET /empleados,200,,Thread Group 1-112,text,true,,174,158,3,3,http://localhost:8080/empleados,24,0,0
1775334351349,51,GET /empresas,200,,Thread Group 1-111,text,true,,67903,157,3,3,http://localhost:8080/empresas,50,0,0
1775334351394,58,GET /roles,200,,Thread Group 1-112,text,true,,174,154,3,3,http://localhost:8080/roles,58,0,0
1775334351400,52,GET /empleados,200,,Thread Group 1-111,text,true,,174,158,3,3,http://localhost:8080/empleados,52,0,0
1775334351381,73,GET /empresas,200,,Thread Group 1-113,text,true,,67903,157,3,3,http://localhost:8080/empresas,72,0,0
1775334351454,36,GET /empleados,200,,Thread Group 1-113,text,true,,174,158,3,3,http://localhost:8080/empleados,36,0,0
1775334351452,38,GET /gateways,200,,Thread Group 1-112,text,true,,174,167,3,3,http://localhost:8080/gateways/proceso/1,38,0,0
1775334351452,38,GET /roles,200,,Thread Group 1-111,text,true,,174,154,3,3,http://localhost:8080/roles,38,0,0
1775334351490,34,GET /gateways,200,,Thread Group 1-111,text,true,,174,167,3,3,http://localhost:8080/gateways/proceso/1,34,0,0
1775334351490,34,GET /roles,200,,Thread Group 1-113,text,true,,174,154,3,3,http://localhost:8080/roles,34,0,0
1775334351490,34,GET /arcos,200,,Thread Group 1-112,text,true,,174,164,3,3,http://localhost:8080/arcos/proceso/1,34,0,0
1775334351524,33,GET /arcos,200,,Thread Group 1-111,text,true,,174,164,3,3,http://localhost:8080/arcos/proceso/1,33,0,0
1775334351524,33,GET /gateways,200,,Thread Group 1-113,text,true,,174,167,3,3,http://localhost:8080/gateways/proceso/1,33,0,0
1775334351557,33,GET /arcos,200,,Thread Group 1-113,text,true,,174,164,3,3,http://localhost:8080/arcos/proceso/1,33,0,0
1775334351524,99,POST /empresas,200,,Thread Group 1-112,text,true,,236,303,3,3,http://localhost:8080/empresas,99,0,0
1775334351557,81,POST /empresas,200,,Thread Group 1-111,text,true,,236,303,3,3,http://localhost:8080/empresas,81,0,0
1775334351590,72,POST /empresas,200,,Thread Group 1-113,text,true,,236,303,2,2,http://localhost:8080/empresas,72,0,0
1775334351623,42,GET /empresas,200,,Thread Group 1-112,text,true,,67967,157,2,2,http://localhost:8080/empresas,42,0,0
1775334351665,18,GET /empleados,200,,Thread Group 1-112,text,true,,174,158,3,3,http://localhost:8080/empleados,18,0,0
1775334351663,38,GET /empresas,200,,Thread Group 1-113,text,true,,68095,157,3,3,http://localhost:8080/empresas,38,0,0
1775334351683,19,GET /roles,200,,Thread Group 1-112,text,true,,174,154,3,3,http://localhost:8080/roles,19,0,0
1775334351702,26,GET /empleados,200,,Thread Group 1-113,text,true,,174,158,3,3,http://localhost:8080/empleados,26,0,0
1775334351702,26,GET /gateways,200,,Thread Group 1-112,text,true,,174,167,3,3,http://localhost:8080/gateways/proceso/1,26,0,0
1775334351681,50,GET /empresas,200,,Thread Group 1-114,text,true,,68095,157,3,3,http://localhost:8080/empresas,49,0,0
1775334351728,38,GET /roles,200,,Thread Group 1-113,text,true,,174,154,3,3,http://localhost:8080/roles,38,0,0
1775334351728,38,GET /arcos,200,,Thread Group 1-112,text,true,,174,164,3,3,http://localhost:8080/arcos/proceso/1,38,0,0
1775334351731,35,GET /empleados,200,,Thread Group 1-114,text,true,,174,158,3,3,http://localhost:8080/empleados,35,0,0
1775334351767,32,GET /gateways,200,,Thread Group 1-113,text,true,,174,167,3,3,http://localhost:8080/gateways/proceso/1,32,0,0
1775334351767,32,GET /roles,200,,Thread Group 1-114,text,true,,174,154,3,3,http://localhost:8080/roles,32,0,0
1775334351799,34,GET /gateways,200,,Thread Group 1-114,text,true,,174,167,3,3,http://localhost:8080/gateways/proceso/1,34,0,0
1775334351799,34,GET /arcos,200,,Thread Group 1-113,text,true,,174,164,3,3,http://localhost:8080/arcos/proceso/1,34,0,0
1775334351767,100,POST /empresas,200,,Thread Group 1-112,text,true,,236,303,3,3,http://localhost:8080/empresas,100,0,0
1775334351833,34,GET /arcos,200,,Thread Group 1-114,text,true,,174,164,3,3,http://localhost:8080/arcos/proceso/1,34,0,0
1775334351833,100,POST /empresas,200,,Thread Group 1-113,text,true,,236,303,2,2,http://localhost:8080/empresas,100,0,0
1775334351867,87,POST /empresas,200,,Thread Group 1-114,text,true,,236,303,2,2,http://localhost:8080/empresas,87,0,0
1775334351933,42,GET /empresas,200,,Thread Group 1-113,text,true,,68287,157,2,2,http://localhost:8080/empresas,42,0,0
1775334351976,24,GET /empleados,200,,Thread Group 1-113,text,true,,174,158,3,3,http://localhost:8080/empleados,24,0,0
1775334351954,49,GET /empresas,200,,Thread Group 1-114,text,true,,68287,157,3,3,http://localhost:8080/empresas,48,0,0
1775334352000,26,GET /roles,200,,Thread Group 1-113,text,true,,174,154,3,3,http://localhost:8080/roles,26,0,0
1775334352003,23,GET /empleados,200,,Thread Group 1-114,text,true,,174,158,3,3,http://localhost:8080/empleados,23,0,0
1775334351982,46,GET /empresas,200,,Thread Group 1-115,text,true,,68287,157,3,3,http://localhost:8080/empresas,46,0,0
1775334352026,37,GET /roles,200,,Thread Group 1-114,text,true,,174,154,3,3,http://localhost:8080/roles,36,0,0
1775334352028,35,GET /empleados,200,,Thread Group 1-115,text,true,,174,158,3,3,http://localhost:8080/empleados,35,0,0
1775334352026,37,GET /gateways,200,,Thread Group 1-113,text,true,,174,167,3,3,http://localhost:8080/gateways/proceso/1,37,0,0
1775334352063,29,GET /gateways,200,,Thread Group 1-114,text,true,,174,167,3,3,http://localhost:8080/gateways/proceso/1,29,0,0
1775334352063,29,GET /roles,200,,Thread Group 1-115,text,true,,174,154,3,3,http://localhost:8080/roles,29,0,0
1775334352063,29,GET /arcos,200,,Thread Group 1-113,text,true,,174,164,3,3,http://localhost:8080/arcos/proceso/1,29,0,0
1775334352092,35,GET /gateways,200,,Thread Group 1-115,text,true,,174,167,3,3,http://localhost:8080/gateways/proceso/1,34,0,0
1775334352092,35,GET /arcos,200,,Thread Group 1-114,text,true,,174,164,3,3,http://localhost:8080/arcos/proceso/1,35,0,0
1775334352127,38,GET /arcos,200,,Thread Group 1-115,text,true,,174,164,3,3,http://localhost:8080/arcos/proceso/1,38,0,0
1775334352092,106,POST /empresas,200,,Thread Group 1-113,text,true,,236,303,3,3,http://localhost:8080/empresas,105,0,0
1775334352127,104,POST /empresas,200,,Thread Group 1-114,text,true,,236,303,2,2,http://localhost:8080/empresas,104,0,0
1775334352165,88,POST /empresas,200,,Thread Group 1-115,text,true,,236,303,2,2,http://localhost:8080/empresas,88,0,0
1775334352231,44,GET /empresas,200,,Thread Group 1-114,text,true,,68479,157,2,2,http://localhost:8080/empresas,43,0,0
1775334352275,25,GET /empleados,200,,Thread Group 1-114,text,true,,174,158,3,3,http://localhost:8080/empleados,25,0,0
1775334352254,49,GET /empresas,200,,Thread Group 1-115,text,true,,68479,157,3,3,http://localhost:8080/empresas,49,0,0
1775334352304,21,GET /empleados,200,,Thread Group 1-115,text,true,,174,158,3,3,http://localhost:8080/empleados,21,0,0
1775334352300,25,GET /roles,200,,Thread Group 1-114,text,true,,174,154,3,3,http://localhost:8080/roles,25,0,0
1775334352282,44,GET /empresas,200,,Thread Group 1-116,text,true,,68479,157,3,3,http://localhost:8080/empresas,44,0,1
1775334352326,36,GET /roles,200,,Thread Group 1-115,text,true,,174,154,3,3,http://localhost:8080/roles,36,0,0
1775334352326,36,GET /gateways,200,,Thread Group 1-114,text,true,,174,167,3,3,http://localhost:8080/gateways/proceso/1,36,0,0
1775334352327,35,GET /empleados,200,,Thread Group 1-116,text,true,,174,158,3,3,http://localhost:8080/empleados,35,0,0
1775334352362,36,GET /roles,200,,Thread Group 1-116,text,true,,174,154,3,3,http://localhost:8080/roles,36,0,0
1775334352362,36,GET /arcos,200,,Thread Group 1-114,text,true,,174,164,3,3,http://localhost:8080/arcos/proceso/1,36,0,0
1775334352362,36,GET /gateways,200,,Thread Group 1-115,text,true,,174,167,3,3,http://localhost:8080/gateways/proceso/1,36,0,0
1775334352398,38,GET /arcos,200,,Thread Group 1-115,text,true,,174,164,3,3,http://localhost:8080/arcos/proceso/1,38,0,0
1775334352398,38,GET /gateways,200,,Thread Group 1-116,text,true,,174,167,3,3,http://localhost:8080/gateways/proceso/1,38,0,0
1775334352436,36,GET /arcos,200,,Thread Group 1-116,text,true,,174,164,3,3,http://localhost:8080/arcos/proceso/1,36,0,0
1775334352398,108,POST /empresas,200,,Thread Group 1-114,text,true,,236,303,3,3,http://localhost:8080/empresas,108,0,0
1775334352436,102,POST /empresas,200,,Thread Group 1-115,text,true,,236,303,2,2,http://localhost:8080/empresas,102,0,0
1775334352473,83,POST /empresas,200,,Thread Group 1-116,text,true,,236,303,2,2,http://localhost:8080/empresas,83,0,0
1775334352539,37,GET /empresas,200,,Thread Group 1-115,text,true,,68671,157,2,2,http://localhost:8080/empresas,37,0,0
1775334352576,23,GET /empleados,200,,Thread Group 1-115,text,true,,174,158,3,3,http://localhost:8080/empleados,23,0,0
1775334352556,46,GET /empresas,200,,Thread Group 1-116,text,true,,68671,157,3,3,http://localhost:8080/empresas,45,0,0
1775334352599,27,GET /roles,200,,Thread Group 1-115,text,true,,174,154,3,3,http://localhost:8080/roles,27,0,0
1775334352602,24,GET /empleados,200,,Thread Group 1-116,text,true,,174,158,3,3,http://localhost:8080/empleados,24,0,0
1775334352581,48,GET /empresas,200,,Thread Group 1-117,text,true,,68671,157,3,3,http://localhost:8080/empresas,47,0,0
1775334352626,33,GET /gateways,200,,Thread Group 1-115,text,true,,174,167,3,3,http://localhost:8080/gateways/proceso/1,33,0,0
1775334352629,30,GET /empleados,200,,Thread Group 1-117,text,true,,174,158,3,3,http://localhost:8080/empleados,30,0,0
1775334352626,33,GET /roles,200,,Thread Group 1-116,text,true,,174,154,3,3,http://localhost:8080/roles,33,0,0
1775334352659,37,GET /gateways,200,,Thread Group 1-116,text,true,,174,167,3,3,http://localhost:8080/gateways/proceso/1,37,0,0
1775334352659,37,GET /roles,200,,Thread Group 1-117,text,true,,174,154,3,3,http://localhost:8080/roles,37,0,0
1775334352659,37,GET /arcos,200,,Thread Group 1-115,text,true,,174,164,3,3,http://localhost:8080/arcos/proceso/1,37,0,0
1775334352696,36,GET /arcos,200,,Thread Group 1-116,text,true,,174,164,3,3,http://localhost:8080/arcos/proceso/1,36,0,0
1775334352696,36,GET /gateways,200,,Thread Group 1-117,text,true,,174,167,3,3,http://localhost:8080/gateways/proceso/1,36,0,0
1775334352732,35,GET /arcos,200,,Thread Group 1-117,text,true,,174,164,3,3,http://localhost:8080/arcos/proceso/1,35,0,0
1775334352696,110,POST /empresas,200,,Thread Group 1-115,text,true,,236,303,3,3,http://localhost:8080/empresas,110,0,0
1775334352732,109,POST /empresas,200,,Thread Group 1-116,text,true,,236,303,2,2,http://localhost:8080/empresas,109,0,0
1775334352767,96,POST /empresas,200,,Thread Group 1-117,text,true,,236,303,2,2,http://localhost:8080/empresas,96,0,0
1775334352842,44,GET /empresas,200,,Thread Group 1-116,text,true,,68799,157,3,3,http://localhost:8080/empresas,43,0,0
1775334352863,43,GET /empresas,200,,Thread Group 1-117,text,true,,68863,157,3,3,http://localhost:8080/empresas,42,0,0
1775334352906,20,GET /empleados,200,,Thread Group 1-117,text,true,,174,158,3,3,http://localhost:8080/empleados,20,0,0
1775334352886,40,GET /empleados,200,,Thread Group 1-116,text,true,,174,158,3,3,http://localhost:8080/empleados,40,0,0
1775334352881,49,GET /empresas,200,,Thread Group 1-118,text,true,,68863,157,3,3,http://localhost:8080/empresas,48,0,1
1775334352926,36,GET /roles,200,,Thread Group 1-116,text,true,,174,154,3,3,http://localhost:8080/roles,36,0,0
1775334352926,36,GET /roles,200,,Thread Group 1-117,text,true,,174,154,3,3,http://localhost:8080/roles,36,0,0
1775334352930,32,GET /empleados,200,,Thread Group 1-118,text,true,,174,158,3,3,http://localhost:8080/empleados,32,0,0
1775334352962,39,GET /gateways,200,,Thread Group 1-117,text,true,,174,167,3,3,http://localhost:8080/gateways/proceso/1,39,0,0
1775334352962,39,GET /gateways,200,,Thread Group 1-116,text,true,,174,167,3,3,http://localhost:8080/gateways/proceso/1,39,0,0
1775334352962,39,GET /roles,200,,Thread Group 1-118,text,true,,174,154,3,3,http://localhost:8080/roles,39,0,0
1775334353001,33,GET /arcos,200,,Thread Group 1-117,text,true,,174,164,3,3,http://localhost:8080/arcos/proceso/1,33,0,0
1775334353001,33,GET /arcos,200,,Thread Group 1-116,text,true,,174,164,3,3,http://localhost:8080/arcos/proceso/1,33,0,0
1775334353001,33,GET /gateways,200,,Thread Group 1-118,text,true,,174,167,3,3,http://localhost:8080/gateways/proceso/1,33,0,0
1775334353034,39,GET /arcos,200,,Thread Group 1-118,text,true,,174,164,3,3,http://localhost:8080/arcos/proceso/1,39,0,0
1775334353034,109,POST /empresas,200,,Thread Group 1-116,text,true,,236,303,3,3,http://localhost:8080/empresas,109,0,0
1775334353034,109,POST /empresas,200,,Thread Group 1-117,text,true,,236,303,3,3,http://localhost:8080/empresas,109,0,0
1775334353074,89,POST /empresas,200,,Thread Group 1-118,text,true,,236,303,2,2,http://localhost:8080/empresas,89,0,0
1775334353144,38,GET /empresas,200,,Thread Group 1-117,text,true,,69055,157,3,3,http://localhost:8080/empresas,37,0,0
1775334353163,47,GET /empresas,200,,Thread Group 1-118,text,true,,69055,157,3,3,http://localhost:8080/empresas,47,0,0
1775334353182,28,GET /empleados,200,,Thread Group 1-117,text,true,,174,158,3,3,http://localhost:8080/empleados,28,0,0
1775334353181,45,GET /empresas,200,,Thread Group 1-119,text,true,,69055,157,3,3,http://localhost:8080/empresas,44,0,0
1775334353214,34,GET /roles,200,,Thread Group 1-117,text,true,,174,154,3,3,http://localhost:8080/roles,34,0,0
1775334353214,34,GET /empleados,200,,Thread Group 1-118,text,true,,174,158,3,3,http://localhost:8080/empleados,34,0,0
1775334353226,22,GET /empleados,200,,Thread Group 1-119,text,true,,174,158,3,3,http://localhost:8080/empleados,22,0,0
1775334353249,33,GET /roles,200,,Thread Group 1-118,text,true,,174,154,3,3,http://localhost:8080/roles,33,0,0
1775334353249,33,GET /roles,200,,Thread Group 1-119,text,true,,174,154,3,3,http://localhost:8080/roles,33,0,0
1775334353249,33,GET /gateways,200,,Thread Group 1-117,text,true,,174,167,3,3,http://localhost:8080/gateways/proceso/1,33,0,0
1775334353282,34,GET /gateways,200,,Thread Group 1-119,text,true,,174,167,3,3,http://localhost:8080/gateways/proceso/1,34,0,0
1775334353282,35,GET /arcos,200,,Thread Group 1-117,text,true,,174,164,3,3,http://localhost:8080/arcos/proceso/1,34,0,0
1775334353282,35,GET /gateways,200,,Thread Group 1-118,text,true,,174,167,3,3,http://localhost:8080/gateways/proceso/1,35,0,0
1775334353317,33,GET /arcos,200,,Thread Group 1-118,text,true,,174,164,3,3,http://localhost:8080/arcos/proceso/1,33,0,0
1775334353317,33,GET /arcos,200,,Thread Group 1-119,text,true,,174,164,3,3,http://localhost:8080/arcos/proceso/1,33,0,0
1775334353317,99,POST /empresas,200,,Thread Group 1-117,text,true,,236,303,3,3,http://localhost:8080/empresas,99,0,0
1775334353351,101,POST /empresas,200,,Thread Group 1-118,text,true,,236,303,2,2,http://localhost:8080/empresas,101,0,0
1775334353351,101,POST /empresas,200,,Thread Group 1-119,text,true,,236,303,2,2,http://localhost:8080/empresas,101,0,0
1775334353452,45,GET /empresas,200,,Thread Group 1-119,text,true,,69247,157,3,3,http://localhost:8080/empresas,40,0,0
1775334353481,28,GET /empresas,200,,Thread Group 1-120,text,true,,69247,157,3,3,http://localhost:8080/empresas,27,0,0
1775334353497,26,GET /empleados,200,,Thread Group 1-119,text,true,,174,158,3,3,http://localhost:8080/empleados,26,0,0
1775334353509,14,GET /empleados,200,,Thread Group 1-120,text,true,,174,158,3,3,http://localhost:8080/empleados,14,0,0
1775334353452,75,GET /empresas,200,,Thread Group 1-118,text,true,,69247,157,3,3,http://localhost:8080/empresas,75,0,0
1775334353527,35,GET /empleados,200,,Thread Group 1-118,text,true,,174,158,3,3,http://localhost:8080/empleados,35,0,0
1775334353524,38,GET /roles,200,,Thread Group 1-120,text,true,,174,154,3,3,http://localhost:8080/roles,38,0,0
1775334353524,38,GET /roles,200,,Thread Group 1-119,text,true,,174,154,3,3,http://localhost:8080/roles,38,0,0
1775334353562,38,GET /roles,200,,Thread Group 1-118,text,true,,174,154,3,3,http://localhost:8080/roles,38,0,0
1775334353562,38,GET /gateways,200,,Thread Group 1-120,text,true,,174,167,3,3,http://localhost:8080/gateways/proceso/1,38,0,0
1775334353562,38,GET /gateways,200,,Thread Group 1-119,text,true,,174,167,3,3,http://localhost:8080/gateways/proceso/1,38,0,0
1775334353600,37,GET /arcos,200,,Thread Group 1-119,text,true,,174,164,3,3,http://localhost:8080/arcos/proceso/1,37,0,0
1775334353600,37,GET /arcos,200,,Thread Group 1-120,text,true,,174,164,3,3,http://localhost:8080/arcos/proceso/1,37,0,0
1775334353600,37,GET /gateways,200,,Thread Group 1-118,text,true,,174,167,3,3,http://localhost:8080/gateways/proceso/1,37,0,0
1775334353638,33,GET /arcos,200,,Thread Group 1-118,text,true,,174,164,3,3,http://localhost:8080/arcos/proceso/1,33,0,0
1775334353638,101,POST /empresas,200,,Thread Group 1-120,text,true,,236,303,3,3,http://localhost:8080/empresas,101,0,0
1775334353637,102,POST /empresas,200,,Thread Group 1-119,text,true,,236,303,3,3,http://localhost:8080/empresas,102,0,0
1775334353671,84,POST /empresas,200,,Thread Group 1-118,text,true,,236,303,3,3,http://localhost:8080/empresas,84,0,0
1775334353739,51,GET /empresas,200,,Thread Group 1-119,text,true,,69439,157,3,3,http://localhost:8080/empresas,51,0,0
1775334353739,52,GET /empresas,200,,Thread Group 1-120,text,true,,69439,157,3,3,http://localhost:8080/empresas,51,0,0
1775334353791,35,GET /empleados,200,,Thread Group 1-120,text,true,,174,158,3,3,http://localhost:8080/empleados,35,0,0
1775334353791,35,GET /empleados,200,,Thread Group 1-119,text,true,,174,158,3,3,http://localhost:8080/empleados,35,0,0
1775334353781,48,GET /empresas,200,,Thread Group 1-121,text,true,,69439,157,3,3,http://localhost:8080/empresas,47,0,0
1775334353826,37,GET /roles,200,,Thread Group 1-119,text,true,,174,154,3,3,http://localhost:8080/roles,37,0,0
1775334353829,34,GET /empleados,200,,Thread Group 1-121,text,true,,174,158,3,3,http://localhost:8080/empleados,34,0,0
1775334353826,37,GET /roles,200,,Thread Group 1-120,text,true,,174,154,3,3,http://localhost:8080/roles,37,0,0
1775334353863,35,GET /roles,200,,Thread Group 1-121,text,true,,174,154,3,3,http://localhost:8080/roles,35,0,0
1775334353863,35,GET /gateways,200,,Thread Group 1-119,text,true,,174,167,3,3,http://localhost:8080/gateways/proceso/1,35,0,0
1775334353863,35,GET /gateways,200,,Thread Group 1-120,text,true,,174,167,3,3,http://localhost:8080/gateways/proceso/1,35,0,0
1775334353898,35,GET /arcos,200,,Thread Group 1-120,text,true,,174,164,3,3,http://localhost:8080/arcos/proceso/1,35,0,0
1775334353898,35,GET /arcos,200,,Thread Group 1-119,text,true,,174,164,3,3,http://localhost:8080/arcos/proceso/1,35,0,0
1775334353898,35,GET /gateways,200,,Thread Group 1-121,text,true,,174,167,3,3,http://localhost:8080/gateways/proceso/1,35,0,0
1775334353933,34,GET /arcos,200,,Thread Group 1-121,text,true,,174,164,3,3,http://localhost:8080/arcos/proceso/1,34,0,0
1775334353933,101,POST /empresas,200,,Thread Group 1-119,text,true,,236,303,3,3,http://localhost:8080/empresas,101,0,0
1775334353933,101,POST /empresas,200,,Thread Group 1-120,text,true,,236,303,3,3,http://localhost:8080/empresas,101,0,0
1775334353967,88,POST /empresas,200,,Thread Group 1-121,text,true,,236,303,2,2,http://localhost:8080/empresas,87,0,0
1775334354034,42,GET /empresas,200,,Thread Group 1-120,text,true,,69567,157,2,2,http://localhost:8080/empresas,42,0,0
1775334354076,24,GET /empleados,200,,Thread Group 1-120,text,true,,174,158,3,3,http://localhost:8080/empleados,24,0,0
1775334354055,48,GET /empresas,200,,Thread Group 1-121,text,true,,69631,157,3,3,http://localhost:8080/empresas,48,0,0
1775334354100,17,GET /roles,200,,Thread Group 1-120,text,true,,174,154,3,3,http://localhost:8080/roles,16,0,0
1775334354081,38,GET /empresas,200,,Thread Group 1-122,text,true,,69631,157,3,3,http://localhost:8080/empresas,38,0,0
1775334354103,31,GET /empleados,200,,Thread Group 1-121,text,true,,174,158,3,3,http://localhost:8080/empleados,31,0,0
1775334354117,17,GET /gateways,200,,Thread Group 1-120,text,true,,174,167,3,3,http://localhost:8080/gateways/proceso/1,17,0,0
1775334354120,14,GET /empleados,200,,Thread Group 1-122,text,true,,174,158,3,3,http://localhost:8080/empleados,14,0,0
1775334354134,38,GET /arcos,200,,Thread Group 1-120,text,true,,174,164,3,3,http://localhost:8080/arcos/proceso/1,38,0,0
1775334354134,38,GET /roles,200,,Thread Group 1-121,text,true,,174,154,3,3,http://localhost:8080/roles,38,0,0
1775334354134,38,GET /roles,200,,Thread Group 1-122,text,true,,174,154,3,3,http://localhost:8080/roles,38,0,0
1775334354172,31,GET /gateways,200,,Thread Group 1-122,text,true,,174,167,3,3,http://localhost:8080/gateways/proceso/1,31,0,0
1775334354172,31,GET /gateways,200,,Thread Group 1-121,text,true,,174,167,3,3,http://localhost:8080/gateways/proceso/1,31,0,0
1775334354204,35,GET /arcos,200,,Thread Group 1-122,text,true,,174,164,3,3,http://localhost:8080/arcos/proceso/1,35,0,0
1775334354204,35,GET /arcos,200,,Thread Group 1-121,text,true,,174,164,3,3,http://localhost:8080/arcos/proceso/1,35,0,0
1775334354172,101,POST /empresas,200,,Thread Group 1-120,text,true,,236,303,3,3,http://localhost:8080/empresas,100,0,0
1775334354239,110,POST /empresas,200,,Thread Group 1-121,text,true,,236,303,2,2,http://localhost:8080/empresas,110,0,0
1775334354239,110,POST /empresas,200,,Thread Group 1-122,text,true,,236,303,2,2,http://localhost:8080/empresas,110,0,0
1775334354349,53,GET /empresas,200,,Thread Group 1-121,text,true,,69823,157,3,3,http://localhost:8080/empresas,52,0,0
1775334354349,54,GET /empresas,200,,Thread Group 1-122,text,true,,69823,157,3,3,http://localhost:8080/empresas,53,0,0
1775334354402,23,GET /empleados,200,,Thread Group 1-121,text,true,,174,158,3,3,http://localhost:8080/empleados,23,0,0
1775334354403,22,GET /empleados,200,,Thread Group 1-122,text,true,,174,158,3,3,http://localhost:8080/empleados,22,0,0
1775334354381,46,GET /empresas,200,,Thread Group 1-123,text,true,,69823,157,3,3,http://localhost:8080/empresas,46,0,0
1775334354425,40,GET /roles,200,,Thread Group 1-121,text,true,,174,154,3,3,http://localhost:8080/roles,40,0,0
1775334354427,38,GET /empleados,200,,Thread Group 1-123,text,true,,174,158,3,3,http://localhost:8080/empleados,38,0,0
1775334354425,40,GET /roles,200,,Thread Group 1-122,text,true,,174,154,3,3,http://localhost:8080/roles,40,0,0
1775334354465,33,GET /gateways,200,,Thread Group 1-122,text,true,,174,167,3,3,http://localhost:8080/gateways/proceso/1,33,0,0
1775334354465,33,GET /roles,200,,Thread Group 1-123,text,true,,174,154,3,3,http://localhost:8080/roles,33,0,0
1775334354465,33,GET /gateways,200,,Thread Group 1-121,text,true,,174,167,3,3,http://localhost:8080/gateways/proceso/1,33,0,0
1775334354498,33,GET /arcos,200,,Thread Group 1-121,text,true,,174,164,3,3,http://localhost:8080/arcos/proceso/1,33,0,0
1775334354498,33,GET /gateways,200,,Thread Group 1-123,text,true,,174,167,3,3,http://localhost:8080/gateways/proceso/1,33,0,0
1775334354498,33,GET /arcos,200,,Thread Group 1-122,text,true,,174,164,3,3,http://localhost:8080/arcos/proceso/1,33,0,0
1775334354532,34,GET /arcos,200,,Thread Group 1-123,text,true,,174,164,3,3,http://localhost:8080/arcos/proceso/1,34,0,0
1775334354532,104,POST /empresas,200,,Thread Group 1-121,text,true,,236,303,3,3,http://localhost:8080/empresas,104,0,0
1775334354532,104,POST /empresas,200,,Thread Group 1-122,text,true,,236,303,3,3,http://localhost:8080/empresas,104,0,0
1775334354567,86,POST /empresas,200,,Thread Group 1-123,text,true,,236,303,2,2,http://localhost:8080/empresas,86,0,0
1775334354637,33,GET /empresas,200,,Thread Group 1-122,text,true,,70016,157,2,2,http://localhost:8080/empresas,33,0,0
1775334354670,29,GET /empleados,200,,Thread Group 1-122,text,true,,174,158,3,3,http://localhost:8080/empleados,29,0,0
1775334354653,47,GET /empresas,200,,Thread Group 1-123,text,true,,70016,157,3,3,http://localhost:8080/empresas,47,0,0
1775334354701,25,GET /empleados,200,,Thread Group 1-123,text,true,,174,158,3,3,http://localhost:8080/empleados,25,0,0
1775334354699,27,GET /roles,200,,Thread Group 1-122,text,true,,174,154,3,3,http://localhost:8080/roles,27,0,0
1775334354681,47,GET /empresas,200,,Thread Group 1-124,text,true,,70016,157,3,3,http://localhost:8080/empresas,47,0,0
1775334354726,33,GET /gateways,200,,Thread Group 1-122,text,true,,174,167,3,3,http://localhost:8080/gateways/proceso/1,33,0,0
1775334354729,30,GET /empleados,200,,Thread Group 1-124,text,true,,174,158,3,3,http://localhost:8080/empleados,30,0,0
1775334354726,33,GET /roles,200,,Thread Group 1-123,text,true,,174,154,3,3,http://localhost:8080/roles,33,0,0
1775334354759,36,GET /gateways,200,,Thread Group 1-123,text,true,,174,167,3,3,http://localhost:8080/gateways/proceso/1,36,0,0
1775334354759,36,GET /roles,200,,Thread Group 1-124,text,true,,174,154,3,3,http://localhost:8080/roles,36,0,0
1775334354759,36,GET /arcos,200,,Thread Group 1-122,text,true,,174,164,3,3,http://localhost:8080/arcos/proceso/1,36,0,0
1775334354795,33,GET /arcos,200,,Thread Group 1-123,text,true,,174,164,3,3,http://localhost:8080/arcos/proceso/1,33,0,0
1775334354796,32,GET /gateways,200,,Thread Group 1-124,text,true,,174,167,3,3,http://localhost:8080/gateways/proceso/1,32,0,0
1775334354829,33,GET /arcos,200,,Thread Group 1-124,text,true,,174,164,3,3,http://localhost:8080/arcos/proceso/1,33,0,0
1775334354795,105,POST /empresas,200,,Thread Group 1-122,text,true,,236,303,3,3,http://localhost:8080/empresas,105,0,0
1775334354829,111,POST /empresas,200,,Thread Group 1-123,text,true,,236,303,2,2,http://localhost:8080/empresas,111,0,0
1775334354862,102,POST /empresas,200,,Thread Group 1-124,text,true,,236,303,2,2,http://localhost:8080/empresas,102,0,0
1775334354941,41,GET /empresas,200,,Thread Group 1-123,text,true,,70082,157,3,3,http://localhost:8080/empresas,40,0,0
1775334354982,16,GET /empleados,200,,Thread Group 1-123,text,true,,174,158,3,3,http://localhost:8080/empleados,16,0,0
1775334354964,37,GET /empresas,200,,Thread Group 1-124,text,true,,70146,157,3,3,http://localhost:8080/empresas,37,0,0
1775334354999,25,GET /roles,200,,Thread Group 1-123,text,true,,174,154,3,3,http://localhost:8080/roles,25,0,0
1775334355002,22,GET /empleados,200,,Thread Group 1-124,text,true,,174,158,3,3,http://localhost:8080/empleados,22,0,0
1775334354982,45,GET /empresas,200,,Thread Group 1-125,text,true,,70146,157,3,3,http://localhost:8080/empresas,45,0,0
1775334355024,38,GET /roles,200,,Thread Group 1-124,text,true,,174,154,3,3,http://localhost:8080/roles,38,0,0
1775334355024,38,GET /gateways,200,,Thread Group 1-123,text,true,,174,167,3,3,http://localhost:8080/gateways/proceso/1,38,0,0
1775334355027,35,GET /empleados,200,,Thread Group 1-125,text,true,,174,158,3,3,http://localhost:8080/empleados,35,0,0
1775334355063,36,GET /gateways,200,,Thread Group 1-124,text,true,,174,167,3,3,http://localhost:8080/gateways/proceso/1,36,0,0
1775334355062,37,GET /roles,200,,Thread Group 1-125,text,true,,174,154,3,3,http://localhost:8080/roles,37,0,0
1775334355062,37,GET /arcos,200,,Thread Group 1-123,text,true,,174,164,3,3,http://localhost:8080/arcos/proceso/1,37,0,0
1775334355099,63,GET /arcos,200,,Thread Group 1-124,text,true,,174,164,3,3,http://localhost:8080/arcos/proceso/1,63,0,0
1775334355099,63,GET /gateways,200,,Thread Group 1-125,text,true,,174,167,3,3,http://localhost:8080/gateways/proceso/1,63,0,0
1775334355163,37,GET /arcos,200,,Thread Group 1-125,text,true,,174,164,3,3,http://localhost:8080/arcos/proceso/1,37,0,0
1775334355099,134,POST /empresas,200,,Thread Group 1-123,text,true,,236,303,3,3,http://localhost:8080/empresas,134,0,0
1775334355163,103,POST /empresas,200,,Thread Group 1-124,text,true,,236,303,2,2,http://localhost:8080/empresas,103,0,0
1775334355200,86,POST /empresas,200,,Thread Group 1-125,text,true,,236,303,3,3,http://localhost:8080/empresas,86,0,0
1775334355267,37,GET /empresas,200,,Thread Group 1-124,text,true,,70274,157,3,3,http://localhost:8080/empresas,36,0,0
1775334355281,29,GET /empresas,200,,Thread Group 1-126,text,true,,70338,157,3,3,http://localhost:8080/empresas,28,0,0
1775334355304,28,GET /empleados,200,,Thread Group 1-124,text,true,,174,158,3,3,http://localhost:8080/empleados,28,0,0
1775334355310,22,GET /empleados,200,,Thread Group 1-126,text,true,,174,158,3,3,http://localhost:8080/empleados,22,0,0
1775334355287,48,GET /empresas,200,,Thread Group 1-125,text,true,,70338,157,3,3,http://localhost:8080/empresas,47,0,0
1775334355336,30,GET /empleados,200,,Thread Group 1-125,text,true,,174,158,3,3,http://localhost:8080/empleados,30,0,0
1775334355332,34,GET /roles,200,,Thread Group 1-126,text,true,,174,154,3,3,http://localhost:8080/roles,34,0,0
1775334355332,34,GET /roles,200,,Thread Group 1-124,text,true,,174,154,3,3,http://localhost:8080/roles,34,0,0
1775334355366,31,GET /gateways,200,,Thread Group 1-124,text,true,,174,167,3,3,http://localhost:8080/gateways/proceso/1,31,0,0
1775334355366,31,GET /roles,200,,Thread Group 1-125,text,true,,174,154,3,3,http://localhost:8080/roles,31,0,0
1775334355366,31,GET /gateways,200,,Thread Group 1-126,text,true,,174,167,3,3,http://localhost:8080/gateways/proceso/1,31,0,0
1775334355397,31,GET /arcos,200,,Thread Group 1-124,text,true,,174,164,3,3,http://localhost:8080/arcos/proceso/1,31,0,0
1775334355397,31,GET /gateways,200,,Thread Group 1-125,text,true,,174,167,3,3,http://localhost:8080/gateways/proceso/1,31,0,0
1775334355397,32,GET /arcos,200,,Thread Group 1-126,text,true,,174,164,3,3,http://localhost:8080/arcos/proceso/1,32,0,0
1775334355429,37,GET /arcos,200,,Thread Group 1-125,text,true,,174,164,3,3,http://localhost:8080/arcos/proceso/1,37,0,0
1775334355429,106,POST /empresas,200,,Thread Group 1-126,text,true,,236,303,3,3,http://localhost:8080/empresas,105,0,0
1775334355429,106,POST /empresas,200,,Thread Group 1-124,text,true,,236,303,3,3,http://localhost:8080/empresas,105,0,0
1775334355466,87,POST /empresas,200,,Thread Group 1-125,text,true,,236,303,2,2,http://localhost:8080/empresas,87,0,0
1775334355535,41,GET /empresas,200,,Thread Group 1-126,text,true,,70467,157,2,2,http://localhost:8080/empresas,41,0,0
1775334355577,25,GET /empleados,200,,Thread Group 1-126,text,true,,174,158,3,3,http://localhost:8080/empleados,25,0,0
1775334355553,51,GET /empresas,200,,Thread Group 1-125,text,true,,70467,157,3,3,http://localhost:8080/empresas,51,0,0
1775334355602,19,GET /roles,200,,Thread Group 1-126,text,true,,174,154,3,3,http://localhost:8080/roles,19,0,0
1775334355581,43,GET /empresas,200,,Thread Group 1-127,text,true,,70467,157,3,3,http://localhost:8080/empresas,42,0,0
1775334355605,43,GET /empleados,200,,Thread Group 1-125,text,true,,174,158,3,3,http://localhost:8080/empleados,43,0,0
1775334355621,27,GET /gateways,200,,Thread Group 1-126,text,true,,174,167,3,3,http://localhost:8080/gateways/proceso/1,27,0,0
1775334355624,24,GET /empleados,200,,Thread Group 1-127,text,true,,174,158,3,3,http://localhost:8080/empleados,24,0,0
1775334355648,35,GET /roles,200,,Thread Group 1-125,text,true,,174,154,3,3,http://localhost:8080/roles,35,0,0
1775334355648,35,GET /roles,200,,Thread Group 1-127,text,true,,174,154,3,3,http://localhost:8080/roles,35,0,0
1775334355648,35,GET /arcos,200,,Thread Group 1-126,text,true,,174,164,3,3,http://localhost:8080/arcos/proceso/1,35,0,0
1775334355683,35,GET /gateways,200,,Thread Group 1-127,text,true,,174,167,3,3,http://localhost:8080/gateways/proceso/1,35,0,0
1775334355683,35,GET /gateways,200,,Thread Group 1-125,text,true,,174,167,3,3,http://localhost:8080/gateways/proceso/1,35,0,0
1775334355719,34,GET /arcos,200,,Thread Group 1-125,text,true,,174,164,3,3,http://localhost:8080/arcos/proceso/1,34,0,0
1775334355719,34,GET /arcos,200,,Thread Group 1-127,text,true,,174,164,3,3,http://localhost:8080/arcos/proceso/1,34,0,0
1775334355683,108,POST /empresas,200,,Thread Group 1-126,text,true,,236,303,3,3,http://localhost:8080/empresas,108,0,0
1775334355791,48,GET /empresas,200,,Thread Group 1-126,text,true,,70531,157,3,3,http://localhost:8080/empresas,47,0,0
1775334355753,104,POST /empresas,200,,Thread Group 1-127,text,true,,236,303,3,3,http://localhost:8080/empresas,104,0,0
1775334355753,104,POST /empresas,200,,Thread Group 1-125,text,true,,236,303,3,3,http://localhost:8080/empresas,104,0,0
1775334355839,36,GET /empleados,200,,Thread Group 1-126,text,true,,174,158,2,2,http://localhost:8080/empleados,36,0,0
1775334355875,18,GET /roles,200,,Thread Group 1-126,text,true,,174,154,3,3,http://localhost:8080/roles,18,0,0
1775334355857,37,GET /empresas,200,,Thread Group 1-127,text,true,,70659,157,3,3,http://localhost:8080/empresas,36,0,0
1775334355894,27,GET /empleados,200,,Thread Group 1-127,text,true,,174,158,3,3,http://localhost:8080/empleados,27,0,0
1775334355893,28,GET /gateways,200,,Thread Group 1-126,text,true,,174,167,3,3,http://localhost:8080/gateways/proceso/1,28,0,0
1775334355880,42,GET /empresas,200,,Thread Group 1-128,text,true,,70659,157,3,3,http://localhost:8080/empresas,42,0,0
1775334355921,31,GET /roles,200,,Thread Group 1-127,text,true,,174,154,3,3,http://localhost:8080/roles,31,0,0
1775334355922,30,GET /empleados,200,,Thread Group 1-128,text,true,,174,158,3,3,http://localhost:8080/empleados,30,0,0
1775334355921,32,GET /arcos,200,,Thread Group 1-126,text,true,,174,164,3,3,http://localhost:8080/arcos/proceso/1,31,0,0
1775334355952,35,GET /gateways,200,,Thread Group 1-127,text,true,,174,167,3,3,http://localhost:8080/gateways/proceso/1,35,0,0
1775334355952,35,GET /roles,200,,Thread Group 1-128,text,true,,174,154,3,3,http://localhost:8080/roles,35,0,0
1775334355987,34,GET /arcos,200,,Thread Group 1-127,text,true,,174,164,3,3,http://localhost:8080/arcos/proceso/1,34,0,0
1775334355987,34,GET /gateways,200,,Thread Group 1-128,text,true,,174,167,3,3,http://localhost:8080/gateways/proceso/1,34,0,0
1775334356021,32,GET /arcos,200,,Thread Group 1-128,text,true,,174,164,3,3,http://localhost:8080/arcos/proceso/1,32,0,0
1775334355953,100,POST /empresas,200,,Thread Group 1-126,text,true,,236,303,3,3,http://localhost:8080/empresas,100,0,0
1775334356021,101,POST /empresas,200,,Thread Group 1-127,text,true,,236,303,2,2,http://localhost:8080/empresas,101,0,0
1775334356053,87,POST /empresas,200,,Thread Group 1-128,text,true,,236,303,2,2,http://localhost:8080/empresas,87,0,0
1775334356122,37,GET /empresas,200,,Thread Group 1-127,text,true,,70787,157,2,2,http://localhost:8080/empresas,36,0,0
1775334356159,27,GET /empleados,200,,Thread Group 1-127,text,true,,174,158,3,3,http://localhost:8080/empleados,27,0,0
1775334356140,49,GET /empresas,200,,Thread Group 1-128,text,true,,70851,157,3,3,http://localhost:8080/empresas,49,0,0
1775334356187,18,GET /roles,200,,Thread Group 1-127,text,true,,174,154,3,3,http://localhost:8080/roles,18,0,0
1775334356189,39,GET /empleados,200,,Thread Group 1-128,text,true,,174,158,3,3,http://localhost:8080/empleados,38,0,0
1775334356205,23,GET /gateways,200,,Thread Group 1-127,text,true,,174,167,3,3,http://localhost:8080/gateways/proceso/1,22,0,0
1775334356180,50,GET /empresas,200,,Thread Group 1-129,text,true,,70851,157,3,3,http://localhost:8080/empresas,49,0,1
1775334356228,33,GET /arcos,200,,Thread Group 1-127,text,true,,174,164,3,3,http://localhost:8080/arcos/proceso/1,33,0,0
1775334356228,33,GET /roles,200,,Thread Group 1-128,text,true,,174,154,3,3,http://localhost:8080/roles,33,0,0
1775334356230,31,GET /empleados,200,,Thread Group 1-129,text,true,,174,158,3,3,http://localhost:8080/empleados,31,0,0
1775334356261,35,GET /gateways,200,,Thread Group 1-128,text,true,,174,167,3,3,http://localhost:8080/gateways/proceso/1,35,0,0
1775334356261,35,GET /roles,200,,Thread Group 1-129,text,true,,174,154,3,3,http://localhost:8080/roles,35,0,0
1775334356297,30,GET /arcos,200,,Thread Group 1-128,text,true,,174,164,3,3,http://localhost:8080/arcos/proceso/1,30,0,0
1775334356297,30,GET /gateways,200,,Thread Group 1-129,text,true,,174,167,3,3,http://localhost:8080/gateways/proceso/1,30,0,0
1775334356328,35,GET /arcos,200,,Thread Group 1-129,text,true,,174,164,3,3,http://localhost:8080/arcos/proceso/1,35,0,0
1775334356261,102,POST /empresas,200,,Thread Group 1-127,text,true,,236,303,3,3,http://localhost:8080/empresas,102,0,0
1775334356327,109,POST /empresas,200,,Thread Group 1-128,text,true,,236,303,2,2,http://localhost:8080/empresas,108,0,0
1775334356363,97,POST /empresas,200,,Thread Group 1-129,text,true,,236,303,2,2,http://localhost:8080/empresas,97,0,0
1775334356436,40,GET /empresas,200,,Thread Group 1-128,text,true,,71043,157,2,2,http://localhost:8080/empresas,40,0,0
1775334356477,25,GET /empleados,200,,Thread Group 1-128,text,true,,174,158,3,3,http://localhost:8080/empleados,25,0,0
1775334356460,45,GET /empresas,200,,Thread Group 1-129,text,true,,71043,157,3,3,http://localhost:8080/empresas,44,0,0
1775334356481,39,GET /empresas,200,,Thread Group 1-130,text,true,,71043,157,3,3,http://localhost:8080/empresas,38,0,0
1775334356503,40,GET /roles,200,,Thread Group 1-128,text,true,,174,154,3,3,http://localhost:8080/roles,40,0,0
1775334356520,23,GET /empleados,200,,Thread Group 1-130,text,true,,174,158,3,3,http://localhost:8080/empleados,23,0,0
1775334356505,38,GET /empleados,200,,Thread Group 1-129,text,true,,174,158,3,3,http://localhost:8080/empleados,38,0,0
1775334356543,31,GET /gateways,200,,Thread Group 1-128,text,true,,174,167,3,3,http://localhost:8080/gateways/proceso/1,30,0,0
1775334356543,31,GET /roles,200,,Thread Group 1-129,text,true,,174,154,3,3,http://localhost:8080/roles,31,0,0
1775334356543,31,GET /roles,200,,Thread Group 1-130,text,true,,174,154,3,3,http://localhost:8080/roles,31,0,0
1775334356574,34,GET /arcos,200,,Thread Group 1-128,text,true,,174,164,3,3,http://localhost:8080/arcos/proceso/1,34,0,0
1775334356574,34,GET /gateways,200,,Thread Group 1-130,text,true,,174,167,3,3,http://localhost:8080/gateways/proceso/1,34,0,0
1775334356574,34,GET /gateways,200,,Thread Group 1-129,text,true,,174,167,3,3,http://localhost:8080/gateways/proceso/1,34,0,0
1775334356608,36,GET /arcos,200,,Thread Group 1-129,text,true,,174,164,3,3,http://localhost:8080/arcos/proceso/1,35,0,0
1775334356608,36,GET /arcos,200,,Thread Group 1-130,text,true,,174,164,3,3,http://localhost:8080/arcos/proceso/1,35,0,0
1775334356608,113,POST /empresas,200,,Thread Group 1-128,text,true,,236,303,3,3,http://localhost:8080/empresas,113,0,0
1775334356644,117,POST /empresas,200,,Thread Group 1-130,text,true,,236,303,2,2,http://localhost:8080/empresas,117,0,0
1775334356644,117,POST /empresas,200,,Thread Group 1-129,text,true,,236,303,2,2,http://localhost:8080/empresas,117,0,0
1775334356762,34,GET /empresas,200,,Thread Group 1-130,text,true,,71235,157,3,3,http://localhost:8080/empresas,33,0,0
1775334356762,40,GET /empresas,200,,Thread Group 1-129,text,true,,71235,157,3,3,http://localhost:8080/empresas,40,0,0
1775334356781,36,GET /empresas,200,,Thread Group 1-131,text,true,,71235,157,3,3,http://localhost:8080/empresas,36,0,0
1775334356802,15,GET /empleados,200,,Thread Group 1-129,text,true,,174,158,3,3,http://localhost:8080/empleados,15,0,0
1775334356796,21,GET /empleados,200,,Thread Group 1-130,text,true,,174,158,3,3,http://localhost:8080/empleados,21,0,0
1775334356818,36,GET /roles,200,,Thread Group 1-130,text,true,,174,154,3,3,http://localhost:8080/roles,36,0,0
1775334356818,36,GET /roles,200,,Thread Group 1-129,text,true,,174,154,3,3,http://localhost:8080/roles,36,0,0
1775334356818,36,GET /empleados,200,,Thread Group 1-131,text,true,,174,158,3,3,http://localhost:8080/empleados,36,0,0
1775334356854,37,GET /roles,200,,Thread Group 1-131,text,true,,174,154,3,3,http://localhost:8080/roles,37,0,0
1775334356854,37,GET /gateways,200,,Thread Group 1-129,text,true,,174,167,3,3,http://localhost:8080/gateways/proceso/1,37,0,0
1775334356854,37,GET /gateways,200,,Thread Group 1-130,text,true,,174,167,3,3,http://localhost:8080/gateways/proceso/1,37,0,0
1775334356891,40,GET /arcos,200,,Thread Group 1-129,text,true,,174,164,3,3,http://localhost:8080/arcos/proceso/1,40,0,0
1775334356891,40,GET /gateways,200,,Thread Group 1-131,text,true,,174,167,3,3,http://localhost:8080/gateways/proceso/1,40,0,0
1775334356891,40,GET /arcos,200,,Thread Group 1-130,text,true,,174,164,3,3,http://localhost:8080/arcos/proceso/1,40,0,0
1775334356931,34,GET /arcos,200,,Thread Group 1-131,text,true,,174,164,3,3,http://localhost:8080/arcos/proceso/1,34,0,0
1775334356931,100,POST /empresas,200,,Thread Group 1-129,text,true,,236,303,3,3,http://localhost:8080/empresas,100,0,0
1775334356931,100,POST /empresas,200,,Thread Group 1-130,text,true,,236,303,3,3,http://localhost:8080/empresas,100,0,0
1775334356965,87,POST /empresas,200,,Thread Group 1-131,text,true,,236,303,2,2,http://localhost:8080/empresas,87,0,0
1775334357031,42,GET /empresas,200,,Thread Group 1-130,text,true,,71427,157,2,2,http://localhost:8080/empresas,41,0,0
1775334357073,24,GET /empleados,200,,Thread Group 1-130,text,true,,174,158,3,3,http://localhost:8080/empleados,24,0,0
1775334357053,47,GET /empresas,200,,Thread Group 1-131,text,true,,71427,157,3,3,http://localhost:8080/empresas,47,0,0
1775334357101,26,GET /empleados,200,,Thread Group 1-131,text,true,,174,158,3,3,http://localhost:8080/empleados,26,0,0
1775334357097,30,GET /roles,200,,Thread Group 1-130,text,true,,174,154,3,3,http://localhost:8080/roles,30,0,0
1775334357081,49,GET /empresas,200,,Thread Group 1-132,text,true,,71427,157,3,3,http://localhost:8080/empresas,49,0,0
1775334357131,29,GET /empleados,200,,Thread Group 1-132,text,true,,174,158,3,3,http://localhost:8080/empleados,29,0,0
1775334357127,33,GET /roles,200,,Thread Group 1-131,text,true,,174,154,3,3,http://localhost:8080/roles,33,0,0
1775334357128,32,GET /gateways,200,,Thread Group 1-130,text,true,,174,167,3,3,http://localhost:8080/gateways/proceso/1,32,0,0
1775334357160,37,GET /gateways,200,,Thread Group 1-131,text,true,,174,167,3,3,http://localhost:8080/gateways/proceso/1,36,0,0
1775334357160,37,GET /arcos,200,,Thread Group 1-130,text,true,,174,164,3,3,http://localhost:8080/arcos/proceso/1,37,0,0
1775334357160,37,GET /roles,200,,Thread Group 1-132,text,true,,174,154,3,3,http://localhost:8080/roles,37,0,0
1775334357197,36,GET /gateways,200,,Thread Group 1-132,text,true,,174,167,3,3,http://localhost:8080/gateways/proceso/1,36,0,0
1775334357197,36,GET /arcos,200,,Thread Group 1-131,text,true,,174,164,3,3,http://localhost:8080/arcos/proceso/1,36,0,0
1775334357234,33,GET /arcos,200,,Thread Group 1-132,text,true,,174,164,3,3,http://localhost:8080/arcos/proceso/1,33,0,0
1775334357197,102,POST /empresas,200,,Thread Group 1-130,text,true,,236,303,3,3,http://localhost:8080/empresas,101,0,0
1775334357234,98,POST /empresas,200,,Thread Group 1-131,text,true,,236,303,2,2,http://localhost:8080/empresas,98,0,0
1775334357268,83,POST /empresas,200,,Thread Group 1-132,text,true,,236,303,2,2,http://localhost:8080/empresas,83,0,0
1775334357332,41,GET /empresas,200,,Thread Group 1-131,text,true,,71619,157,2,2,http://localhost:8080/empresas,40,0,0
1775334357373,23,GET /empleados,200,,Thread Group 1-131,text,true,,174,158,3,3,http://localhost:8080/empleados,23,0,0
1775334357352,47,GET /empresas,200,,Thread Group 1-132,text,true,,71619,157,3,3,http://localhost:8080/empresas,47,0,0
1775334357400,24,GET /empleados,200,,Thread Group 1-132,text,true,,174,158,3,3,http://localhost:8080/empleados,24,0,0
1775334357396,28,GET /roles,200,,Thread Group 1-131,text,true,,174,154,3,3,http://localhost:8080/roles,28,0,0
1775334357380,47,GET /empresas,200,,Thread Group 1-133,text,true,,71619,157,3,3,http://localhost:8080/empresas,46,0,1
1775334357424,36,GET /gateways,200,,Thread Group 1-131,text,true,,174,167,3,3,http://localhost:8080/gateways/proceso/1,35,0,0
1775334357424,36,GET /roles,200,,Thread Group 1-132,text,true,,174,154,3,3,http://localhost:8080/roles,36,0,0
1775334357427,33,GET /empleados,200,,Thread Group 1-133,text,true,,174,158,3,3,http://localhost:8080/empleados,33,0,0
1775334357460,40,GET /gateways,200,,Thread Group 1-132,text,true,,174,167,3,3,http://localhost:8080/gateways/proceso/1,40,0,0
1775334357460,40,GET /arcos,200,,Thread Group 1-131,text,true,,174,164,3,3,http://localhost:8080/arcos/proceso/1,40,0,0
1775334357460,40,GET /roles,200,,Thread Group 1-133,text,true,,174,154,3,3,http://localhost:8080/roles,40,0,0
1775334357501,39,GET /gateways,200,,Thread Group 1-133,text,true,,174,167,3,3,http://localhost:8080/gateways/proceso/1,39,0,0
1775334357500,40,GET /arcos,200,,Thread Group 1-132,text,true,,174,164,3,3,http://localhost:8080/arcos/proceso/1,40,0,0
1775334357540,31,GET /arcos,200,,Thread Group 1-133,text,true,,174,164,3,3,http://localhost:8080/arcos/proceso/1,31,0,0
1775334357501,105,POST /empresas,200,,Thread Group 1-131,text,true,,236,303,3,3,http://localhost:8080/empresas,105,0,0
1775334357540,96,POST /empresas,200,,Thread Group 1-132,text,true,,236,303,2,2,http://localhost:8080/empresas,96,0,0
1775334357571,87,POST /empresas,200,,Thread Group 1-133,text,true,,236,303,2,2,http://localhost:8080/empresas,87,0,0
1775334357637,42,GET /empresas,200,,Thread Group 1-132,text,true,,71811,157,2,2,http://localhost:8080/empresas,42,0,0
1775334357680,18,GET /empleados,200,,Thread Group 1-132,text,true,,174,158,3,3,http://localhost:8080/empleados,18,0,0
1775334357658,43,GET /empresas,200,,Thread Group 1-133,text,true,,71811,157,3,3,http://localhost:8080/empresas,43,0,0
1775334357699,40,GET /roles,200,,Thread Group 1-132,text,true,,174,154,3,3,http://localhost:8080/roles,40,0,0
1775334357701,38,GET /empleados,200,,Thread Group 1-133,text,true,,174,158,3,3,http://localhost:8080/empleados,38,0,0
1775334357681,61,GET /empresas,200,,Thread Group 1-134,text,true,,71811,157,3,3,http://localhost:8080/empresas,61,0,1
1775334357740,34,GET /roles,200,,Thread Group 1-133,text,true,,174,154,3,3,http://localhost:8080/roles,34,0,0
1775334357742,32,GET /empleados,200,,Thread Group 1-134,text,true,,174,158,3,3,http://localhost:8080/empleados,32,0,0
1775334357740,34,GET /gateways,200,,Thread Group 1-132,text,true,,174,167,3,3,http://localhost:8080/gateways/proceso/1,34,0,0
1775334357774,28,GET /roles,200,,Thread Group 1-134,text,true,,174,154,3,3,http://localhost:8080/roles,28,0,0
1775334357774,28,GET /gateways,200,,Thread Group 1-133,text,true,,174,167,3,3,http://localhost:8080/gateways/proceso/1,28,0,0
1775334357774,28,GET /arcos,200,,Thread Group 1-132,text,true,,174,164,3,3,http://localhost:8080/arcos/proceso/1,28,0,0
1775334357802,28,GET /arcos,200,,Thread Group 1-133,text,true,,174,164,3,3,http://localhost:8080/arcos/proceso/1,28,0,0
1775334357802,28,GET /gateways,200,,Thread Group 1-134,text,true,,174,167,3,3,http://localhost:8080/gateways/proceso/1,28,0,0
1775334357830,21,GET /arcos,200,,Thread Group 1-134,text,true,,174,164,3,3,http://localhost:8080/arcos/proceso/1,21,0,0
1775334357802,77,POST /empresas,200,,Thread Group 1-132,text,true,,236,303,3,3,http://localhost:8080/empresas,77,0,0
1775334357830,75,POST /empresas,200,,Thread Group 1-133,text,true,,236,303,2,2,http://localhost:8080/empresas,75,0,0
1775334357851,75,POST /empresas,200,,Thread Group 1-134,text,true,,236,303,2,2,http://localhost:8080/empresas,75,0,0
1775334357905,33,GET /empresas,200,,Thread Group 1-133,text,true,,72003,157,2,2,http://localhost:8080/empresas,33,0,0
1775334357938,23,GET /empleados,200,,Thread Group 1-133,text,true,,174,158,2,2,http://localhost:8080/empleados,23,0,0
1775334357926,37,GET /empresas,200,,Thread Group 1-134,text,true,,72003,157,2,2,http://localhost:8080/empresas,37,0,0
1775334357963,24,GET /empleados,200,,Thread Group 1-134,text,true,,174,158,3,3,http://localhost:8080/empleados,24,0,0
1775334357961,26,GET /roles,200,,Thread Group 1-133,text,true,,174,154,3,3,http://localhost:8080/roles,26,0,0
1775334357987,25,GET /roles,200,,Thread Group 1-134,text,true,,174,154,3,3,http://localhost:8080/roles,25,0,0
1775334357987,25,GET /gateways,200,,Thread Group 1-133,text,true,,174,167,3,3,http://localhost:8080/gateways/proceso/1,25,0,0
1775334357981,34,GET /empresas,200,,Thread Group 1-135,text,true,,72003,157,3,3,http://localhost:8080/empresas,33,0,1
1775334358015,22,GET /empleados,200,,Thread Group 1-135,text,true,,174,158,3,3,http://localhost:8080/empleados,22,0,0
1775334358012,25,GET /arcos,200,,Thread Group 1-133,text,true,,174,164,3,3,http://localhost:8080/arcos/proceso/1,25,0,0
1775334358012,25,GET /gateways,200,,Thread Group 1-134,text,true,,174,167,3,3,http://localhost:8080/gateways/proceso/1,25,0,0
1775334358037,24,GET /arcos,200,,Thread Group 1-134,text,true,,174,164,3,3,http://localhost:8080/arcos/proceso/1,24,0,0
1775334358037,24,GET /roles,200,,Thread Group 1-135,text,true,,174,154,3,3,http://localhost:8080/roles,24,0,0
1775334358061,22,GET /gateways,200,,Thread Group 1-135,text,true,,174,167,3,3,http://localhost:8080/gateways/proceso/1,22,0,0
1775334358037,70,POST /empresas,200,,Thread Group 1-133,text,true,,236,303,3,3,http://localhost:8080/empresas,70,0,0
1775334358084,23,GET /arcos,200,,Thread Group 1-135,text,true,,174,164,3,3,http://localhost:8080/arcos/proceso/1,23,0,0
1775334358061,72,POST /empresas,200,,Thread Group 1-134,text,true,,236,303,2,2,http://localhost:8080/empresas,72,0,0
1775334358133,37,GET /empresas,200,,Thread Group 1-134,text,true,,72131,157,2,2,http://localhost:8080/empresas,37,0,0
1775334358107,73,POST /empresas,200,,Thread Group 1-135,text,true,,236,303,2,2,http://localhost:8080/empresas,73,0,0
1775334358170,22,GET /empleados,200,,Thread Group 1-134,text,true,,174,158,2,2,http://localhost:8080/empleados,22,0,0
1775334358192,50,GET /roles,200,,Thread Group 1-134,text,true,,174,154,2,2,http://localhost:8080/roles,50,0,0
1775334358180,63,GET /empresas,200,,Thread Group 1-135,text,true,,72195,157,2,2,http://localhost:8080/empresas,62,0,0
1775334358243,24,GET /empleados,200,,Thread Group 1-135,text,true,,174,158,2,2,http://localhost:8080/empleados,24,0,0
1775334358242,25,GET /gateways,200,,Thread Group 1-134,text,true,,174,167,2,2,http://localhost:8080/gateways/proceso/1,25,0,0
1775334358268,21,GET /arcos,200,,Thread Group 1-134,text,true,,174,164,3,3,http://localhost:8080/arcos/proceso/1,21,0,0
1775334358268,21,GET /roles,200,,Thread Group 1-135,text,true,,174,154,3,3,http://localhost:8080/roles,21,0,0
1775334358290,25,GET /gateways,200,,Thread Group 1-135,text,true,,174,167,3,3,http://localhost:8080/gateways/proceso/1,25,0,0
1775334358280,39,GET /empresas,200,,Thread Group 1-136,text,true,,72195,157,3,3,http://localhost:8080/empresas,38,0,1
1775334358319,17,GET /empleados,200,,Thread Group 1-136,text,true,,174,158,3,3,http://localhost:8080/empleados,17,0,0
1775334358315,21,GET /arcos,200,,Thread Group 1-135,text,true,,174,164,3,3,http://localhost:8080/arcos/proceso/1,21,0,0
1775334358290,68,POST /empresas,200,,Thread Group 1-134,text,true,,236,303,3,3,http://localhost:8080/empresas,68,0,0
1775334358337,21,GET /roles,200,,Thread Group 1-136,text,true,,174,154,3,3,http://localhost:8080/roles,21,0,0
1775334358359,27,GET /gateways,200,,Thread Group 1-136,text,true,,174,167,2,2,http://localhost:8080/gateways/proceso/1,27,0,0
1775334358386,25,GET /arcos,200,,Thread Group 1-136,text,true,,174,164,2,2,http://localhost:8080/arcos/proceso/1,25,0,0
1775334358337,74,POST /empresas,200,,Thread Group 1-135,text,true,,236,303,2,2,http://localhost:8080/empresas,74,0,0
1775334358411,37,GET /empresas,200,,Thread Group 1-135,text,true,,72323,157,2,2,http://localhost:8080/empresas,37,0,0
1775334358411,65,POST /empresas,200,,Thread Group 1-136,text,true,,236,303,2,2,http://localhost:8080/empresas,65,0,0
1775334358449,27,GET /empleados,200,,Thread Group 1-135,text,true,,174,158,2,2,http://localhost:8080/empleados,27,0,0
1775334358476,20,GET /roles,200,,Thread Group 1-135,text,true,,174,154,2,2,http://localhost:8080/roles,20,0,0
1775334358496,18,GET /gateways,200,,Thread Group 1-135,text,true,,174,167,2,2,http://localhost:8080/gateways/proceso/1,18,0,0
1775334358476,41,GET /empresas,200,,Thread Group 1-136,text,true,,72387,157,2,2,http://localhost:8080/empresas,41,0,0
1775334358517,27,GET /empleados,200,,Thread Group 1-136,text,true,,174,158,2,2,http://localhost:8080/empleados,27,0,0
1775334358515,29,GET /arcos,200,,Thread Group 1-135,text,true,,174,164,2,2,http://localhost:8080/arcos/proceso/1,29,0,0
1775334358544,23,GET /roles,200,,Thread Group 1-136,text,true,,174,154,2,2,http://localhost:8080/roles,23,0,0
1775334358567,35,GET /gateways,200,,Thread Group 1-136,text,true,,174,167,3,3,http://localhost:8080/gateways/proceso/1,35,0,0
1775334358544,74,POST /empresas,200,,Thread Group 1-135,text,true,,236,303,3,3,http://localhost:8080/empresas,74,0,0
1775334358581,39,GET /empresas,200,,Thread Group 1-137,text,true,,72387,157,2,2,http://localhost:8080/empresas,38,0,1
1775334358602,26,GET /arcos,200,,Thread Group 1-136,text,true,,174,164,2,2,http://localhost:8080/arcos/proceso/1,26,0,0
1775334358620,22,GET /empleados,200,,Thread Group 1-137,text,true,,174,158,2,2,http://localhost:8080/empleados,22,0,0
1775334358643,22,GET /roles,200,,Thread Group 1-137,text,true,,174,154,2,2,http://localhost:8080/roles,22,0,0
1775334358628,62,POST /empresas,200,,Thread Group 1-136,text,true,,236,303,2,2,http://localhost:8080/empresas,62,0,0
1775334358665,25,GET /gateways,200,,Thread Group 1-137,text,true,,174,167,2,2,http://localhost:8080/gateways/proceso/1,25,0,0
1775334358690,18,GET /arcos,200,,Thread Group 1-137,text,true,,174,164,2,2,http://localhost:8080/arcos/proceso/1,18,0,0
1775334358690,35,GET /empresas,200,,Thread Group 1-136,text,true,,72515,157,2,2,http://localhost:8080/empresas,35,0,0
1775334358725,25,GET /empleados,200,,Thread Group 1-136,text,true,,174,158,2,2,http://localhost:8080/empleados,25,0,0
1775334358751,26,GET /roles,200,,Thread Group 1-136,text,true,,174,154,2,2,http://localhost:8080/roles,26,0,0
1775334358708,69,POST /empresas,200,,Thread Group 1-137,text,true,,236,303,2,2,http://localhost:8080/empresas,69,0,0
1775334358777,18,GET /gateways,200,,Thread Group 1-136,text,true,,174,167,2,2,http://localhost:8080/gateways/proceso/1,18,0,0
1775334358796,17,GET /arcos,200,,Thread Group 1-136,text,true,,174,164,2,2,http://localhost:8080/arcos/proceso/1,17,0,0
1775334358777,39,GET /empresas,200,,Thread Group 1-137,text,true,,72579,157,2,2,http://localhost:8080/empresas,39,0,0
1775334358817,22,GET /empleados,200,,Thread Group 1-137,text,true,,174,158,2,2,http://localhost:8080/empleados,22,0,0
1775334358839,28,GET /roles,200,,Thread Group 1-137,text,true,,174,154,2,2,http://localhost:8080/roles,28,0,0
1775334358813,77,POST /empresas,200,,Thread Group 1-136,text,true,,236,303,3,3,http://localhost:8080/empresas,77,0,0
1775334358867,23,GET /gateways,200,,Thread Group 1-137,text,true,,174,167,3,3,http://localhost:8080/gateways/proceso/1,23,0,0
1775334358890,28,GET /arcos,200,,Thread Group 1-137,text,true,,174,164,2,2,http://localhost:8080/arcos/proceso/1,28,0,0
1775334358881,38,GET /empresas,200,,Thread Group 1-138,text,true,,72643,157,2,2,http://localhost:8080/empresas,38,0,1
1775334358920,27,GET /empleados,200,,Thread Group 1-138,text,true,,174,158,2,2,http://localhost:8080/empleados,27,0,0
1775334358947,25,GET /roles,200,,Thread Group 1-138,text,true,,174,154,2,2,http://localhost:8080/roles,25,0,0
1775334358972,21,GET /gateways,200,,Thread Group 1-138,text,true,,174,167,2,2,http://localhost:8080/gateways/proceso/1,21,0,0
1775334358919,74,POST /empresas,200,,Thread Group 1-137,text,true,,236,303,2,2,http://localhost:8080/empresas,74,0,0
1775334358993,17,GET /arcos,200,,Thread Group 1-138,text,true,,174,164,2,2,http://localhost:8080/arcos/proceso/1,17,0,0
1775334358993,54,GET /empresas,200,,Thread Group 1-137,text,true,,72707,157,2,2,http://localhost:8080/empresas,54,0,0
1775334359048,28,GET /empleados,200,,Thread Group 1-137,text,true,,174,158,2,2,http://localhost:8080/empleados,28,0,0
1775334359076,31,GET /roles,200,,Thread Group 1-137,text,true,,174,154,2,2,http://localhost:8080/roles,31,0,0
1775334359107,24,GET /gateways,200,,Thread Group 1-137,text,true,,174,167,2,2,http://localhost:8080/gateways/proceso/1,24,0,0
1775334359010,133,POST /empresas,200,,Thread Group 1-138,text,true,,236,303,2,2,http://localhost:8080/empresas,133,0,0
1775334359132,26,GET /arcos,200,,Thread Group 1-137,text,true,,174,164,2,2,http://localhost:8080/arcos/proceso/1,26,0,0
1775334359143,36,GET /empresas,200,,Thread Group 1-138,text,true,,72771,157,2,2,http://localhost:8080/empresas,36,0,0
1775334359179,21,GET /empleados,200,,Thread Group 1-138,text,true,,174,158,3,3,http://localhost:8080/empleados,21,0,0
1775334359181,28,GET /empresas,200,,Thread Group 1-139,text,true,,72771,157,3,3,http://localhost:8080/empresas,27,0,2
1775334359158,65,POST /empresas,200,,Thread Group 1-137,text,true,,236,303,3,3,http://localhost:8080/empresas,65,0,0
1775334359200,23,GET /roles,200,,Thread Group 1-138,text,true,,174,154,3,3,http://localhost:8080/roles,23,0,0
1775334359223,18,GET /gateways,200,,Thread Group 1-138,text,true,,174,167,2,2,http://localhost:8080/gateways/proceso/1,18,0,0
1775334359209,32,GET /empleados,200,,Thread Group 1-139,text,true,,174,158,2,2,http://localhost:8080/empleados,32,0,0
1775334359241,26,GET /roles,200,,Thread Group 1-139,text,true,,174,154,2,2,http://localhost:8080/roles,26,0,0
1775334359241,26,GET /arcos,200,,Thread Group 1-138,text,true,,174,164,2,2,http://localhost:8080/arcos/proceso/1,26,0,0
1775334359267,25,GET /gateways,200,,Thread Group 1-139,text,true,,174,167,2,2,http://localhost:8080/gateways/proceso/1,25,0,0
1775334359292,24,GET /arcos,200,,Thread Group 1-139,text,true,,174,164,2,2,http://localhost:8080/arcos/proceso/1,24,0,0
1775334359267,78,POST /empresas,200,,Thread Group 1-138,text,true,,236,303,2,2,http://localhost:8080/empresas,78,0,0
1775334359345,38,GET /empresas,200,,Thread Group 1-138,text,true,,72899,157,2,2,http://localhost:8080/empresas,38,0,0
1775334359316,74,POST /empresas,200,,Thread Group 1-139,text,true,,236,303,2,2,http://localhost:8080/empresas,74,0,0
1775334359383,24,GET /empleados,200,,Thread Group 1-138,text,true,,174,158,2,2,http://localhost:8080/empleados,24,0,0
1775334359390,36,GET /empresas,200,,Thread Group 1-139,text,true,,72963,157,2,2,http://localhost:8080/empresas,35,0,0
1775334359407,29,GET /roles,200,,Thread Group 1-138,text,true,,174,154,2,2,http://localhost:8080/roles,29,0,0
1775334359427,26,GET /empleados,200,,Thread Group 1-139,text,true,,174,158,2,2,http://localhost:8080/empleados,26,0,0
1775334359437,16,GET /gateways,200,,Thread Group 1-138,text,true,,174,167,2,2,http://localhost:8080/gateways/proceso/1,16,0,0
1775334359454,25,GET /arcos,200,,Thread Group 1-138,text,true,,174,164,2,2,http://localhost:8080/arcos/proceso/1,25,0,0
1775334359453,26,GET /roles,200,,Thread Group 1-139,text,true,,174,154,2,2,http://localhost:8080/roles,26,0,0
1775334359479,22,GET /gateways,200,,Thread Group 1-139,text,true,,174,167,3,3,http://localhost:8080/gateways/proceso/1,22,0,0
1775334359481,37,GET /empresas,200,,Thread Group 1-140,text,true,,72963,157,3,3,http://localhost:8080/empresas,37,0,1
1775334359501,24,GET /arcos,200,,Thread Group 1-139,text,true,,174,164,3,3,http://localhost:8080/arcos/proceso/1,24,0,0
1775334359479,64,POST /empresas,200,,Thread Group 1-138,text,true,,236,303,3,3,http://localhost:8080/empresas,64,0,0
1775334359519,24,GET /empleados,200,,Thread Group 1-140,text,true,,174,158,3,3,http://localhost:8080/empleados,24,0,0
1775334359544,20,GET /roles,200,,Thread Group 1-140,text,true,,174,154,2,2,http://localhost:8080/roles,20,0,0
1775334359565,23,GET /gateways,200,,Thread Group 1-140,text,true,,174,167,2,2,http://localhost:8080/gateways/proceso/1,23,0,0
1775334359525,63,POST /empresas,200,,Thread Group 1-139,text,true,,236,303,2,2,http://localhost:8080/empresas,63,0,0
1775334359588,17,GET /arcos,200,,Thread Group 1-140,text,true,,174,164,2,2,http://localhost:8080/arcos/proceso/1,17,0,0
1775334359588,38,GET /empresas,200,,Thread Group 1-139,text,true,,73091,157,2,2,http://localhost:8080/empresas,37,0,0
1775334359626,25,GET /empleados,200,,Thread Group 1-139,text,true,,174,158,2,2,http://localhost:8080/empleados,25,0,0
1775334359605,75,POST /empresas,200,,Thread Group 1-140,text,true,,236,303,2,2,http://localhost:8080/empresas,75,0,0
1775334359651,29,GET /roles,200,,Thread Group 1-139,text,true,,174,154,2,2,http://localhost:8080/roles,29,0,0
1775334359680,18,GET /gateways,200,,Thread Group 1-139,text,true,,174,167,2,2,http://localhost:8080/gateways/proceso/1,18,0,0
1775334359680,33,GET /empresas,200,,Thread Group 1-140,text,true,,73155,157,2,2,http://localhost:8080/empresas,33,0,0
1775334359698,24,GET /arcos,200,,Thread Group 1-139,text,true,,174,164,2,2,http://localhost:8080/arcos/proceso/1,24,0,0
1775334359718,21,GET /empleados,200,,Thread Group 1-140,text,true,,174,158,2,2,http://localhost:8080/empleados,21,0,0
1775334359739,27,GET /roles,200,,Thread Group 1-140,text,true,,174,154,2,2,http://localhost:8080/roles,27,0,0
1775334359766,22,GET /gateways,200,,Thread Group 1-140,text,true,,174,167,3,3,http://localhost:8080/gateways/proceso/1,22,0,0
1775334359723,65,POST /empresas,200,,Thread Group 1-139,text,true,,236,303,3,3,http://localhost:8080/empresas,65,0,0
1775334359788,26,GET /arcos,200,,Thread Group 1-140,text,true,,174,164,2,2,http://localhost:8080/arcos/proceso/1,26,0,0
1775334359783,32,GET /empresas,200,,Thread Group 1-141,text,true,,73219,157,2,2,http://localhost:8080/empresas,32,0,0
1775334359815,24,GET /empleados,200,,Thread Group 1-141,text,true,,174,158,2,2,http://localhost:8080/empleados,24,0,0
1775334359840,30,GET /roles,200,,Thread Group 1-141,text,true,,174,154,2,2,http://localhost:8080/roles,30,0,0
1775334359870,28,GET /gateways,200,,Thread Group 1-141,text,true,,174,167,2,2,http://localhost:8080/gateways/proceso/1,28,0,0
1775334359814,84,POST /empresas,200,,Thread Group 1-140,text,true,,236,303,2,2,http://localhost:8080/empresas,84,0,0
1775334359898,19,GET /arcos,200,,Thread Group 1-141,text,true,,174,164,2,2,http://localhost:8080/arcos/proceso/1,19,0,0
1775334359898,37,GET /empresas,200,,Thread Group 1-140,text,true,,73283,157,2,2,http://localhost:8080/empresas,37,0,0
1775334359935,27,GET /empleados,200,,Thread Group 1-140,text,true,,174,158,2,2,http://localhost:8080/empleados,27,0,0
1775334359962,29,GET /roles,200,,Thread Group 1-140,text,true,,174,154,2,2,http://localhost:8080/roles,29,0,0
1775334359918,73,POST /empresas,200,,Thread Group 1-141,text,true,,236,303,2,2,http://localhost:8080/empresas,73,0,0
1775334359991,17,GET /gateways,200,,Thread Group 1-140,text,true,,174,167,2,2,http://localhost:8080/gateways/proceso/1,17,0,0
1775334360009,14,GET /arcos,200,,Thread Group 1-140,text,true,,174,164,2,2,http://localhost:8080/arcos/proceso/1,14,0,0
1775334359991,36,GET /empresas,200,,Thread Group 1-141,text,true,,73347,157,2,2,http://localhost:8080/empresas,36,0,0
1775334360027,23,GET /empleados,200,,Thread Group 1-141,text,true,,174,158,2,2,http://localhost:8080/empleados,23,0,0
1775334360050,25,GET /roles,200,,Thread Group 1-141,text,true,,174,154,2,2,http://localhost:8080/roles,25,0,0
1775334360076,23,GET /gateways,200,,Thread Group 1-141,text,true,,174,167,3,3,http://localhost:8080/gateways/proceso/1,23,0,0
1775334360024,75,POST /empresas,200,,Thread Group 1-140,text,true,,236,303,3,3,http://localhost:8080/empresas,75,0,0
1775334360082,37,GET /empresas,200,,Thread Group 1-142,text,true,,73411,157,2,2,http://localhost:8080/empresas,36,0,1
1775334360100,33,GET /arcos,200,,Thread Group 1-141,text,true,,174,164,2,2,http://localhost:8080/arcos/proceso/1,33,0,0
1775334360119,30,GET /empleados,200,,Thread Group 1-142,text,true,,174,158,2,2,http://localhost:8080/empleados,30,0,0
1775334360149,28,GET /roles,200,,Thread Group 1-142,text,true,,174,154,2,2,http://localhost:8080/roles,28,0,0
1775334360133,77,POST /empresas,200,,Thread Group 1-141,text,true,,236,303,2,2,http://localhost:8080/empresas,77,0,0
1775334360177,33,GET /gateways,200,,Thread Group 1-142,text,true,,174,167,2,2,http://localhost:8080/gateways/proceso/1,33,0,0
1775334360210,21,GET /arcos,200,,Thread Group 1-142,text,true,,174,164,2,2,http://localhost:8080/arcos/proceso/1,21,0,0
1775334360210,32,GET /empresas,200,,Thread Group 1-141,text,true,,73475,157,2,2,http://localhost:8080/empresas,32,0,0
1775334360242,12,GET /empleados,200,,Thread Group 1-141,text,true,,174,158,2,2,http://localhost:8080/empleados,12,0,0
1775334360254,30,GET /roles,200,,Thread Group 1-141,text,true,,174,154,2,2,http://localhost:8080/roles,30,0,0
1775334360231,79,POST /empresas,200,,Thread Group 1-142,text,true,,236,303,2,2,http://localhost:8080/empresas,79,0,0
1775334360284,26,GET /gateways,200,,Thread Group 1-141,text,true,,174,167,2,2,http://localhost:8080/gateways/proceso/1,26,0,0
1775334360310,19,GET /arcos,200,,Thread Group 1-141,text,true,,174,164,2,2,http://localhost:8080/arcos/proceso/1,19,0,0
1775334360310,36,GET /empresas,200,,Thread Group 1-142,text,true,,73539,157,2,2,http://localhost:8080/empresas,35,0,0
1775334360347,27,GET /empleados,200,,Thread Group 1-142,text,true,,174,158,2,2,http://localhost:8080/empleados,27,0,0
1775334360329,69,POST /empresas,200,,Thread Group 1-141,text,true,,236,303,3,3,http://localhost:8080/empresas,69,0,0
1775334360374,24,GET /roles,200,,Thread Group 1-142,text,true,,174,154,3,3,http://localhost:8080/roles,24,0,0
1775334360398,17,GET /gateways,200,,Thread Group 1-142,text,true,,174,167,2,2,http://localhost:8080/gateways/proceso/1,16,0,0
1775334360382,36,GET /empresas,200,,Thread Group 1-143,text,true,,73603,157,2,2,http://localhost:8080/empresas,35,0,0
1775334360418,21,GET /empleados,200,,Thread Group 1-143,text,true,,174,158,2,2,http://localhost:8080/empleados,21,0,0
1775334360415,25,GET /arcos,200,,Thread Group 1-142,text,true,,174,164,2,2,http://localhost:8080/arcos/proceso/1,25,0,0
1775334360440,26,GET /roles,200,,Thread Group 1-143,text,true,,174,154,2,2,http://localhost:8080/roles,26,0,0
1775334360467,25,GET /gateways,200,,Thread Group 1-143,text,true,,174,167,2,2,http://localhost:8080/gateways/proceso/1,25,0,0
1775334360440,78,POST /empresas,200,,Thread Group 1-142,text,true,,236,303,2,2,http://localhost:8080/empresas,78,0,0
1775334360493,25,GET /arcos,200,,Thread Group 1-143,text,true,,174,164,2,2,http://localhost:8080/arcos/proceso/1,25,0,0
1775334360518,38,GET /empresas,200,,Thread Group 1-142,text,true,,73667,157,2,2,http://localhost:8080/empresas,37,0,0
1775334360518,72,POST /empresas,200,,Thread Group 1-143,text,true,,236,303,2,2,http://localhost:8080/empresas,72,0,0
1775334360556,34,GET /empleados,200,,Thread Group 1-142,text,true,,174,158,2,2,http://localhost:8080/empleados,34,0,0
1775334360590,25,GET /roles,200,,Thread Group 1-142,text,true,,174,154,2,2,http://localhost:8080/roles,25,0,0
1775334360590,34,GET /empresas,200,,Thread Group 1-143,text,true,,73731,157,2,2,http://localhost:8080/empresas,34,0,0
1775334360615,28,GET /gateways,200,,Thread Group 1-142,text,true,,174,167,2,2,http://localhost:8080/gateways/proceso/1,28,0,0
1775334360625,18,GET /empleados,200,,Thread Group 1-143,text,true,,174,158,2,2,http://localhost:8080/empleados,18,0,0
1775334360643,25,GET /arcos,200,,Thread Group 1-142,text,true,,174,164,2,2,http://localhost:8080/arcos/proceso/1,25,0,0
1775334360643,25,GET /roles,200,,Thread Group 1-143,text,true,,174,154,2,2,http://localhost:8080/roles,25,0,0
1775334360669,28,GET /gateways,200,,Thread Group 1-143,text,true,,174,167,3,3,http://localhost:8080/gateways/proceso/1,28,0,0
1775334360681,36,GET /empresas,200,,Thread Group 1-144,text,true,,73731,157,3,3,http://localhost:8080/empresas,35,0,0
1775334360697,17,GET /arcos,200,,Thread Group 1-143,text,true,,174,164,3,3,http://localhost:8080/arcos/proceso/1,17,0,0
1775334360718,26,GET /empleados,200,,Thread Group 1-144,text,true,,174,158,3,3,http://localhost:8080/empleados,26,0,0
1775334360669,75,POST /empresas,200,,Thread Group 1-142,text,true,,236,303,3,3,http://localhost:8080/empresas,75,0,0
1775334360745,26,GET /roles,200,,Thread Group 1-144,text,true,,174,154,2,2,http://localhost:8080/roles,26,0,0
1775334360718,79,POST /empresas,200,,Thread Group 1-143,text,true,,236,303,2,2,http://localhost:8080/empresas,79,0,0
1775334360771,26,GET /gateways,200,,Thread Group 1-144,text,true,,174,167,2,2,http://localhost:8080/gateways/proceso/1,26,0,0
1775334360798,17,GET /arcos,200,,Thread Group 1-144,text,true,,174,164,2,2,http://localhost:8080/arcos/proceso/1,17,0,0
1775334360798,46,GET /empresas,200,,Thread Group 1-143,text,true,,73859,157,2,2,http://localhost:8080/empresas,46,0,0
1775334360845,23,GET /empleados,200,,Thread Group 1-143,text,true,,174,158,2,2,http://localhost:8080/empleados,23,0,0
1775334360815,78,POST /empresas,200,,Thread Group 1-144,text,true,,236,303,2,2,http://localhost:8080/empresas,78,0,0
1775334360868,25,GET /roles,200,,Thread Group 1-143,text,true,,174,154,2,2,http://localhost:8080/roles,25,0,0
1775334360893,20,GET /gateways,200,,Thread Group 1-143,text,true,,174,167,2,2,http://localhost:8080/gateways/proceso/1,20,0,0
1775334360893,36,GET /empresas,200,,Thread Group 1-144,text,true,,73923,157,2,2,http://localhost:8080/empresas,35,0,0
1775334360914,25,GET /arcos,200,,Thread Group 1-143,text,true,,174,164,2,2,http://localhost:8080/arcos/proceso/1,25,0,0
1775334360929,25,GET /empleados,200,,Thread Group 1-144,text,true,,174,158,2,2,http://localhost:8080/empleados,25,0,0
1775334360954,24,GET /roles,200,,Thread Group 1-144,text,true,,174,154,2,2,http://localhost:8080/roles,24,0,0
1775334360979,20,GET /gateways,200,,Thread Group 1-144,text,true,,174,167,3,3,http://localhost:8080/gateways/proceso/1,20,0,0
1775334360940,59,POST /empresas,200,,Thread Group 1-143,text,true,,236,303,3,3,http://localhost:8080/empresas,59,0,0
1775334360981,38,GET /empresas,200,,Thread Group 1-145,text,true,,73993,157,2,2,http://localhost:8080/empresas,37,0,1
1775334361000,25,GET /arcos,200,,Thread Group 1-144,text,true,,174,164,2,2,http://localhost:8080/arcos/proceso/1,25,0,0
1775334361019,25,GET /empleados,200,,Thread Group 1-145,text,true,,174,158,2,2,http://localhost:8080/empleados,24,0,0
1775334361044,27,GET /roles,200,,Thread Group 1-145,text,true,,174,154,2,2,http://localhost:8080/roles,27,0,0
1775334361071,24,GET /gateways,200,,Thread Group 1-145,text,true,,174,167,2,2,http://localhost:8080/gateways/proceso/1,24,0,0
1775334361026,69,POST /empresas,200,,Thread Group 1-144,text,true,,236,303,2,2,http://localhost:8080/empresas,69,0,0
1775334361095,18,GET /arcos,200,,Thread Group 1-145,text,true,,174,164,2,2,http://localhost:8080/arcos/proceso/1,18,0,0
1775334361095,34,GET /empresas,200,,Thread Group 1-144,text,true,,74057,157,2,2,http://localhost:8080/empresas,33,0,0
1775334361129,31,GET /empleados,200,,Thread Group 1-144,text,true,,174,158,2,2,http://localhost:8080/empleados,31,0,0
1775334361113,70,POST /empresas,200,,Thread Group 1-145,text,true,,236,303,2,2,http://localhost:8080/empresas,70,0,0
1775334361160,24,GET /roles,200,,Thread Group 1-144,text,true,,174,154,2,2,http://localhost:8080/roles,24,0,0
1775334361184,23,GET /gateways,200,,Thread Group 1-144,text,true,,174,167,2,2,http://localhost:8080/gateways/proceso/1,23,0,0
1775334361184,41,GET /empresas,200,,Thread Group 1-145,text,true,,74121,157,2,2,http://localhost:8080/empresas,41,0,0
1775334361207,29,GET /arcos,200,,Thread Group 1-144,text,true,,174,164,2,2,http://localhost:8080/arcos/proceso/1,29,0,0
1775334361225,26,GET /empleados,200,,Thread Group 1-145,text,true,,174,158,2,2,http://localhost:8080/empleados,26,0,0
1775334361252,35,GET /roles,200,,Thread Group 1-145,text,true,,174,154,3,3,http://localhost:8080/roles,35,0,0
1775334361236,88,POST /empresas,200,,Thread Group 1-144,text,true,,236,303,3,3,http://localhost:8080/empresas,88,0,0
1775334361287,37,GET /gateways,200,,Thread Group 1-145,text,true,,174,167,3,3,http://localhost:8080/gateways/proceso/1,37,0,0
1775334361282,45,GET /empresas,200,,Thread Group 1-146,text,true,,74121,157,2,2,http://localhost:8080/empresas,45,0,0
1775334361325,26,GET /arcos,200,,Thread Group 1-145,text,true,,174,164,2,2,http://localhost:8080/arcos/proceso/1,26,0,0
1775334361328,23,GET /empleados,200,,Thread Group 1-146,text,true,,174,158,2,2,http://localhost:8080/empleados,23,0,0
1775334361352,24,GET /roles,200,,Thread Group 1-146,text,true,,174,154,2,2,http://localhost:8080/roles,24,0,0
1775334361376,23,GET /gateways,200,,Thread Group 1-146,text,true,,174,167,2,2,http://localhost:8080/gateways/proceso/1,23,0,0
1775334361400,22,GET /arcos,200,,Thread Group 1-146,text,true,,174,164,2,2,http://localhost:8080/arcos/proceso/1,22,0,0
1775334361352,70,POST /empresas,200,,Thread Group 1-145,text,true,,236,303,2,2,http://localhost:8080/empresas,70,0,0
1775334361422,48,GET /empresas,200,,Thread Group 1-145,text,true,,74250,157,2,2,http://localhost:8080/empresas,48,0,0
1775334361422,62,POST /empresas,200,,Thread Group 1-146,text,true,,236,303,2,2,http://localhost:8080/empresas,62,0,0
1775334361471,26,GET /empleados,200,,Thread Group 1-145,text,true,,174,158,2,2,http://localhost:8080/empleados,26,0,0
1775334361497,20,GET /roles,200,,Thread Group 1-145,text,true,,174,154,2,2,http://localhost:8080/roles,20,0,0
1775334361485,35,GET /empresas,200,,Thread Group 1-146,text,true,,74314,157,2,2,http://localhost:8080/empresas,34,0,0
1775334361517,28,GET /gateways,200,,Thread Group 1-145,text,true,,174,167,2,2,http://localhost:8080/gateways/proceso/1,28,0,0
1775334361520,25,GET /empleados,200,,Thread Group 1-146,text,true,,174,158,2,2,http://localhost:8080/empleados,25,0,0
1775334361546,25,GET /roles,200,,Thread Group 1-146,text,true,,174,154,2,2,http://localhost:8080/roles,25,0,0
1775334361546,25,GET /arcos,200,,Thread Group 1-145,text,true,,174,164,2,2,http://localhost:8080/arcos/proceso/1,25,0,0
1775334361571,26,GET /gateways,200,,Thread Group 1-146,text,true,,174,167,3,3,http://localhost:8080/gateways/proceso/1,26,0,0
1775334361597,18,GET /arcos,200,,Thread Group 1-146,text,true,,174,164,3,3,http://localhost:8080/arcos/proceso/1,18,0,0
1775334361581,37,GET /empresas,200,,Thread Group 1-147,text,true,,74314,157,3,3,http://localhost:8080/empresas,37,0,0
1775334361618,20,GET /empleados,200,,Thread Group 1-147,text,true,,174,158,3,3,http://localhost:8080/empleados,20,0,0
1775334361571,67,POST /empresas,200,,Thread Group 1-145,text,true,,236,303,3,3,http://localhost:8080/empresas,67,0,0
1775334361638,22,GET /roles,200,,Thread Group 1-147,text,true,,174,154,2,2,http://localhost:8080/roles,22,0,0
1775334361661,23,GET /gateways,200,,Thread Group 1-147,text,true,,174,167,2,2,http://localhost:8080/gateways/proceso/1,23,0,0
1775334361616,68,POST /empresas,200,,Thread Group 1-146,text,true,,236,303,2,2,http://localhost:8080/empresas,68,0,0
1775334361684,19,GET /arcos,200,,Thread Group 1-147,text,true,,174,164,2,2,http://localhost:8080/arcos/proceso/1,19,0,0
1775334361684,39,GET /empresas,200,,Thread Group 1-146,text,true,,74442,157,2,2,http://localhost:8080/empresas,38,0,0
1775334361723,15,GET /empleados,200,,Thread Group 1-146,text,true,,174,158,2,2,http://localhost:8080/empleados,15,0,0
1775334361739,28,GET /roles,200,,Thread Group 1-146,text,true,,174,154,2,2,http://localhost:8080/roles,28,0,0
1775334361703,81,POST /empresas,200,,Thread Group 1-147,text,true,,236,303,2,2,http://localhost:8080/empresas,81,0,0
1775334361768,29,GET /gateways,200,,Thread Group 1-146,text,true,,174,167,2,2,http://localhost:8080/gateways/proceso/1,29,0,0
1775334361784,35,GET /empresas,200,,Thread Group 1-147,text,true,,74506,157,2,2,http://localhost:8080/empresas,34,0,0
1775334361797,30,GET /arcos,200,,Thread Group 1-146,text,true,,174,164,2,2,http://localhost:8080/arcos/proceso/1,30,0,0
1775334361819,31,GET /empleados,200,,Thread Group 1-147,text,true,,174,158,2,2,http://localhost:8080/empleados,31,0,0
1775334361850,28,GET /roles,200,,Thread Group 1-147,text,true,,174,154,2,2,http://localhost:8080/roles,28,0,0
1775334361827,70,POST /empresas,200,,Thread Group 1-146,text,true,,236,303,3,3,http://localhost:8080/empresas,70,0,0
1775334361879,18,GET /gateways,200,,Thread Group 1-147,text,true,,174,167,3,3,http://localhost:8080/gateways/proceso/1,18,0,0
1775334361897,19,GET /arcos,200,,Thread Group 1-147,text,true,,174,164,2,2,http://localhost:8080/arcos/proceso/1,19,0,0
1775334361882,37,GET /empresas,200,,Thread Group 1-148,text,true,,74570,157,2,2,http://localhost:8080/empresas,37,0,0
1775334361920,23,GET /empleados,200,,Thread Group 1-148,text,true,,174,158,2,2,http://localhost:8080/empleados,22,0,0
1775334361943,26,GET /roles,200,,Thread Group 1-148,text,true,,174,154,2,2,http://localhost:8080/roles,26,0,0
1775334361969,21,GET /gateways,200,,Thread Group 1-148,text,true,,174,167,2,2,http://localhost:8080/gateways/proceso/1,21,0,0
1775334361916,74,POST /empresas,200,,Thread Group 1-147,text,true,,236,303,2,2,http://localhost:8080/empresas,74,0,0
1775334361991,22,GET /arcos,200,,Thread Group 1-148,text,true,,174,164,2,2,http://localhost:8080/arcos/proceso/1,22,0,0
1775334361991,39,GET /empresas,200,,Thread Group 1-147,text,true,,74634,157,2,2,http://localhost:8080/empresas,39,0,0
1775334362031,28,GET /empleados,200,,Thread Group 1-147,text,true,,174,158,2,2,http://localhost:8080/empleados,28,0,0
1775334362014,77,POST /empresas,200,,Thread Group 1-148,text,true,,236,303,2,2,http://localhost:8080/empresas,77,0,0
1775334362059,32,GET /roles,200,,Thread Group 1-147,text,true,,174,154,2,2,http://localhost:8080/roles,32,0,0
1775334362091,22,GET /gateways,200,,Thread Group 1-147,text,true,,174,167,2,2,http://localhost:8080/gateways/proceso/1,21,0,0
1775334362091,38,GET /empresas,200,,Thread Group 1-148,text,true,,74698,157,2,2,http://localhost:8080/empresas,37,0,0
1775334362113,26,GET /arcos,200,,Thread Group 1-147,text,true,,174,164,2,2,http://localhost:8080/arcos/proceso/1,25,0,0
1775334362130,22,GET /empleados,200,,Thread Group 1-148,text,true,,174,158,2,2,http://localhost:8080/empleados,22,0,0
1775334362152,14,GET /roles,200,,Thread Group 1-148,text,true,,174,154,2,2,http://localhost:8080/roles,14,0,0
1775334362166,24,GET /gateways,200,,Thread Group 1-148,text,true,,174,167,3,3,http://localhost:8080/gateways/proceso/1,24,0,0
1775334362139,78,POST /empresas,200,,Thread Group 1-147,text,true,,236,303,3,3,http://localhost:8080/empresas,78,0,0
1775334362190,27,GET /arcos,200,,Thread Group 1-148,text,true,,174,164,3,3,http://localhost:8080/arcos/proceso/1,27,0,0
1775334362185,35,GET /empresas,200,,Thread Group 1-149,text,true,,74698,157,2,2,http://localhost:8080/empresas,34,0,0
1775334362220,28,GET /empleados,200,,Thread Group 1-149,text,true,,174,158,2,2,http://localhost:8080/empleados,28,0,0
1775334362249,25,GET /roles,200,,Thread Group 1-149,text,true,,174,154,2,2,http://localhost:8080/roles,25,0,0
1775334362219,84,POST /empresas,200,,Thread Group 1-148,text,true,,236,303,2,2,http://localhost:8080/empresas,84,0,0
1775334362274,29,GET /gateways,200,,Thread Group 1-149,text,true,,174,167,2,2,http://localhost:8080/gateways/proceso/1,29,0,0
1775334362303,18,GET /arcos,200,,Thread Group 1-149,text,true,,174,164,2,2,http://localhost:8080/arcos/proceso/1,18,0,0
1775334362303,46,GET /empresas,200,,Thread Group 1-148,text,true,,74826,157,2,2,http://localhost:8080/empresas,45,0,0
1775334362349,25,GET /empleados,200,,Thread Group 1-148,text,true,,174,158,2,2,http://localhost:8080/empleados,25,0,0
1775334362322,77,POST /empresas,200,,Thread Group 1-149,text,true,,236,303,2,2,http://localhost:8080/empresas,77,0,0
1775334362374,25,GET /roles,200,,Thread Group 1-148,text,true,,174,154,2,2,http://localhost:8080/roles,25,0,0
1775334362399,19,GET /gateways,200,,Thread Group 1-148,text,true,,174,167,2,2,http://localhost:8080/gateways/proceso/1,19,0,0
1775334362399,34,GET /empresas,200,,Thread Group 1-149,text,true,,74890,157,2,2,http://localhost:8080/empresas,33,0,0
1775334362418,24,GET /arcos,200,,Thread Group 1-148,text,true,,174,164,2,2,http://localhost:8080/arcos/proceso/1,24,0,0
1775334362433,31,GET /empleados,200,,Thread Group 1-149,text,true,,174,158,2,2,http://localhost:8080/empleados,31,0,0
1775334362465,27,GET /roles,200,,Thread Group 1-149,text,true,,174,154,3,3,http://localhost:8080/roles,27,0,0
1775334362442,88,POST /empresas,200,,Thread Group 1-148,text,true,,236,303,3,3,http://localhost:8080/empresas,88,0,0
1775334362491,38,GET /gateways,200,,Thread Group 1-149,text,true,,174,167,3,3,http://localhost:8080/gateways/proceso/1,38,0,0
1775334362482,52,GET /empresas,200,,Thread Group 1-150,text,true,,74890,157,2,2,http://localhost:8080/empresas,51,0,0
1775334362533,23,GET /empleados,200,,Thread Group 1-150,text,true,,174,158,2,2,http://localhost:8080/empleados,23,0,0
1775334362530,26,GET /arcos,200,,Thread Group 1-149,text,true,,174,164,2,2,http://localhost:8080/arcos/proceso/1,26,0,0
1775334362556,26,GET /roles,200,,Thread Group 1-150,text,true,,174,154,2,2,http://localhost:8080/roles,26,0,0
1775334362582,22,GET /gateways,200,,Thread Group 1-150,text,true,,174,167,2,2,http://localhost:8080/gateways/proceso/1,22,0,0
1775334362556,72,POST /empresas,200,,Thread Group 1-149,text,true,,236,303,2,2,http://localhost:8080/empresas,71,0,0
1775334362604,24,GET /arcos,200,,Thread Group 1-150,text,true,,174,164,2,2,http://localhost:8080/arcos/proceso/1,23,0,0
1775334362628,35,GET /empresas,200,,Thread Group 1-149,text,true,,75018,157,2,2,http://localhost:8080/empresas,35,0,0
1775334362663,25,GET /empleados,200,,Thread Group 1-149,text,true,,174,158,2,2,http://localhost:8080/empleados,25,0,0
1775334362628,60,POST /empresas,200,,Thread Group 1-150,text,true,,236,303,2,2,http://localhost:8080/empresas,60,0,0
1775334362688,19,GET /roles,200,,Thread Group 1-149,text,true,,174,154,2,2,http://localhost:8080/roles,19,0,0
1775334362688,34,GET /empresas,200,,Thread Group 1-150,text,true,,75082,157,2,2,http://localhost:8080/empresas,33,0,0
1775334362707,24,GET /gateways,200,,Thread Group 1-149,text,true,,174,167,2,2,http://localhost:8080/gateways/proceso/1,24,0,0
1775334362731,21,GET /arcos,200,,Thread Group 1-149,text,true,,174,164,2,2,http://localhost:8080/arcos/proceso/1,21,0,0
1775334362722,30,GET /empleados,200,,Thread Group 1-150,text,true,,174,158,2,2,http://localhost:8080/empleados,30,0,0
1775334362752,28,GET /roles,200,,Thread Group 1-150,text,true,,174,154,3,3,http://localhost:8080/roles,28,0,0
1775334362781,19,GET /gateways,200,,Thread Group 1-150,text,true,,174,167,3,3,http://localhost:8080/gateways/proceso/1,19,0,0
1775334362780,37,GET /empresas,200,,Thread Group 1-151,text,true,,75082,157,3,3,http://localhost:8080/empresas,37,0,0
1775334362800,24,GET /arcos,200,,Thread Group 1-150,text,true,,174,164,3,3,http://localhost:8080/arcos/proceso/1,24,0,0
1775334362752,72,POST /empresas,200,,Thread Group 1-149,text,true,,236,303,3,3,http://localhost:8080/empresas,72,0,0
1775334362818,24,GET /empleados,200,,Thread Group 1-151,text,true,,174,158,2,2,http://localhost:8080/empleados,24,0,0
1775334362842,18,GET /roles,200,,Thread Group 1-151,text,true,,174,154,2,2,http://localhost:8080/roles,18,0,0
1775334362860,27,GET /gateways,200,,Thread Group 1-151,text,true,,174,167,2,2,http://localhost:8080/gateways/proceso/1,27,0,0
1775334362824,87,POST /empresas,200,,Thread Group 1-150,text,true,,236,303,2,2,http://localhost:8080/empresas,87,0,0
1775334362887,24,GET /arcos,200,,Thread Group 1-151,text,true,,174,164,2,2,http://localhost:8080/arcos/proceso/1,24,0,0
1775334362911,35,GET /empresas,200,,Thread Group 1-150,text,true,,75210,157,2,2,http://localhost:8080/empresas,35,0,0
1775334362947,26,GET /empleados,200,,Thread Group 1-150,text,true,,174,158,2,2,http://localhost:8080/empleados,26,0,0
1775334362911,62,POST /empresas,200,,Thread Group 1-151,text,true,,236,303,2,2,http://localhost:8080/empresas,62,0,0
1775334362974,21,GET /roles,200,,Thread Group 1-150,text,true,,174,154,2,2,http://localhost:8080/roles,21,0,0
1775334362974,37,GET /empresas,200,,Thread Group 1-151,text,true,,75274,157,2,2,http://localhost:8080/empresas,36,0,0
1775334362996,25,GET /gateways,200,,Thread Group 1-150,text,true,,174,167,2,2,http://localhost:8080/gateways/proceso/1,25,0,0
1775334363011,27,GET /empleados,200,,Thread Group 1-151,text,true,,174,158,2,2,http://localhost:8080/empleados,27,0,0
1775334363021,17,GET /arcos,200,,Thread Group 1-150,text,true,,174,164,2,2,http://localhost:8080/arcos/proceso/1,17,0,0
1775334363038,24,GET /roles,200,,Thread Group 1-151,text,true,,174,154,2,2,http://localhost:8080/roles,24,0,0
1775334363063,21,GET /gateways,200,,Thread Group 1-151,text,true,,174,167,3,3,http://localhost:8080/gateways/proceso/1,21,0,0
1775334363038,64,POST /empresas,200,,Thread Group 1-150,text,true,,236,303,3,3,http://localhost:8080/empresas,64,0,0
1775334363084,18,GET /arcos,200,,Thread Group 1-151,text,true,,174,164,3,3,http://localhost:8080/arcos/proceso/1,18,0,0
1775334363080,38,GET /empresas,200,,Thread Group 1-152,text,true,,75274,157,2,2,http://localhost:8080/empresas,37,0,0
1775334363118,28,GET /empleados,200,,Thread Group 1-152,text,true,,174,158,2,2,http://localhost:8080/empleados,28,0,0
1775334363147,29,GET /roles,200,,Thread Group 1-152,text,true,,174,154,2,2,http://localhost:8080/roles,29,0,0
1775334363102,93,POST /empresas,200,,Thread Group 1-151,text,true,,236,303,2,2,http://localhost:8080/empresas,93,0,0
1775334363177,29,GET /gateways,200,,Thread Group 1-152,text,true,,174,167,2,2,http://localhost:8080/gateways/proceso/1,29,0,0
1775334363206,24,GET /arcos,200,,Thread Group 1-152,text,true,,174,164,2,2,http://localhost:8080/arcos/proceso/1,24,0,0
1775334363195,38,GET /empresas,200,,Thread Group 1-151,text,true,,75402,157,2,2,http://localhost:8080/empresas,38,0,0
1775334363233,25,GET /empleados,200,,Thread Group 1-151,text,true,,174,158,2,2,http://localhost:8080/empleados,25,0,0
1775334363258,30,GET /roles,200,,Thread Group 1-151,text,true,,174,154,2,2,http://localhost:8080/roles,30,0,0
1775334363230,84,POST /empresas,200,,Thread Group 1-152,text,true,,236,303,2,2,http://localhost:8080/empresas,84,0,0
1775334363289,25,GET /gateways,200,,Thread Group 1-151,text,true,,174,167,2,2,http://localhost:8080/gateways/proceso/1,25,0,0
1775334363314,16,GET /arcos,200,,Thread Group 1-151,text,true,,174,164,2,2,http://localhost:8080/arcos/proceso/1,16,0,0
1775334363314,32,GET /empresas,200,,Thread Group 1-152,text,true,,75466,157,2,2,http://localhost:8080/empresas,32,0,0
1775334363347,26,GET /empleados,200,,Thread Group 1-152,text,true,,174,158,2,2,http://localhost:8080/empleados,26,0,0
1775334363373,23,GET /roles,200,,Thread Group 1-152,text,true,,174,154,3,3,http://localhost:8080/roles,23,0,0
1775334363330,80,POST /empresas,200,,Thread Group 1-151,text,true,,236,303,3,3,http://localhost:8080/empresas,80,0,0
1775334363380,34,GET /empresas,200,,Thread Group 1-153,text,true,,75466,157,2,2,http://localhost:8080/empresas,33,0,0
1775334363397,28,GET /gateways,200,,Thread Group 1-152,text,true,,174,167,2,2,http://localhost:8080/gateways/proceso/1,28,0,0
1775334363414,31,GET /empleados,200,,Thread Group 1-153,text,true,,174,158,2,2,http://localhost:8080/empleados,31,0,0
1775334363425,20,GET /arcos,200,,Thread Group 1-152,text,true,,174,164,2,2,http://localhost:8080/arcos/proceso/1,20,0,0
1775334363446,26,GET /roles,200,,Thread Group 1-153,text,true,,174,154,2,2,http://localhost:8080/roles,26,0,0
1775334363472,23,GET /gateways,200,,Thread Group 1-153,text,true,,174,167,2,2,http://localhost:8080/gateways/proceso/1,23,0,0
1775334363495,23,GET /arcos,200,,Thread Group 1-153,text,true,,174,164,2,2,http://localhost:8080/arcos/proceso/1,23,0,0
1775334363446,72,POST /empresas,200,,Thread Group 1-152,text,true,,236,303,2,2,http://localhost:8080/empresas,72,0,0
1775334363518,37,GET /empresas,200,,Thread Group 1-152,text,true,,75594,157,2,2,http://localhost:8080/empresas,37,0,0
1775334363518,72,POST /empresas,200,,Thread Group 1-153,text,true,,236,303,2,2,http://localhost:8080/empresas,72,0,0
1775334363555,35,GET /empleados,200,,Thread Group 1-152,text,true,,174,158,2,2,http://localhost:8080/empleados,35,0,0
1775334363590,20,GET /roles,200,,Thread Group 1-152,text,true,,174,154,2,2,http://localhost:8080/roles,20,0,0
1775334363610,49,GET /gateways,200,,Thread Group 1-152,text,true,,174,167,2,2,http://localhost:8080/gateways/proceso/1,49,0,0
1775334363590,71,GET /empresas,200,,Thread Group 1-153,text,true,,75658,157,2,2,http://localhost:8080/empresas,71,0,0
1775334363661,26,GET /empleados,200,,Thread Group 1-153,text,true,,174,158,3,3,http://localhost:8080/empleados,26,0,0
1775334363660,27,GET /arcos,200,,Thread Group 1-152,text,true,,174,164,3,3,http://localhost:8080/arcos/proceso/1,27,0,0
1775334363687,26,GET /roles,200,,Thread Group 1-153,text,true,,174,154,3,3,http://localhost:8080/roles,26,0,0
1775334363679,35,GET /empresas,200,,Thread Group 1-154,text,true,,75658,157,3,3,http://localhost:8080/empresas,35,0,0
1775334363713,27,GET /gateways,200,,Thread Group 1-153,text,true,,174,167,3,3,http://localhost:8080/gateways/proceso/1,27,0,0
1775334363716,24,GET /empleados,200,,Thread Group 1-154,text,true,,174,158,3,3,http://localhost:8080/empleados,24,0,0
1775334363740,25,GET /arcos,200,,Thread Group 1-153,text,true,,174,164,3,3,http://localhost:8080/arcos/proceso/1,25,0,0
1775334363740,25,GET /roles,200,,Thread Group 1-154,text,true,,174,154,3,3,http://localhost:8080/roles,25,0,0
1775334363687,78,POST /empresas,200,,Thread Group 1-152,text,true,,236,303,3,3,http://localhost:8080/empresas,78,0,0
1775334363765,26,GET /gateways,200,,Thread Group 1-154,text,true,,174,167,2,2,http://localhost:8080/gateways/proceso/1,25,0,0
1775334363791,23,GET /arcos,200,,Thread Group 1-154,text,true,,174,164,2,2,http://localhost:8080/arcos/proceso/1,23,0,0
1775334363765,76,POST /empresas,200,,Thread Group 1-153,text,true,,236,303,2,2,http://localhost:8080/empresas,76,0,0
1775334363814,62,POST /empresas,200,,Thread Group 1-154,text,true,,236,303,2,2,http://localhost:8080/empresas,62,0,0
1775334363842,42,GET /empresas,200,,Thread Group 1-153,text,true,,75786,157,2,2,http://localhost:8080/empresas,41,0,0
1775334363884,18,GET /empleados,200,,Thread Group 1-153,text,true,,174,158,2,2,http://localhost:8080/empleados,18,0,0
1775334363876,42,GET /empresas,200,,Thread Group 1-154,text,true,,75850,157,2,2,http://localhost:8080/empresas,41,0,0
1775334363902,25,GET /roles,200,,Thread Group 1-153,text,true,,174,154,2,2,http://localhost:8080/roles,25,0,0
1775334363918,31,GET /empleados,200,,Thread Group 1-154,text,true,,174,158,2,2,http://localhost:8080/empleados,31,0,0
1775334363927,22,GET /gateways,200,,Thread Group 1-153,text,true,,174,167,2,2,http://localhost:8080/gateways/proceso/1,22,0,0
1775334363949,27,GET /roles,200,,Thread Group 1-154,text,true,,174,154,2,2,http://localhost:8080/roles,26,0,0
1775334363949,27,GET /arcos,200,,Thread Group 1-153,text,true,,174,164,2,2,http://localhost:8080/arcos/proceso/1,26,0,0
1775334363976,24,GET /gateways,200,,Thread Group 1-154,text,true,,174,167,3,3,http://localhost:8080/gateways/proceso/1,24,0,0
1775334363981,36,GET /empresas,200,,Thread Group 1-155,text,true,,75850,157,3,3,http://localhost:8080/empresas,36,0,0
1775334364000,25,GET /arcos,200,,Thread Group 1-154,text,true,,174,164,3,3,http://localhost:8080/arcos/proceso/1,25,0,0
1775334364017,27,GET /empleados,200,,Thread Group 1-155,text,true,,174,158,3,3,http://localhost:8080/empleados,27,0,0
1775334363976,68,POST /empresas,200,,Thread Group 1-153,text,true,,236,303,3,3,http://localhost:8080/empresas,68,0,0
1775334364044,26,GET /roles,200,,Thread Group 1-155,text,true,,174,154,2,2,http://localhost:8080/roles,26,0,0
1775334364070,26,GET /gateways,200,,Thread Group 1-155,text,true,,174,167,2,2,http://localhost:8080/gateways/proceso/1,26,0,0
1775334364025,71,POST /empresas,200,,Thread Group 1-154,text,true,,236,303,2,2,http://localhost:8080/empresas,71,0,0
1775334364096,20,GET /arcos,200,,Thread Group 1-155,text,true,,174,164,2,2,http://localhost:8080/arcos/proceso/1,20,0,0
1775334364096,36,GET /empresas,200,,Thread Group 1-154,text,true,,75978,157,2,2,http://localhost:8080/empresas,36,0,0
1775334364133,26,GET /empleados,200,,Thread Group 1-154,text,true,,174,158,2,2,http://localhost:8080/empleados,26,0,0
1775334364160,14,GET /roles,200,,Thread Group 1-154,text,true,,174,154,2,2,http://localhost:8080/roles,14,0,0
1775334364174,27,GET /gateways,200,,Thread Group 1-154,text,true,,174,167,2,2,http://localhost:8080/gateways/proceso/1,27,0,0
1775334364117,84,POST /empresas,200,,Thread Group 1-155,text,true,,236,303,2,2,http://localhost:8080/empresas,84,0,0
1775334364201,20,GET /arcos,200,,Thread Group 1-154,text,true,,174,164,2,2,http://localhost:8080/arcos/proceso/1,19,0,0
1775334364201,36,GET /empresas,200,,Thread Group 1-155,text,true,,76042,157,2,2,http://localhost:8080/empresas,36,0,0
1775334364237,25,GET /empleados,200,,Thread Group 1-155,text,true,,174,158,2,2,http://localhost:8080/empleados,25,0,0
1775334364221,72,POST /empresas,200,,Thread Group 1-154,text,true,,236,303,3,3,http://localhost:8080/empresas,72,0,0
1775334364263,30,GET /roles,200,,Thread Group 1-155,text,true,,174,154,3,3,http://localhost:8080/roles,30,0,0
1775334364294,18,GET /gateways,200,,Thread Group 1-155,text,true,,174,167,2,2,http://localhost:8080/gateways/proceso/1,18,0,0
1775334364280,33,GET /empresas,200,,Thread Group 1-156,text,true,,76106,157,2,2,http://localhost:8080/empresas,33,0,0
1775334364313,26,GET /empleados,200,,Thread Group 1-156,text,true,,174,158,2,2,http://localhost:8080/empleados,26,0,0
1775334364312,27,GET /arcos,200,,Thread Group 1-155,text,true,,174,164,2,2,http://localhost:8080/arcos/proceso/1,27,0,0
1775334364339,22,GET /roles,200,,Thread Group 1-156,text,true,,174,154,2,2,http://localhost:8080/roles,22,0,0
1775334364362,24,GET /gateways,200,,Thread Group 1-156,text,true,,174,167,2,2,http://localhost:8080/gateways/proceso/1,24,0,0
1775334364339,74,POST /empresas,200,,Thread Group 1-155,text,true,,236,303,2,2,http://localhost:8080/empresas,74,0,0
1775334364387,26,GET /arcos,200,,Thread Group 1-156,text,true,,174,164,2,2,http://localhost:8080/arcos/proceso/1,26,0,0
1775334364414,36,GET /empresas,200,,Thread Group 1-155,text,true,,76170,157,2,2,http://localhost:8080/empresas,36,0,0
1775334364450,22,GET /empleados,200,,Thread Group 1-155,text,true,,174,158,2,2,http://localhost:8080/empleados,22,0,0
1775334364414,58,POST /empresas,200,,Thread Group 1-156,text,true,,236,303,2,2,http://localhost:8080/empresas,58,0,0
1775334364472,20,GET /roles,200,,Thread Group 1-155,text,true,,174,154,2,2,http://localhost:8080/roles,20,0,0
1775334364472,34,GET /empresas,200,,Thread Group 1-156,text,true,,76234,157,2,2,http://localhost:8080/empresas,34,0,0
1775334364493,24,GET /gateways,200,,Thread Group 1-155,text,true,,174,167,2,2,http://localhost:8080/gateways/proceso/1,24,0,0
1775334364506,25,GET /empleados,200,,Thread Group 1-156,text,true,,174,158,2,2,http://localhost:8080/empleados,25,0,0
1775334364517,29,GET /arcos,200,,Thread Group 1-155,text,true,,174,164,2,2,http://localhost:8080/arcos/proceso/1,29,0,0
1775334364531,15,GET /roles,200,,Thread Group 1-156,text,true,,174,154,2,2,http://localhost:8080/roles,15,0,0
1775334364546,21,GET /gateways,200,,Thread Group 1-156,text,true,,174,167,2,2,http://localhost:8080/gateways/proceso/1,21,0,0
1775334364567,28,GET /arcos,200,,Thread Group 1-156,text,true,,174,164,3,3,http://localhost:8080/arcos/proceso/1,28,0,0
1775334364546,63,POST /empresas,200,,Thread Group 1-155,text,true,,236,303,3,3,http://localhost:8080/empresas,63,0,0
1775334364580,32,GET /empresas,200,,Thread Group 1-157,text,true,,76234,157,2,2,http://localhost:8080/empresas,32,0,1
1775334364612,23,GET /empleados,200,,Thread Group 1-157,text,true,,174,158,2,2,http://localhost:8080/empleados,23,0,0
1775334364635,29,GET /roles,200,,Thread Group 1-157,text,true,,174,154,2,2,http://localhost:8080/roles,29,0,0
1775334364595,69,POST /empresas,200,,Thread Group 1-156,text,true,,236,303,2,2,http://localhost:8080/empresas,69,0,0
1775334364664,17,GET /gateways,200,,Thread Group 1-157,text,true,,174,167,2,2,http://localhost:8080/gateways/proceso/1,17,0,0
1775334364681,17,GET /arcos,200,,Thread Group 1-157,text,true,,174,164,2,2,http://localhost:8080/arcos/proceso/1,17,0,0
1775334364664,35,GET /empresas,200,,Thread Group 1-156,text,true,,76362,157,2,2,http://localhost:8080/empresas,34,0,0
1775334364699,23,GET /empleados,200,,Thread Group 1-156,text,true,,174,158,2,2,http://localhost:8080/empleados,23,0,0
1775334364722,28,GET /roles,200,,Thread Group 1-156,text,true,,174,154,2,2,http://localhost:8080/roles,28,0,0
1775334364751,24,GET /gateways,200,,Thread Group 1-156,text,true,,174,167,2,2,http://localhost:8080/gateways/proceso/1,24,0,0
1775334364699,76,POST /empresas,200,,Thread Group 1-157,text,true,,236,303,2,2,http://localhost:8080/empresas,76,0,0
1775334364776,18,GET /arcos,200,,Thread Group 1-156,text,true,,174,164,2,2,http://localhost:8080/arcos/proceso/1,18,0,0
1775334364776,34,GET /empresas,200,,Thread Group 1-157,text,true,,76426,157,2,2,http://localhost:8080/empresas,34,0,0
1775334364810,29,GET /empleados,200,,Thread Group 1-157,text,true,,174,158,2,2,http://localhost:8080/empleados,29,0,0
1775334364839,31,GET /roles,200,,Thread Group 1-157,text,true,,174,154,2,2,http://localhost:8080/roles,31,0,0
1775334364794,76,POST /empresas,200,,Thread Group 1-156,text,true,,236,303,2,2,http://localhost:8080/empresas,76,0,0
1775334364870,28,GET /gateways,200,,Thread Group 1-157,text,true,,174,167,2,2,http://localhost:8080/gateways/proceso/1,28,0,0
1775334364898,29,GET /arcos,200,,Thread Group 1-157,text,true,,174,164,2,2,http://localhost:8080/arcos/proceso/1,29,0,0
1775334364881,49,GET /empresas,200,,Thread Group 1-158,text,true,,76490,157,2,2,http://localhost:8080/empresas,48,0,0
1775334364930,25,GET /empleados,200,,Thread Group 1-158,text,true,,174,158,2,2,http://localhost:8080/empleados,25,0,0
1775334364955,23,GET /roles,200,,Thread Group 1-158,text,true,,174,154,2,2,http://localhost:8080/roles,23,0,0
1775334364927,74,POST /empresas,200,,Thread Group 1-157,text,true,,236,303,2,2,http://localhost:8080/empresas,74,0,0
1775334364979,22,GET /gateways,200,,Thread Group 1-158,text,true,,174,167,2,2,http://localhost:8080/gateways/proceso/1,22,0,0
1775334365001,18,GET /arcos,200,,Thread Group 1-158,text,true,,174,164,2,2,http://localhost:8080/arcos/proceso/1,18,0,0
1775334365001,34,GET /empresas,200,,Thread Group 1-157,text,true,,76554,157,2,2,http://localhost:8080/empresas,33,0,0
1775334365035,24,GET /empleados,200,,Thread Group 1-157,text,true,,174,158,2,2,http://localhost:8080/empleados,24,0,0
1775334365020,65,POST /empresas,200,,Thread Group 1-158,text,true,,236,303,2,2,http://localhost:8080/empresas,65,0,0
1775334365059,27,GET /roles,200,,Thread Group 1-157,text,true,,174,154,2,2,http://localhost:8080/roles,26,0,0
1775334365086,17,GET /gateways,200,,Thread Group 1-157,text,true,,174,167,2,2,http://localhost:8080/gateways/proceso/1,17,0,0
1775334365086,35,GET /empresas,200,,Thread Group 1-158,text,true,,76618,157,2,2,http://localhost:8080/empresas,35,0,0
1775334365104,28,GET /arcos,200,,Thread Group 1-157,text,true,,174,164,2,2,http://localhost:8080/arcos/proceso/1,28,0,0
1775334365122,27,GET /empleados,200,,Thread Group 1-158,text,true,,174,158,2,2,http://localhost:8080/empleados,27,0,0
1775334365150,33,GET /roles,200,,Thread Group 1-158,text,true,,174,154,3,3,http://localhost:8080/roles,33,0,0
1775334365132,68,POST /empresas,200,,Thread Group 1-157,text,true,,236,303,3,3,http://localhost:8080/empresas,68,0,0
1775334365183,17,GET /gateways,200,,Thread Group 1-158,text,true,,174,167,3,3,http://localhost:8080/gateways/proceso/1,17,0,0
1775334365180,38,GET /empresas,200,,Thread Group 1-159,text,true,,76618,157,2,2,http://localhost:8080/empresas,37,0,1
1775334365201,29,GET /arcos,200,,Thread Group 1-158,text,true,,174,164,2,2,http://localhost:8080/arcos/proceso/1,29,0,0
1775334365219,23,GET /empleados,200,,Thread Group 1-159,text,true,,174,158,2,2,http://localhost:8080/empleados,23,0,0
1775334365243,18,GET /roles,200,,Thread Group 1-159,text,true,,174,154,2,2,http://localhost:8080/roles,18,0,0
1775334365261,26,GET /gateways,200,,Thread Group 1-159,text,true,,174,167,2,2,http://localhost:8080/gateways/proceso/1,26,0,0
1775334365288,28,GET /arcos,200,,Thread Group 1-159,text,true,,174,164,2,2,http://localhost:8080/arcos/proceso/1,28,0,0
1775334365230,86,POST /empresas,200,,Thread Group 1-158,text,true,,236,303,2,2,http://localhost:8080/empresas,86,0,0
1775334365316,36,GET /empresas,200,,Thread Group 1-158,text,true,,76746,157,2,2,http://localhost:8080/empresas,36,0,0
1775334365353,25,GET /empleados,200,,Thread Group 1-158,text,true,,174,158,2,2,http://localhost:8080/empleados,25,0,0
1775334365316,70,POST /empresas,200,,Thread Group 1-159,text,true,,236,303,2,2,http://localhost:8080/empresas,70,0,0
1775334365378,26,GET /roles,200,,Thread Group 1-158,text,true,,174,154,2,2,http://localhost:8080/roles,26,0,0
1775334365405,26,GET /gateways,200,,Thread Group 1-158,text,true,,174,167,2,2,http://localhost:8080/gateways/proceso/1,26,0,0
1775334365387,46,GET /empresas,200,,Thread Group 1-159,text,true,,76810,157,2,2,http://localhost:8080/empresas,46,0,0
1775334365434,27,GET /empleados,200,,Thread Group 1-159,text,true,,174,158,2,2,http://localhost:8080/empleados,27,0,0
1775334365431,30,GET /arcos,200,,Thread Group 1-158,text,true,,174,164,2,2,http://localhost:8080/arcos/proceso/1,30,0,0
1775334365461,20,GET /roles,200,,Thread Group 1-159,text,true,,174,154,3,3,http://localhost:8080/roles,20,0,0
1775334365481,20,GET /gateways,200,,Thread Group 1-159,text,true,,174,167,3,3,http://localhost:8080/gateways/proceso/1,20,0,0
1775334365480,36,GET /empresas,200,,Thread Group 1-160,text,true,,76810,157,3,3,http://localhost:8080/empresas,35,0,0
1775334365501,28,GET /arcos,200,,Thread Group 1-159,text,true,,174,164,3,3,http://localhost:8080/arcos/proceso/1,28,0,0
1775334365461,68,POST /empresas,200,,Thread Group 1-158,text,true,,236,303,3,3,http://localhost:8080/empresas,68,0,0
1775334365516,26,GET /empleados,200,,Thread Group 1-160,text,true,,174,158,2,2,http://localhost:8080/empleados,26,0,0
1775334365542,28,GET /roles,200,,Thread Group 1-160,text,true,,174,154,2,2,http://localhost:8080/roles,28,0,0
1775334365571,25,GET /gateways,200,,Thread Group 1-160,text,true,,174,167,2,2,http://localhost:8080/gateways/proceso/1,25,0,0
1775334365529,67,POST /empresas,200,,Thread Group 1-159,text,true,,236,303,2,2,http://localhost:8080/empresas,67,0,0
1775334365596,19,GET /arcos,200,,Thread Group 1-160,text,true,,174,164,2,2,http://localhost:8080/arcos/proceso/1,19,0,0
1775334365596,33,GET /empresas,200,,Thread Group 1-159,text,true,,76938,157,2,2,http://localhost:8080/empresas,33,0,0
1775334365629,26,GET /empleados,200,,Thread Group 1-159,text,true,,174,158,2,2,http://localhost:8080/empleados,26,0,0
1775334365655,16,GET /roles,200,,Thread Group 1-159,text,true,,174,154,2,2,http://localhost:8080/roles,16,0,0
1775334365671,27,GET /gateways,200,,Thread Group 1-159,text,true,,174,167,2,2,http://localhost:8080/gateways/proceso/1,27,0,0
1775334365616,82,POST /empresas,200,,Thread Group 1-160,text,true,,236,303,2,2,http://localhost:8080/empresas,82,0,0
1775334365698,20,GET /arcos,200,,Thread Group 1-159,text,true,,174,164,2,2,http://localhost:8080/arcos/proceso/1,20,0,0
1775334365698,71,GET /empresas,200,,Thread Group 1-160,text,true,,77002,157,2,2,http://localhost:8080/empresas,70,0,0
1775334365769,20,GET /empleados,200,,Thread Group 1-160,text,true,,174,158,3,3,http://localhost:8080/empleados,20,0,0
1775334365720,95,POST /empresas,200,,Thread Group 1-159,text,true,,236,303,3,3,http://localhost:8080/empresas,95,0,0
1775334365790,25,GET /roles,200,,Thread Group 1-160,text,true,,174,154,3,3,http://localhost:8080/roles,25,0,0
1775334365781,37,GET /empresas,200,,Thread Group 1-161,text,true,,77002,157,2,2,http://localhost:8080/empresas,37,0,0
1775334365816,25,GET /gateways,200,,Thread Group 1-160,text,true,,174,167,2,2,http://localhost:8080/gateways/proceso/1,25,0,0
1775334365818,23,GET /empleados,200,,Thread Group 1-161,text,true,,174,158,2,2,http://localhost:8080/empleados,23,0,0
1775334365842,26,GET /arcos,200,,Thread Group 1-160,text,true,,174,164,2,2,http://localhost:8080/arcos/proceso/1,26,0,0
1775334365842,26,GET /roles,200,,Thread Group 1-161,text,true,,174,154,2,2,http://localhost:8080/roles,26,0,0
1775334365868,25,GET /gateways,200,,Thread Group 1-161,text,true,,174,167,2,2,http://localhost:8080/gateways/proceso/1,25,0,0
1775334365893,25,GET /arcos,200,,Thread Group 1-161,text,true,,174,164,2,2,http://localhost:8080/arcos/proceso/1,25,0,0
1775334365868,76,POST /empresas,200,,Thread Group 1-160,text,true,,236,303,2,2,http://localhost:8080/empresas,76,0,0
1775334365918,61,POST /empresas,200,,Thread Group 1-161,text,true,,236,303,2,2,http://localhost:8080/empresas,61,0,0
1775334365945,38,GET /empresas,200,,Thread Group 1-160,text,true,,77130,157,2,2,http://localhost:8080/empresas,37,0,0
1775334365983,19,GET /empleados,200,,Thread Group 1-160,text,true,,174,158,2,2,http://localhost:8080/empleados,19,0,0
1775334365980,36,GET /empresas,200,,Thread Group 1-161,text,true,,77194,157,2,2,http://localhost:8080/empresas,36,0,0
1775334366017,17,GET /empleados,200,,Thread Group 1-161,text,true,,174,158,2,2,http://localhost:8080/empleados,17,0,0
1775334366002,32,GET /roles,200,,Thread Group 1-160,text,true,,174,154,2,2,http://localhost:8080/roles,32,0,0
1775334366034,27,GET /gateways,200,,Thread Group 1-160,text,true,,174,167,2,2,http://localhost:8080/gateways/proceso/1,27,0,0
1775334366034,27,GET /roles,200,,Thread Group 1-161,text,true,,174,154,2,2,http://localhost:8080/roles,27,0,0
1775334366061,28,GET /arcos,200,,Thread Group 1-160,text,true,,174,164,3,3,http://localhost:8080/arcos/proceso/1,28,0,0
1775334366061,28,GET /gateways,200,,Thread Group 1-161,text,true,,174,167,3,3,http://localhost:8080/gateways/proceso/1,28,0,0
1775334366089,21,GET /arcos,200,,Thread Group 1-161,text,true,,174,164,3,3,http://localhost:8080/arcos/proceso/1,21,0,0
1775334366081,40,GET /empresas,200,,Thread Group 1-162,text,true,,77194,157,3,3,http://localhost:8080/empresas,39,0,0
1775334366121,37,GET /empleados,200,,Thread Group 1-162,text,true,,174,158,3,3,http://localhost:8080/empleados,37,0,0
1775334366089,83,POST /empresas,200,,Thread Group 1-160,text,true,,236,303,3,3,http://localhost:8080/empresas,83,0,0
1775334366158,24,GET /roles,200,,Thread Group 1-162,text,true,,174,154,2,2,http://localhost:8080/roles,24,0,0
1775334366110,72,POST /empresas,200,,Thread Group 1-161,text,true,,236,303,2,2,http://localhost:8080/empresas,72,0,0
1775334366183,25,GET /gateways,200,,Thread Group 1-162,text,true,,174,167,2,2,http://localhost:8080/gateways/proceso/1,25,0,0
1775334366183,41,GET /empresas,200,,Thread Group 1-161,text,true,,77322,157,2,2,http://localhost:8080/empresas,40,0,0
1775334366224,19,GET /empleados,200,,Thread Group 1-161,text,true,,174,158,2,2,http://localhost:8080/empleados,19,0,0
1775334366209,34,GET /arcos,200,,Thread Group 1-162,text,true,,174,164,2,2,http://localhost:8080/arcos/proceso/1,34,0,0
1775334366243,31,GET /roles,200,,Thread Group 1-161,text,true,,174,154,2,2,http://localhost:8080/roles,31,0,0
1775334366274,32,GET /gateways,200,,Thread Group 1-161,text,true,,174,167,2,2,http://localhost:8080/gateways/proceso/1,32,0,0
1775334366243,93,POST /empresas,200,,Thread Group 1-162,text,true,,236,303,2,2,http://localhost:8080/empresas,93,0,0
1775334366306,30,GET /arcos,200,,Thread Group 1-161,text,true,,174,164,2,2,http://localhost:8080/arcos/proceso/1,30,0,0
1775334366336,60,GET /empresas,200,,Thread Group 1-162,text,true,,77386,157,3,3,http://localhost:8080/empresas,59,0,0
1775334366336,89,POST /empresas,200,,Thread Group 1-161,text,true,,236,303,3,3,http://localhost:8080/empresas,89,0,0
1775334366396,29,GET /empleados,200,,Thread Group 1-162,text,true,,174,158,3,3,http://localhost:8080/empleados,29,0,0
1775334366380,57,GET /empresas,200,,Thread Group 1-163,text,true,,77386,157,2,2,http://localhost:8080/empresas,57,0,1
1775334366438,17,GET /empleados,200,,Thread Group 1-163,text,true,,174,158,2,2,http://localhost:8080/empleados,17,0,0
1775334366425,31,GET /roles,200,,Thread Group 1-162,text,true,,174,154,2,2,http://localhost:8080/roles,30,0,0
1775334366456,20,GET /roles,200,,Thread Group 1-163,text,true,,174,154,2,2,http://localhost:8080/roles,20,0,0
1775334366456,20,GET /gateways,200,,Thread Group 1-162,text,true,,174,167,2,2,http://localhost:8080/gateways/proceso/1,20,0,0
1775334366477,28,GET /gateways,200,,Thread Group 1-163,text,true,,174,167,2,2,http://localhost:8080/gateways/proceso/1,28,0,0
1775334366477,28,GET /arcos,200,,Thread Group 1-162,text,true,,174,164,2,2,http://localhost:8080/arcos/proceso/1,28,0,0
1775334366505,30,GET /arcos,200,,Thread Group 1-163,text,true,,174,164,2,2,http://localhost:8080/arcos/proceso/1,30,0,0
1775334366505,80,POST /empresas,200,,Thread Group 1-162,text,true,,236,303,2,2,http://localhost:8080/empresas,80,0,0
1775334366536,67,POST /empresas,200,,Thread Group 1-163,text,true,,236,303,2,2,http://localhost:8080/empresas,67,0,0
1775334366586,34,GET /empresas,200,,Thread Group 1-162,text,true,,77578,157,2,2,http://localhost:8080/empresas,33,0,0
1775334366620,34,GET /empleados,200,,Thread Group 1-162,text,true,,174,158,2,2,http://localhost:8080/empleados,34,0,0
1775334366603,54,GET /empresas,200,,Thread Group 1-163,text,true,,77578,157,2,2,http://localhost:8080/empresas,53,0,0
1775334366657,23,GET /empleados,200,,Thread Group 1-163,text,true,,174,158,3,3,http://localhost:8080/empleados,23,0,0
1775334366654,26,GET /roles,200,,Thread Group 1-162,text,true,,174,154,3,3,http://localhost:8080/roles,26,0,0
1775334366681,19,GET /gateways,200,,Thread Group 1-162,text,true,,174,167,3,3,http://localhost:8080/gateways/proceso/1,19,0,0
1775334366681,19,GET /roles,200,,Thread Group 1-163,text,true,,174,154,3,3,http://localhost:8080/roles,19,0,0
1775334366700,13,GET /arcos,200,,Thread Group 1-162,text,true,,174,164,3,3,http://localhost:8080/arcos/proceso/1,13,0,0
1775334366681,35,GET /empresas,200,,Thread Group 1-164,text,true,,77578,157,3,3,http://localhost:8080/empresas,34,0,1
1775334366700,25,GET /gateways,200,,Thread Group 1-163,text,true,,174,167,3,3,http://localhost:8080/gateways/proceso/1,25,0,0
1775334366720,17,GET /empleados,200,,Thread Group 1-164,text,true,,174,158,3,3,http://localhost:8080/empleados,17,0,0
1775334366738,18,GET /roles,200,,Thread Group 1-164,text,true,,174,154,3,3,http://localhost:8080/roles,18,0,0
1775334366725,31,GET /arcos,200,,Thread Group 1-163,text,true,,174,164,3,3,http://localhost:8080/arcos/proceso/1,31,0,0
1775334366756,22,GET /gateways,200,,Thread Group 1-164,text,true,,174,167,3,3,http://localhost:8080/gateways/proceso/1,22,0,0
1775334366713,65,POST /empresas,200,,Thread Group 1-162,text,true,,236,303,3,3,http://localhost:8080/empresas,65,0,0
1775334366778,29,GET /arcos,200,,Thread Group 1-164,text,true,,174,164,2,2,http://localhost:8080/arcos/proceso/1,29,0,0
1775334366756,76,POST /empresas,200,,Thread Group 1-163,text,true,,236,303,2,2,http://localhost:8080/empresas,76,0,0
1775334366832,38,GET /empresas,200,,Thread Group 1-163,text,true,,77643,157,2,2,http://localhost:8080/empresas,37,0,0
1775334366807,73,POST /empresas,200,,Thread Group 1-164,text,true,,236,303,2,2,http://localhost:8080/empresas,73,0,0
1775334366870,26,GET /empleados,200,,Thread Group 1-163,text,true,,174,158,2,2,http://localhost:8080/empleados,26,0,0
1775334366896,23,GET /roles,200,,Thread Group 1-163,text,true,,174,154,2,2,http://localhost:8080/roles,23,0,0
1775334366880,42,GET /empresas,200,,Thread Group 1-164,text,true,,77707,157,2,2,http://localhost:8080/empresas,42,0,0
1775334366923,25,GET /empleados,200,,Thread Group 1-164,text,true,,174,158,2,2,http://localhost:8080/empleados,25,0,0
1775334366919,29,GET /gateways,200,,Thread Group 1-163,text,true,,174,167,2,2,http://localhost:8080/gateways/proceso/1,29,0,0
1775334366948,22,GET /arcos,200,,Thread Group 1-163,text,true,,174,164,2,2,http://localhost:8080/arcos/proceso/1,22,0,0
1775334366948,22,GET /roles,200,,Thread Group 1-164,text,true,,174,154,2,2,http://localhost:8080/roles,22,0,0
1775334366970,23,GET /gateways,200,,Thread Group 1-164,text,true,,174,167,3,3,http://localhost:8080/gateways/proceso/1,23,0,0
1775334366993,35,GET /arcos,200,,Thread Group 1-164,text,true,,174,164,3,3,http://localhost:8080/arcos/proceso/1,35,0,0
1775334366979,52,GET /empresas,200,,Thread Group 1-165,text,true,,77707,157,3,3,http://localhost:8080/empresas,51,0,1
1775334367031,16,GET /empleados,200,,Thread Group 1-165,text,true,,174,158,3,3,http://localhost:8080/empleados,16,0,0
1775334366970,77,POST /empresas,200,,Thread Group 1-163,text,true,,236,303,3,3,http://localhost:8080/empresas,77,0,0
1775334367048,24,GET /roles,200,,Thread Group 1-165,text,true,,174,154,2,2,http://localhost:8080/roles,24,0,0
1775334367028,70,POST /empresas,200,,Thread Group 1-164,text,true,,236,303,2,2,http://localhost:8080/empresas,70,0,0
1775334367072,26,GET /gateways,200,,Thread Group 1-165,text,true,,174,167,2,2,http://localhost:8080/gateways/proceso/1,26,0,0
1775334367098,21,GET /arcos,200,,Thread Group 1-165,text,true,,174,164,2,2,http://localhost:8080/arcos/proceso/1,21,0,0
1775334367098,37,GET /empresas,200,,Thread Group 1-164,text,true,,77835,157,2,2,http://localhost:8080/empresas,36,0,0
1775334367135,24,GET /empleados,200,,Thread Group 1-164,text,true,,174,158,2,2,http://localhost:8080/empleados,24,0,0
1775334367119,70,POST /empresas,200,,Thread Group 1-165,text,true,,236,303,2,2,http://localhost:8080/empresas,70,0,0
1775334367160,29,GET /roles,200,,Thread Group 1-164,text,true,,174,154,2,2,http://localhost:8080/roles,29,0,0
1775334367189,21,GET /gateways,200,,Thread Group 1-164,text,true,,174,167,2,2,http://localhost:8080/gateways/proceso/1,21,0,0
1775334367189,37,GET /empresas,200,,Thread Group 1-165,text,true,,77899,157,2,2,http://localhost:8080/empresas,36,0,0
1775334367210,33,GET /arcos,200,,Thread Group 1-164,text,true,,174,164,2,2,http://localhost:8080/arcos/proceso/1,33,0,0
1775334367226,28,GET /empleados,200,,Thread Group 1-165,text,true,,174,158,2,2,http://localhost:8080/empleados,28,0,0
1775334367254,25,GET /roles,200,,Thread Group 1-165,text,true,,174,154,2,2,http://localhost:8080/roles,25,0,0
1775334367280,17,GET /gateways,200,,Thread Group 1-165,text,true,,174,167,3,3,http://localhost:8080/gateways/proceso/1,17,0,0
1775334367243,64,POST /empresas,200,,Thread Group 1-164,text,true,,236,303,3,3,http://localhost:8080/empresas,64,0,0
1775334367280,30,GET /empresas,200,,Thread Group 1-166,text,true,,77899,157,2,2,http://localhost:8080/empresas,29,0,0
1775334367297,27,GET /arcos,200,,Thread Group 1-165,text,true,,174,164,2,2,http://localhost:8080/arcos/proceso/1,27,0,0
1775334367310,23,GET /empleados,200,,Thread Group 1-166,text,true,,174,158,2,2,http://localhost:8080/empleados,23,0,0
1775334367333,17,GET /roles,200,,Thread Group 1-166,text,true,,174,154,2,2,http://localhost:8080/roles,17,0,0
1775334367350,28,GET /gateways,200,,Thread Group 1-166,text,true,,174,167,2,2,http://localhost:8080/gateways/proceso/1,28,0,0
1775334367378,22,GET /arcos,200,,Thread Group 1-166,text,true,,174,164,2,2,http://localhost:8080/arcos/proceso/1,22,0,0
1775334367325,75,POST /empresas,200,,Thread Group 1-165,text,true,,236,303,2,2,http://localhost:8080/empresas,75,0,0
1775334367401,27,GET /empresas,200,,Thread Group 1-165,text,true,,78027,157,2,2,http://localhost:8080/empresas,26,0,0
1775334367428,30,GET /empleados,200,,Thread Group 1-165,text,true,,174,158,2,2,http://localhost:8080/empleados,30,0,0
1775334367401,66,POST /empresas,200,,Thread Group 1-166,text,true,,236,303,2,2,http://localhost:8080/empresas,66,0,0
1775334367458,21,GET /roles,200,,Thread Group 1-165,text,true,,174,154,2,2,http://localhost:8080/roles,21,0,0
1775334367479,20,GET /gateways,200,,Thread Group 1-165,text,true,,174,167,2,2,http://localhost:8080/gateways/proceso/1,20,0,0
1775334367468,38,GET /empresas,200,,Thread Group 1-166,text,true,,78092,157,2,2,http://localhost:8080/empresas,37,0,0
1775334367499,27,GET /arcos,200,,Thread Group 1-165,text,true,,174,164,2,2,http://localhost:8080/arcos/proceso/1,27,0,0
1775334367507,20,GET /empleados,200,,Thread Group 1-166,text,true,,174,158,2,2,http://localhost:8080/empleados,20,0,0
1775334367527,26,GET /roles,200,,Thread Group 1-166,text,true,,174,154,2,2,http://localhost:8080/roles,26,0,0
1775334367554,30,GET /gateways,200,,Thread Group 1-166,text,true,,174,167,3,3,http://localhost:8080/gateways/proceso/1,30,0,0
1775334367527,80,POST /empresas,200,,Thread Group 1-165,text,true,,236,303,3,3,http://localhost:8080/empresas,80,0,0
1775334367584,23,GET /arcos,200,,Thread Group 1-166,text,true,,174,164,3,3,http://localhost:8080/arcos/proceso/1,23,0,0
1775334367579,32,GET /empresas,200,,Thread Group 1-167,text,true,,78092,157,2,2,http://localhost:8080/empresas,31,0,1
1775334367611,19,GET /empleados,200,,Thread Group 1-167,text,true,,174,158,2,2,http://localhost:8080/empleados,19,0,0
1775334367630,21,GET /roles,200,,Thread Group 1-167,text,true,,174,154,2,2,http://localhost:8080/roles,21,0,0
1775334367651,24,GET /gateways,200,,Thread Group 1-167,text,true,,174,167,2,2,http://localhost:8080/gateways/proceso/1,24,0,0
1775334367607,68,POST /empresas,200,,Thread Group 1-166,text,true,,236,303,2,2,http://localhost:8080/empresas,68,0,0
1775334367676,17,GET /arcos,200,,Thread Group 1-167,text,true,,174,164,2,2,http://localhost:8080/arcos/proceso/1,17,0,0
1775334367676,36,GET /empresas,200,,Thread Group 1-166,text,true,,78220,157,2,2,http://localhost:8080/empresas,36,0,0
1775334367712,24,GET /empleados,200,,Thread Group 1-166,text,true,,174,158,2,2,http://localhost:8080/empleados,24,0,0
1775334367694,71,POST /empresas,200,,Thread Group 1-167,text,true,,236,303,2,2,http://localhost:8080/empresas,71,0,0
1775334367737,28,GET /roles,200,,Thread Group 1-166,text,true,,174,154,2,2,http://localhost:8080/roles,28,0,0
1775334367765,21,GET /gateways,200,,Thread Group 1-166,text,true,,174,167,2,2,http://localhost:8080/gateways/proceso/1,21,0,0
1775334367765,33,GET /empresas,200,,Thread Group 1-167,text,true,,78284,157,2,2,http://localhost:8080/empresas,33,0,0
1775334367786,26,GET /arcos,200,,Thread Group 1-166,text,true,,174,164,2,2,http://localhost:8080/arcos/proceso/1,25,0,0
1775334367799,31,GET /empleados,200,,Thread Group 1-167,text,true,,174,158,2,2,http://localhost:8080/empleados,31,0,0
1775334367830,25,GET /roles,200,,Thread Group 1-167,text,true,,174,154,2,2,http://localhost:8080/roles,25,0,0
1775334367856,24,GET /gateways,200,,Thread Group 1-167,text,true,,174,167,3,3,http://localhost:8080/gateways/proceso/1,24,0,0
1775334367812,68,POST /empresas,200,,Thread Group 1-166,text,true,,236,303,3,3,http://localhost:8080/empresas,68,0,0
1775334367880,18,GET /arcos,200,,Thread Group 1-167,text,true,,174,164,2,2,http://localhost:8080/arcos/proceso/1,18,0,0
1775334367880,37,GET /empresas,200,,Thread Group 1-168,text,true,,78348,157,2,2,http://localhost:8080/empresas,36,0,1
1775334367917,33,GET /empleados,200,,Thread Group 1-168,text,true,,174,158,2,2,http://localhost:8080/empleados,33,0,0
1775334367899,76,POST /empresas,200,,Thread Group 1-167,text,true,,236,303,2,2,http://localhost:8080/empresas,76,0,0
1775334367950,25,GET /roles,200,,Thread Group 1-168,text,true,,174,154,2,2,http://localhost:8080/roles,25,0,0
1775334367975,24,GET /gateways,200,,Thread Group 1-168,text,true,,174,167,2,2,http://localhost:8080/gateways/proceso/1,24,0,0
1775334367975,38,GET /empresas,200,,Thread Group 1-167,text,true,,78412,157,2,2,http://localhost:8080/empresas,38,0,0
1775334367999,31,GET /arcos,200,,Thread Group 1-168,text,true,,174,164,2,2,http://localhost:8080/arcos/proceso/1,31,0,0
1775334368014,32,GET /empleados,200,,Thread Group 1-167,text,true,,174,158,2,2,http://localhost:8080/empleados,32,0,0
1775334368046,30,GET /roles,200,,Thread Group 1-167,text,true,,174,154,2,2,http://localhost:8080/roles,30,0,0
1775334368030,76,POST /empresas,200,,Thread Group 1-168,text,true,,236,303,2,2,http://localhost:8080/empresas,76,0,0
1775334368076,30,GET /gateways,200,,Thread Group 1-167,text,true,,174,167,2,2,http://localhost:8080/gateways/proceso/1,30,0,0
1775334368107,20,GET /arcos,200,,Thread Group 1-167,text,true,,174,164,2,2,http://localhost:8080/arcos/proceso/1,20,0,0
1775334368106,36,GET /empresas,200,,Thread Group 1-168,text,true,,78476,157,2,2,http://localhost:8080/empresas,36,0,0
1775334368142,22,GET /empleados,200,,Thread Group 1-168,text,true,,174,158,2,2,http://localhost:8080/empleados,22,0,0
1775334368164,21,GET /roles,200,,Thread Group 1-168,text,true,,174,154,3,3,http://localhost:8080/roles,21,0,0
1775334368185,21,GET /gateways,200,,Thread Group 1-168,text,true,,174,167,3,3,http://localhost:8080/gateways/proceso/1,21,0,0
1775334368127,79,POST /empresas,200,,Thread Group 1-167,text,true,,236,303,3,3,http://localhost:8080/empresas,79,0,0
1775334368180,29,GET /empresas,200,,Thread Group 1-169,text,true,,78476,157,2,2,http://localhost:8080/empresas,28,0,1
1775334368209,23,GET /empleados,200,,Thread Group 1-169,text,true,,174,158,2,2,http://localhost:8080/empleados,23,0,0
1775334368206,26,GET /arcos,200,,Thread Group 1-168,text,true,,174,164,2,2,http://localhost:8080/arcos/proceso/1,26,0,0
1775334368232,20,GET /roles,200,,Thread Group 1-169,text,true,,174,154,2,2,http://localhost:8080/roles,20,0,0
1775334368252,26,GET /gateways,200,,Thread Group 1-169,text,true,,174,167,2,2,http://localhost:8080/gateways/proceso/1,26,0,0
1775334368279,21,GET /arcos,200,,Thread Group 1-169,text,true,,174,164,2,2,http://localhost:8080/arcos/proceso/1,21,0,0
1775334368232,68,POST /empresas,200,,Thread Group 1-168,text,true,,236,303,2,2,http://localhost:8080/empresas,68,0,0
1775334368300,29,GET /empresas,200,,Thread Group 1-168,text,true,,78604,157,2,2,http://localhost:8080/empresas,29,0,0
1775334368330,19,GET /empleados,200,,Thread Group 1-168,text,true,,174,158,2,2,http://localhost:8080/empleados,19,0,0
1775334368349,29,GET /roles,200,,Thread Group 1-168,text,true,,174,154,2,2,http://localhost:8080/roles,29,0,0
1775334368300,78,POST /empresas,200,,Thread Group 1-169,text,true,,236,303,2,2,http://localhost:8080/empresas,78,0,0
1775334368378,17,GET /gateways,200,,Thread Group 1-168,text,true,,174,167,2,2,http://localhost:8080/gateways/proceso/1,17,0,0
1775334368378,37,GET /empresas,200,,Thread Group 1-169,text,true,,78668,157,2,2,http://localhost:8080/empresas,36,0,0
1775334368395,30,GET /arcos,200,,Thread Group 1-168,text,true,,174,164,2,2,http://localhost:8080/arcos/proceso/1,30,0,0
1775334368415,33,GET /empleados,200,,Thread Group 1-169,text,true,,174,158,2,2,http://localhost:8080/empleados,32,0,0
1775334368448,30,GET /roles,200,,Thread Group 1-169,text,true,,174,154,2,2,http://localhost:8080/roles,30,0,0
1775334368425,75,POST /empresas,200,,Thread Group 1-168,text,true,,236,303,3,3,http://localhost:8080/empresas,75,0,0
1775334368478,22,GET /gateways,200,,Thread Group 1-169,text,true,,174,167,3,3,http://localhost:8080/gateways/proceso/1,22,0,0
1775334368480,36,GET /empresas,200,,Thread Group 1-170,text,true,,78732,157,2,2,http://localhost:8080/empresas,35,0,1
1775334368500,28,GET /arcos,200,,Thread Group 1-169,text,true,,174,164,2,2,http://localhost:8080/arcos/proceso/1,28,0,0
1775334368516,24,GET /empleados,200,,Thread Group 1-170,text,true,,174,158,2,2,http://localhost:8080/empleados,24,0,0
1775334368540,18,GET /roles,200,,Thread Group 1-170,text,true,,174,154,2,2,http://localhost:8080/roles,18,0,0
1775334368558,28,GET /gateways,200,,Thread Group 1-170,text,true,,174,167,2,2,http://localhost:8080/gateways/proceso/1,28,0,0
1775334368528,81,POST /empresas,200,,Thread Group 1-169,text,true,,236,303,2,2,http://localhost:8080/empresas,81,0,0
1775334368586,23,GET /arcos,200,,Thread Group 1-170,text,true,,174,164,2,2,http://localhost:8080/arcos/proceso/1,23,0,0
1775334368610,31,GET /empresas,200,,Thread Group 1-169,text,true,,78796,157,2,2,http://localhost:8080/empresas,30,0,0
1775334368641,24,GET /empleados,200,,Thread Group 1-169,text,true,,174,158,2,2,http://localhost:8080/empleados,24,0,0
1775334368665,13,GET /roles,200,,Thread Group 1-169,text,true,,174,154,2,2,http://localhost:8080/roles,13,0,0
1775334368610,68,POST /empresas,200,,Thread Group 1-170,text,true,,236,303,2,2,http://localhost:8080/empresas,68,0,0
1775334368678,20,GET /gateways,200,,Thread Group 1-169,text,true,,174,167,2,2,http://localhost:8080/gateways/proceso/1,20,0,0
1775334368678,35,GET /empresas,200,,Thread Group 1-170,text,true,,78860,157,2,2,http://localhost:8080/empresas,35,0,0
1775334368698,28,GET /arcos,200,,Thread Group 1-169,text,true,,174,164,2,2,http://localhost:8080/arcos/proceso/1,28,0,0
1775334368713,28,GET /empleados,200,,Thread Group 1-170,text,true,,174,158,2,2,http://localhost:8080/empleados,28,0,0
1775334368741,24,GET /roles,200,,Thread Group 1-170,text,true,,174,154,2,2,http://localhost:8080/roles,24,0,0
1775334368765,24,GET /gateways,200,,Thread Group 1-170,text,true,,174,167,3,3,http://localhost:8080/gateways/proceso/1,24,0,0
1775334368726,63,POST /empresas,200,,Thread Group 1-169,text,true,,236,303,3,3,http://localhost:8080/empresas,63,0,0
1775334368789,25,GET /arcos,200,,Thread Group 1-170,text,true,,174,164,2,2,http://localhost:8080/arcos/proceso/1,25,0,0
1775334368780,37,GET /empresas,200,,Thread Group 1-171,text,true,,78924,157,2,2,http://localhost:8080/empresas,37,0,1
1775334368817,22,GET /empleados,200,,Thread Group 1-171,text,true,,174,158,2,2,http://localhost:8080/empleados,22,0,0
1775334368839,26,GET /roles,200,,Thread Group 1-171,text,true,,174,154,2,2,http://localhost:8080/roles,26,0,0
1775334368866,29,GET /gateways,200,,Thread Group 1-171,text,true,,174,167,2,2,http://localhost:8080/gateways/proceso/1,29,0,0
1775334368814,81,POST /empresas,200,,Thread Group 1-170,text,true,,236,303,2,2,http://localhost:8080/empresas,81,0,0
1775334368896,18,GET /arcos,200,,Thread Group 1-171,text,true,,174,164,2,2,http://localhost:8080/arcos/proceso/1,18,0,0
1775334368896,62,GET /empresas,200,,Thread Group 1-170,text,true,,78988,157,2,2,http://localhost:8080/empresas,62,0,0
1775334368958,24,GET /empleados,200,,Thread Group 1-170,text,true,,174,158,2,2,http://localhost:8080/empleados,24,0,0
1775334368915,95,POST /empresas,200,,Thread Group 1-171,text,true,,236,303,2,2,http://localhost:8080/empresas,95,0,0
1775334368982,28,GET /roles,200,,Thread Group 1-170,text,true,,174,154,2,2,http://localhost:8080/roles,28,0,0
1775334369010,36,GET /gateways,200,,Thread Group 1-170,text,true,,174,167,2,2,http://localhost:8080/gateways/proceso/1,36,0,0
1775334369010,39,GET /empresas,200,,Thread Group 1-171,text,true,,79052,157,2,2,http://localhost:8080/empresas,39,0,0
1775334369050,20,GET /empleados,200,,Thread Group 1-171,text,true,,174,158,2,2,http://localhost:8080/empleados,20,0,0
1775334369046,24,GET /arcos,200,,Thread Group 1-170,text,true,,174,164,2,2,http://localhost:8080/arcos/proceso/1,24,0,0
1775334369070,27,GET /roles,200,,Thread Group 1-171,text,true,,174,154,3,3,http://localhost:8080/roles,26,0,0
1775334369097,15,GET /gateways,200,,Thread Group 1-171,text,true,,174,167,3,3,http://localhost:8080/gateways/proceso/1,15,0,0
1775334369080,35,GET /empresas,200,,Thread Group 1-172,text,true,,79052,157,3,3,http://localhost:8080/empresas,34,0,1
1775334369115,24,GET /empleados,200,,Thread Group 1-172,text,true,,174,158,3,3,http://localhost:8080/empleados,23,0,0
1775334369112,27,GET /arcos,200,,Thread Group 1-171,text,true,,174,164,3,3,http://localhost:8080/arcos/proceso/1,26,0,0
1775334369070,69,POST /empresas,200,,Thread Group 1-170,text,true,,236,303,3,3,http://localhost:8080/empresas,68,0,0
1775334369139,28,GET /roles,200,,Thread Group 1-172,text,true,,174,154,2,2,http://localhost:8080/roles,28,0,0
1775334369168,23,GET /gateways,200,,Thread Group 1-172,text,true,,174,167,2,2,http://localhost:8080/gateways/proceso/1,23,0,0
1775334369191,27,GET /arcos,200,,Thread Group 1-172,text,true,,174,164,2,2,http://localhost:8080/arcos/proceso/1,27,0,0
1775334369139,79,POST /empresas,200,,Thread Group 1-171,text,true,,236,303,2,2,http://localhost:8080/empresas,79,0,0
1775334369222,29,GET /empresas,200,,Thread Group 1-171,text,true,,79180,157,2,2,http://localhost:8080/empresas,28,0,0
1775334369252,20,GET /empleados,200,,Thread Group 1-171,text,true,,174,158,2,2,http://localhost:8080/empleados,20,0,0
1775334369272,28,GET /roles,200,,Thread Group 1-171,text,true,,174,154,2,2,http://localhost:8080/roles,28,0,0
1775334369222,78,POST /empresas,200,,Thread Group 1-172,text,true,,236,303,2,2,http://localhost:8080/empresas,78,0,0
1775334369301,20,GET /gateways,200,,Thread Group 1-171,text,true,,174,167,2,2,http://localhost:8080/gateways/proceso/1,20,0,0
1775334369301,42,GET /empresas,200,,Thread Group 1-172,text,true,,79244,157,2,2,http://localhost:8080/empresas,36,0,0
1775334369322,25,GET /arcos,200,,Thread Group 1-171,text,true,,174,164,2,2,http://localhost:8080/arcos/proceso/1,25,0,0
1775334369343,24,GET /empleados,200,,Thread Group 1-172,text,true,,174,158,2,2,http://localhost:8080/empleados,24,0,0
1775334369368,26,GET /roles,200,,Thread Group 1-172,text,true,,174,154,3,3,http://localhost:8080/roles,26,0,0
1775334369347,63,POST /empresas,200,,Thread Group 1-171,text,true,,236,303,3,3,http://localhost:8080/empresas,63,0,0
1775334369394,16,GET /gateways,200,,Thread Group 1-172,text,true,,174,167,3,3,http://localhost:8080/gateways/proceso/1,16,0,0
1775334369380,34,GET /empresas,200,,Thread Group 1-173,text,true,,79244,157,2,2,http://localhost:8080/empresas,33,0,0
1775334369410,23,GET /arcos,200,,Thread Group 1-172,text,true,,174,164,2,2,http://localhost:8080/arcos/proceso/1,23,0,0
1775334369414,19,GET /empleados,200,,Thread Group 1-173,text,true,,174,158,2,2,http://localhost:8080/empleados,19,0,0
1775334369433,22,GET /roles,200,,Thread Group 1-173,text,true,,174,154,2,2,http://localhost:8080/roles,22,0,0
1775334369455,28,GET /gateways,200,,Thread Group 1-173,text,true,,174,167,2,2,http://localhost:8080/gateways/proceso/1,28,0,0
1775334369433,74,POST /empresas,200,,Thread Group 1-172,text,true,,236,303,2,2,http://localhost:8080/empresas,74,0,0
1775334369484,23,GET /arcos,200,,Thread Group 1-173,text,true,,174,164,2,2,http://localhost:8080/arcos/proceso/1,23,0,0
1775334369507,35,GET /empresas,200,,Thread Group 1-172,text,true,,79372,157,2,2,http://localhost:8080/empresas,30,0,0
1775334369507,67,POST /empresas,200,,Thread Group 1-173,text,true,,236,303,2,2,http://localhost:8080/empresas,67,0,0
1775334369542,32,GET /empleados,200,,Thread Group 1-172,text,true,,174,158,2,2,http://localhost:8080/empleados,32,0,0
1775334369574,16,GET /roles,200,,Thread Group 1-172,text,true,,174,154,2,2,http://localhost:8080/roles,16,0,0
1775334369574,31,GET /empresas,200,,Thread Group 1-173,text,true,,79436,157,2,2,http://localhost:8080/empresas,30,0,0
1775334369590,30,GET /gateways,200,,Thread Group 1-172,text,true,,174,167,2,2,http://localhost:8080/gateways/proceso/1,30,0,0
1775334369605,25,GET /empleados,200,,Thread Group 1-173,text,true,,174,158,2,2,http://localhost:8080/empleados,25,0,0
1775334369630,16,GET /roles,200,,Thread Group 1-173,text,true,,174,154,2,2,http://localhost:8080/roles,16,0,0
1775334369620,26,GET /arcos,200,,Thread Group 1-172,text,true,,174,164,2,2,http://localhost:8080/arcos/proceso/1,26,0,0
1775334369646,25,GET /gateways,200,,Thread Group 1-173,text,true,,174,167,2,2,http://localhost:8080/gateways/proceso/1,25,0,0
1775334369671,27,GET /arcos,200,,Thread Group 1-173,text,true,,174,164,3,3,http://localhost:8080/arcos/proceso/1,27,0,0
1775334369680,37,GET /empresas,200,,Thread Group 1-174,text,true,,79436,157,3,3,http://localhost:8080/empresas,37,0,1
1775334369646,79,POST /empresas,200,,Thread Group 1-172,text,true,,236,303,3,3,http://localhost:8080/empresas,79,0,0
1775334369721,22,GET /empleados,200,,Thread Group 1-174,text,true,,174,158,2,2,http://localhost:8080/empleados,22,0,0
1775334369698,73,POST /empresas,200,,Thread Group 1-173,text,true,,236,303,2,2,http://localhost:8080/empresas,73,0,0
1775334369743,28,GET /roles,200,,Thread Group 1-174,text,true,,174,154,2,2,http://localhost:8080/roles,28,0,0
1775334369771,20,GET /gateways,200,,Thread Group 1-174,text,true,,174,167,2,2,http://localhost:8080/gateways/proceso/1,20,0,0
1775334369771,30,GET /empresas,200,,Thread Group 1-173,text,true,,79564,157,2,2,http://localhost:8080/empresas,29,0,0
1775334369791,28,GET /arcos,200,,Thread Group 1-174,text,true,,174,164,2,2,http://localhost:8080/arcos/proceso/1,28,0,0
1775334369801,18,GET /empleados,200,,Thread Group 1-173,text,true,,174,158,2,2,http://localhost:8080/empleados,18,0,0
1775334369819,23,GET /roles,200,,Thread Group 1-173,text,true,,174,154,2,2,http://localhost:8080/roles,23,0,0
1775334369842,24,GET /gateways,200,,Thread Group 1-173,text,true,,174,167,2,2,http://localhost:8080/gateways/proceso/1,24,0,0
1775334369866,24,GET /arcos,200,,Thread Group 1-173,text,true,,174,164,2,2,http://localhost:8080/arcos/proceso/1,24,0,0
1775334369819,71,POST /empresas,200,,Thread Group 1-174,text,true,,236,303,2,2,http://localhost:8080/empresas,71,0,0
1775334369891,43,GET /empresas,200,,Thread Group 1-174,text,true,,79628,157,2,2,http://localhost:8080/empresas,42,0,0
1775334369891,66,POST /empresas,200,,Thread Group 1-173,text,true,,236,303,2,2,http://localhost:8080/empresas,66,0,0
1775334369934,23,GET /empleados,200,,Thread Group 1-174,text,true,,174,158,2,2,http://localhost:8080/empleados,23,0,0
1775334369957,20,GET /roles,200,,Thread Group 1-174,text,true,,174,154,1,1,http://localhost:8080/roles,20,0,0
1775334369977,26,GET /gateways,200,,Thread Group 1-174,text,true,,174,167,2,2,http://localhost:8080/gateways/proceso/1,26,0,0
1775334369980,29,GET /empresas,200,,Thread Group 1-175,text,true,,79692,157,2,2,http://localhost:8080/empresas,28,0,0
1775334370003,28,GET /arcos,200,,Thread Group 1-174,text,true,,174,164,2,2,http://localhost:8080/arcos/proceso/1,28,0,0
1775334370009,22,GET /empleados,200,,Thread Group 1-175,text,true,,174,158,2,2,http://localhost:8080/empleados,22,0,0
1775334370032,24,GET /roles,200,,Thread Group 1-175,text,true,,174,154,2,2,http://localhost:8080/roles,23,0,0
1775334370056,21,GET /gateways,200,,Thread Group 1-175,text,true,,174,167,2,2,http://localhost:8080/gateways/proceso/1,21,0,0
1775334370077,26,GET /arcos,200,,Thread Group 1-175,text,true,,174,164,2,2,http://localhost:8080/arcos/proceso/1,26,0,0
1775334370032,71,POST /empresas,200,,Thread Group 1-174,text,true,,236,303,2,2,http://localhost:8080/empresas,71,0,0
1775334370103,50,GET /empresas,200,,Thread Group 1-174,text,true,,79756,157,2,2,http://localhost:8080/empresas,50,0,0
1775334370103,59,POST /empresas,200,,Thread Group 1-175,text,true,,236,303,2,2,http://localhost:8080/empresas,59,0,0
1775334370154,26,GET /empleados,200,,Thread Group 1-174,text,true,,174,158,2,2,http://localhost:8080/empleados,26,0,0
1775334370163,34,GET /empresas,200,,Thread Group 1-175,text,true,,79820,157,2,2,http://localhost:8080/empresas,33,0,0
1775334370180,27,GET /roles,200,,Thread Group 1-174,text,true,,174,154,2,2,http://localhost:8080/roles,27,0,0
1775334370197,25,GET /empleados,200,,Thread Group 1-175,text,true,,174,158,2,2,http://localhost:8080/empleados,25,0,0
1775334370207,25,GET /gateways,200,,Thread Group 1-174,text,true,,174,167,2,2,http://localhost:8080/gateways/proceso/1,25,0,0
1775334370223,26,GET /roles,200,,Thread Group 1-175,text,true,,174,154,2,2,http://localhost:8080/roles,26,0,0
1775334370232,25,GET /arcos,200,,Thread Group 1-174,text,true,,174,164,2,2,http://localhost:8080/arcos/proceso/1,25,0,0
1775334370250,25,GET /gateways,200,,Thread Group 1-175,text,true,,174,167,2,2,http://localhost:8080/gateways/proceso/1,25,0,0
1775334370275,22,GET /arcos,200,,Thread Group 1-175,text,true,,174,164,3,3,http://localhost:8080/arcos/proceso/1,22,0,0
1775334370257,59,POST /empresas,200,,Thread Group 1-174,text,true,,236,303,3,3,http://localhost:8080/empresas,59,0,0
1775334370280,40,GET /empresas,200,,Thread Group 1-176,text,true,,79820,157,2,2,http://localhost:8080/empresas,39,0,0
1775334370320,17,GET /empleados,200,,Thread Group 1-176,text,true,,174,158,2,2,http://localhost:8080/empleados,17,0,0
1775334370297,63,POST /empresas,200,,Thread Group 1-175,text,true,,236,303,2,2,http://localhost:8080/empresas,63,0,0
1775334370337,23,GET /roles,200,,Thread Group 1-176,text,true,,174,154,2,2,http://localhost:8080/roles,23,0,0
1775334370360,21,GET /gateways,200,,Thread Group 1-176,text,true,,174,167,2,2,http://localhost:8080/gateways/proceso/1,21,0,0
1775334370360,26,GET /empresas,200,,Thread Group 1-175,text,true,,79948,157,2,2,http://localhost:8080/empresas,26,0,0
1775334370381,27,GET /arcos,200,,Thread Group 1-176,text,true,,174,164,2,2,http://localhost:8080/arcos/proceso/1,27,0,0
1775334370386,22,GET /empleados,200,,Thread Group 1-175,text,true,,174,158,2,2,http://localhost:8080/empleados,22,0,0
1775334370408,28,GET /roles,200,,Thread Group 1-175,text,true,,174,154,2,2,http://localhost:8080/roles,28,0,0
1775334370436,25,GET /gateways,200,,Thread Group 1-175,text,true,,174,167,2,2,http://localhost:8080/gateways/proceso/1,25,0,0
1775334370408,78,POST /empresas,200,,Thread Group 1-176,text,true,,236,303,2,2,http://localhost:8080/empresas,78,0,0
1775334370462,24,GET /arcos,200,,Thread Group 1-175,text,true,,174,164,2,2,http://localhost:8080/arcos/proceso/1,24,0,0
1775334370486,47,GET /empresas,200,,Thread Group 1-176,text,true,,80012,157,2,2,http://localhost:8080/empresas,47,0,0
1775334370534,21,GET /empleados,200,,Thread Group 1-176,text,true,,174,158,2,2,http://localhost:8080/empleados,21,0,0
1775334370486,69,POST /empresas,200,,Thread Group 1-175,text,true,,236,303,2,2,http://localhost:8080/empresas,69,0,0
1775334370555,27,GET /roles,200,,Thread Group 1-176,text,true,,174,154,2,2,http://localhost:8080/roles,27,0,0
1775334370583,20,GET /gateways,200,,Thread Group 1-176,text,true,,174,167,2,2,http://localhost:8080/gateways/proceso/1,20,0,0
1775334370580,32,GET /empresas,200,,Thread Group 1-177,text,true,,80076,157,2,2,http://localhost:8080/empresas,31,0,0
1775334370603,25,GET /arcos,200,,Thread Group 1-176,text,true,,174,164,2,2,http://localhost:8080/arcos/proceso/1,25,0,0
1775334370612,29,GET /empleados,200,,Thread Group 1-177,text,true,,174,158,2,2,http://localhost:8080/empleados,29,0,0
1775334370641,27,GET /roles,200,,Thread Group 1-177,text,true,,174,154,2,2,http://localhost:8080/roles,27,0,0
1775334370668,29,GET /gateways,200,,Thread Group 1-177,text,true,,174,167,2,2,http://localhost:8080/gateways/proceso/1,29,0,0
1775334370628,69,POST /empresas,200,,Thread Group 1-176,text,true,,236,303,2,2,http://localhost:8080/empresas,69,0,0
1775334370697,17,GET /arcos,200,,Thread Group 1-177,text,true,,174,164,2,2,http://localhost:8080/arcos/proceso/1,17,0,0
1775334370697,26,GET /empresas,200,,Thread Group 1-176,text,true,,80140,157,2,2,http://localhost:8080/empresas,26,0,0
1775334370723,18,GET /empleados,200,,Thread Group 1-176,text,true,,174,158,2,2,http://localhost:8080/empleados,18,0,0
1775334370742,23,GET /roles,200,,Thread Group 1-176,text,true,,174,154,2,2,http://localhost:8080/roles,23,0,0
1775334370714,74,POST /empresas,200,,Thread Group 1-177,text,true,,236,303,2,2,http://localhost:8080/empresas,74,0,0
1775334370765,23,GET /gateways,200,,Thread Group 1-176,text,true,,174,167,2,2,http://localhost:8080/gateways/proceso/1,23,0,0
1775334370788,16,GET /arcos,200,,Thread Group 1-176,text,true,,174,164,2,2,http://localhost:8080/arcos/proceso/1,16,0,0
1775334370788,31,GET /empresas,200,,Thread Group 1-177,text,true,,80204,157,2,2,http://localhost:8080/empresas,30,0,0
1775334370819,22,GET /empleados,200,,Thread Group 1-177,text,true,,174,158,2,2,http://localhost:8080/empleados,22,0,0
1775334370841,25,GET /roles,200,,Thread Group 1-177,text,true,,174,154,2,2,http://localhost:8080/roles,25,0,0
1775334370805,61,POST /empresas,200,,Thread Group 1-176,text,true,,236,303,2,2,http://localhost:8080/empresas,61,0,0
1775334370866,30,GET /gateways,200,,Thread Group 1-177,text,true,,174,167,2,2,http://localhost:8080/gateways/proceso/1,30,0,0
1775334370896,18,GET /arcos,200,,Thread Group 1-177,text,true,,174,164,2,2,http://localhost:8080/arcos/proceso/1,18,0,0
1775334370880,37,GET /empresas,200,,Thread Group 1-178,text,true,,80268,157,2,2,http://localhost:8080/empresas,36,0,1
1775334370917,22,GET /empleados,200,,Thread Group 1-178,text,true,,174,158,2,2,http://localhost:8080/empleados,22,0,0
1775334370939,21,GET /roles,200,,Thread Group 1-178,text,true,,174,154,2,2,http://localhost:8080/roles,21,0,0
1775334370960,23,GET /gateways,200,,Thread Group 1-178,text,true,,174,167,2,2,http://localhost:8080/gateways/proceso/1,23,0,0
1775334370914,69,POST /empresas,200,,Thread Group 1-177,text,true,,236,303,2,2,http://localhost:8080/empresas,69,0,0
1775334370984,21,GET /arcos,200,,Thread Group 1-178,text,true,,174,164,2,2,http://localhost:8080/arcos/proceso/1,21,0,0
1775334370984,30,GET /empresas,200,,Thread Group 1-177,text,true,,80332,157,2,2,http://localhost:8080/empresas,30,0,0
1775334371014,27,GET /empleados,200,,Thread Group 1-177,text,true,,174,158,2,2,http://localhost:8080/empleados,27,0,0
1775334371042,24,GET /roles,200,,Thread Group 1-177,text,true,,174,154,2,2,http://localhost:8080/roles,24,0,0
1775334371066,28,GET /gateways,200,,Thread Group 1-177,text,true,,174,167,2,2,http://localhost:8080/gateways/proceso/1,28,0,0
1775334371006,88,POST /empresas,200,,Thread Group 1-178,text,true,,236,303,2,2,http://localhost:8080/empresas,88,0,0
1775334371094,20,GET /arcos,200,,Thread Group 1-177,text,true,,174,164,2,2,http://localhost:8080/arcos/proceso/1,20,0,0
1775334371095,26,GET /empresas,200,,Thread Group 1-178,text,true,,80396,157,2,2,http://localhost:8080/empresas,25,0,0
1775334371121,18,GET /empleados,200,,Thread Group 1-178,text,true,,174,158,2,2,http://localhost:8080/empleados,18,0,0
1775334371139,25,GET /roles,200,,Thread Group 1-178,text,true,,174,154,2,2,http://localhost:8080/roles,25,0,0
1775334371114,75,POST /empresas,200,,Thread Group 1-177,text,true,,236,303,3,3,http://localhost:8080/empresas,74,0,0
1775334371164,25,GET /gateways,200,,Thread Group 1-178,text,true,,174,167,3,3,http://localhost:8080/gateways/proceso/1,24,0,0
1775334371189,24,GET /arcos,200,,Thread Group 1-178,text,true,,174,164,2,2,http://localhost:8080/arcos/proceso/1,24,0,0
1775334371180,34,GET /empresas,200,,Thread Group 1-179,text,true,,80460,157,2,2,http://localhost:8080/empresas,34,0,0
1775334371215,25,GET /empleados,200,,Thread Group 1-179,text,true,,174,158,2,2,http://localhost:8080/empleados,25,0,0
1775334371240,22,GET /roles,200,,Thread Group 1-179,text,true,,174,154,2,2,http://localhost:8080/roles,22,0,0
1775334371262,27,GET /gateways,200,,Thread Group 1-179,text,true,,174,167,2,2,http://localhost:8080/gateways/proceso/1,27,0,0
1775334371213,76,POST /empresas,200,,Thread Group 1-178,text,true,,236,303,2,2,http://localhost:8080/empresas,76,0,0
1775334371289,20,GET /arcos,200,,Thread Group 1-179,text,true,,174,164,2,2,http://localhost:8080/arcos/proceso/1,20,0,0
1775334371289,31,GET /empresas,200,,Thread Group 1-178,text,true,,80524,157,2,2,http://localhost:8080/empresas,30,0,0
1775334371320,17,GET /empleados,200,,Thread Group 1-178,text,true,,174,158,2,2,http://localhost:8080/empleados,17,0,0
1775334371338,22,GET /roles,200,,Thread Group 1-178,text,true,,174,154,2,2,http://localhost:8080/roles,22,0,0
1775334371310,77,POST /empresas,200,,Thread Group 1-179,text,true,,236,303,2,2,http://localhost:8080/empresas,77,0,0
1775334371360,27,GET /gateways,200,,Thread Group 1-178,text,true,,174,167,2,2,http://localhost:8080/gateways/proceso/1,27,0,0
1775334371387,17,GET /arcos,200,,Thread Group 1-178,text,true,,174,164,2,2,http://localhost:8080/arcos/proceso/1,17,0,0
1775334371387,30,GET /empresas,200,,Thread Group 1-179,text,true,,80588,157,2,2,http://localhost:8080/empresas,30,0,0
1775334371418,28,GET /empleados,200,,Thread Group 1-179,text,true,,174,158,2,2,http://localhost:8080/empleados,28,0,0
1775334371447,20,GET /roles,200,,Thread Group 1-179,text,true,,174,154,2,2,http://localhost:8080/roles,20,0,0
1775334371404,63,POST /empresas,200,,Thread Group 1-178,text,true,,236,303,2,2,http://localhost:8080/empresas,63,0,0
1775334371468,21,GET /gateways,200,,Thread Group 1-179,text,true,,174,167,2,2,http://localhost:8080/gateways/proceso/1,21,0,0
1775334371489,17,GET /arcos,200,,Thread Group 1-179,text,true,,174,164,2,2,http://localhost:8080/arcos/proceso/1,16,0,0
1775334371480,29,GET /empresas,200,,Thread Group 1-180,text,true,,80652,157,2,2,http://localhost:8080/empresas,28,0,0
1775334371509,28,GET /empleados,200,,Thread Group 1-180,text,true,,174,158,2,2,http://localhost:8080/empleados,28,0,0
1775334371537,23,GET /roles,200,,Thread Group 1-180,text,true,,174,154,2,2,http://localhost:8080/roles,23,0,0
1775334371506,77,POST /empresas,200,,Thread Group 1-179,text,true,,236,303,2,2,http://localhost:8080/empresas,77,0,0
1775334371560,23,GET /gateways,200,,Thread Group 1-180,text,true,,174,167,2,2,http://localhost:8080/gateways/proceso/1,23,0,0
1775334371583,20,GET /arcos,200,,Thread Group 1-180,text,true,,174,164,2,2,http://localhost:8080/arcos/proceso/1,20,0,0
1775334371583,30,GET /empresas,200,,Thread Group 1-179,text,true,,80716,157,2,2,http://localhost:8080/empresas,29,0,0
1775334371613,18,GET /empleados,200,,Thread Group 1-179,text,true,,174,158,2,2,http://localhost:8080/empleados,18,0,0
1775334371631,25,GET /roles,200,,Thread Group 1-179,text,true,,174,154,2,2,http://localhost:8080/roles,25,0,0
1775334371603,75,POST /empresas,200,,Thread Group 1-180,text,true,,236,303,2,2,http://localhost:8080/empresas,75,0,0
1775334371656,22,GET /gateways,200,,Thread Group 1-179,text,true,,174,167,2,2,http://localhost:8080/gateways/proceso/1,22,0,0
1775334371678,17,GET /arcos,200,,Thread Group 1-179,text,true,,174,164,2,2,http://localhost:8080/arcos/proceso/1,17,0,0
1775334371678,27,GET /empresas,200,,Thread Group 1-180,text,true,,80780,157,2,2,http://localhost:8080/empresas,26,0,0
1775334371705,18,GET /empleados,200,,Thread Group 1-180,text,true,,174,158,2,2,http://localhost:8080/empleados,18,0,0
1775334371723,21,GET /roles,200,,Thread Group 1-180,text,true,,174,154,2,2,http://localhost:8080/roles,21,0,0
1775334371745,20,GET /gateways,200,,Thread Group 1-180,text,true,,174,167,2,2,http://localhost:8080/gateways/proceso/1,20,0,0
1775334371696,69,POST /empresas,200,,Thread Group 1-179,text,true,,236,303,2,2,http://localhost:8080/empresas,69,0,0
1775334371766,27,GET /arcos,200,,Thread Group 1-180,text,true,,174,164,2,2,http://localhost:8080/arcos/proceso/1,27,0,0
1775334371781,28,GET /empresas,200,,Thread Group 1-181,text,true,,80844,157,2,2,http://localhost:8080/empresas,27,0,0
1775334371809,29,GET /empleados,200,,Thread Group 1-181,text,true,,174,158,2,2,http://localhost:8080/empleados,29,0,0
1775334371793,90,POST /empresas,200,,Thread Group 1-180,text,true,,236,303,2,2,http://localhost:8080/empresas,90,0,0
1775334371838,45,GET /roles,200,,Thread Group 1-181,text,true,,174,154,2,2,http://localhost:8080/roles,45,0,0
1775334371883,19,GET /gateways,200,,Thread Group 1-181,text,true,,174,167,2,2,http://localhost:8080/gateways/proceso/1,19,0,0
1775334371883,40,GET /empresas,200,,Thread Group 1-180,text,true,,80908,157,2,2,http://localhost:8080/empresas,40,0,0
1775334371903,27,GET /arcos,200,,Thread Group 1-181,text,true,,174,164,2,2,http://localhost:8080/arcos/proceso/1,27,0,0
1775334371924,21,GET /empleados,200,,Thread Group 1-180,text,true,,174,158,2,2,http://localhost:8080/empleados,20,0,0
1775334371945,14,GET /roles,200,,Thread Group 1-180,text,true,,174,154,2,2,http://localhost:8080/roles,14,0,0
1775334371959,26,GET /gateways,200,,Thread Group 1-180,text,true,,174,167,2,2,http://localhost:8080/gateways/proceso/1,26,0,0
1775334371931,80,POST /empresas,200,,Thread Group 1-181,text,true,,236,303,2,2,http://localhost:8080/empresas,80,0,0
1775334371986,25,GET /arcos,200,,Thread Group 1-180,text,true,,174,164,2,2,http://localhost:8080/arcos/proceso/1,25,0,0
1775334372011,38,GET /empresas,200,,Thread Group 1-181,text,true,,80972,157,2,2,http://localhost:8080/empresas,38,0,0
1775334372049,28,GET /empleados,200,,Thread Group 1-181,text,true,,174,158,2,2,http://localhost:8080/empleados,28,0,0
1775334372011,66,POST /empresas,200,,Thread Group 1-180,text,true,,236,303,2,2,http://localhost:8080/empresas,66,0,0
1775334372078,24,GET /roles,200,,Thread Group 1-181,text,true,,174,154,2,2,http://localhost:8080/roles,24,0,0
1775334372080,28,GET /empresas,200,,Thread Group 1-182,text,true,,81036,157,2,2,http://localhost:8080/empresas,27,0,1
1775334372108,26,GET /empleados,200,,Thread Group 1-182,text,true,,174,158,2,2,http://localhost:8080/empleados,26,0,0
1775334372102,32,GET /gateways,200,,Thread Group 1-181,text,true,,174,167,2,2,http://localhost:8080/gateways/proceso/1,32,0,0
1775334372135,24,GET /arcos,200,,Thread Group 1-181,text,true,,174,164,2,2,http://localhost:8080/arcos/proceso/1,24,0,0
1775334372135,24,GET /roles,200,,Thread Group 1-182,text,true,,174,154,2,2,http://localhost:8080/roles,24,0,0
1775334372159,24,GET /gateways,200,,Thread Group 1-182,text,true,,174,167,2,2,http://localhost:8080/gateways/proceso/1,24,0,0
1775334372183,26,GET /arcos,200,,Thread Group 1-182,text,true,,174,164,2,2,http://localhost:8080/arcos/proceso/1,26,0,0
1775334372159,73,POST /empresas,200,,Thread Group 1-181,text,true,,236,303,2,2,http://localhost:8080/empresas,73,0,0
1775334372233,27,GET /empresas,200,,Thread Group 1-181,text,true,,81100,157,2,2,http://localhost:8080/empresas,26,0,0
1775334372209,63,POST /empresas,200,,Thread Group 1-182,text,true,,236,303,2,2,http://localhost:8080/empresas,63,0,0
1775334372260,29,GET /empleados,200,,Thread Group 1-181,text,true,,174,158,2,2,http://localhost:8080/empleados,29,0,0
1775334372289,16,GET /roles,200,,Thread Group 1-181,text,true,,174,154,2,2,http://localhost:8080/roles,16,0,0
1775334372272,34,GET /empresas,200,,Thread Group 1-182,text,true,,81164,157,2,2,http://localhost:8080/empresas,34,0,0
1775334372305,29,GET /gateways,200,,Thread Group 1-181,text,true,,174,167,2,2,http://localhost:8080/gateways/proceso/1,29,0,0
1775334372306,28,GET /empleados,200,,Thread Group 1-182,text,true,,174,158,2,2,http://localhost:8080/empleados,28,0,0
1775334372335,27,GET /roles,200,,Thread Group 1-182,text,true,,174,154,2,2,http://localhost:8080/roles,27,0,0
1775334372335,27,GET /arcos,200,,Thread Group 1-181,text,true,,174,164,2,2,http://localhost:8080/arcos/proceso/1,27,0,0
1775334372363,25,GET /gateways,200,,Thread Group 1-182,text,true,,174,167,3,3,http://localhost:8080/gateways/proceso/1,25,0,0
1775334372388,17,GET /arcos,200,,Thread Group 1-182,text,true,,174,164,3,3,http://localhost:8080/arcos/proceso/1,17,0,0
1775334372380,38,GET /empresas,200,,Thread Group 1-183,text,true,,81164,157,3,3,http://localhost:8080/empresas,38,0,0
1775334372363,67,POST /empresas,200,,Thread Group 1-181,text,true,,236,303,3,3,http://localhost:8080/empresas,67,0,0
1775334372419,28,GET /empleados,200,,Thread Group 1-183,text,true,,174,158,2,2,http://localhost:8080/empleados,28,0,0
1775334372448,23,GET /roles,200,,Thread Group 1-183,text,true,,174,154,2,2,http://localhost:8080/roles,23,0,0
1775334372405,66,POST /empresas,200,,Thread Group 1-182,text,true,,236,303,2,2,http://localhost:8080/empresas,66,0,0
1775334372471,32,GET /gateways,200,,Thread Group 1-183,text,true,,174,167,2,2,http://localhost:8080/gateways/proceso/1,32,0,0
1775334372471,50,GET /empresas,200,,Thread Group 1-182,text,true,,81292,157,2,2,http://localhost:8080/empresas,50,0,0
1775334372503,30,GET /arcos,200,,Thread Group 1-183,text,true,,174,164,2,2,http://localhost:8080/arcos/proceso/1,30,0,0
1775334372522,21,GET /empleados,200,,Thread Group 1-182,text,true,,174,158,2,2,http://localhost:8080/empleados,21,0,0
1775334372543,18,GET /roles,200,,Thread Group 1-182,text,true,,174,154,2,2,http://localhost:8080/roles,18,0,0
1775334372561,30,GET /gateways,200,,Thread Group 1-182,text,true,,174,167,2,2,http://localhost:8080/gateways/proceso/1,30,0,0
1775334372533,86,POST /empresas,200,,Thread Group 1-183,text,true,,236,303,2,2,http://localhost:8080/empresas,86,0,0
1775334372591,28,GET /arcos,200,,Thread Group 1-182,text,true,,174,164,2,2,http://localhost:8080/arcos/proceso/1,28,0,0
1775334372620,36,GET /empresas,200,,Thread Group 1-183,text,true,,81356,157,2,2,http://localhost:8080/empresas,36,0,0
1775334372656,29,GET /empleados,200,,Thread Group 1-183,text,true,,174,158,3,3,http://localhost:8080/empleados,29,0,0
1775334372620,65,POST /empresas,200,,Thread Group 1-182,text,true,,236,303,3,3,http://localhost:8080/empresas,65,0,0
1775334372685,24,GET /roles,200,,Thread Group 1-183,text,true,,174,154,2,2,http://localhost:8080/roles,24,0,0
1775334372680,40,GET /empresas,200,,Thread Group 1-184,text,true,,81420,157,2,2,http://localhost:8080/empresas,39,0,0
1775334372709,26,GET /gateways,200,,Thread Group 1-183,text,true,,174,167,2,2,http://localhost:8080/gateways/proceso/1,26,0,0
1775334372722,29,GET /empleados,200,,Thread Group 1-184,text,true,,174,158,2,2,http://localhost:8080/empleados,29,0,0
1775334372735,29,GET /arcos,200,,Thread Group 1-183,text,true,,174,164,2,2,http://localhost:8080/arcos/proceso/1,29,0,0
1775334372751,13,GET /roles,200,,Thread Group 1-184,text,true,,174,154,2,2,http://localhost:8080/roles,13,0,0
1775334372764,17,GET /gateways,200,,Thread Group 1-184,text,true,,174,167,2,2,http://localhost:8080/gateways/proceso/1,17,0,0
1775334372781,27,GET /arcos,200,,Thread Group 1-184,text,true,,174,164,2,2,http://localhost:8080/arcos/proceso/1,27,0,0
1775334372764,66,POST /empresas,200,,Thread Group 1-183,text,true,,236,303,2,2,http://localhost:8080/empresas,66,0,0
1775334372830,41,GET /empresas,200,,Thread Group 1-183,text,true,,81484,157,2,2,http://localhost:8080/empresas,40,0,0
1775334372808,67,POST /empresas,200,,Thread Group 1-184,text,true,,236,303,2,2,http://localhost:8080/empresas,67,0,0
1775334372871,25,GET /empleados,200,,Thread Group 1-183,text,true,,174,158,2,2,http://localhost:8080/empleados,25,0,0
1775334372897,17,GET /roles,200,,Thread Group 1-183,text,true,,174,154,2,2,http://localhost:8080/roles,17,0,0
1775334372876,42,GET /empresas,200,,Thread Group 1-184,text,true,,81548,157,2,2,http://localhost:8080/empresas,41,0,0
1775334372919,18,GET /empleados,200,,Thread Group 1-184,text,true,,174,158,2,2,http://localhost:8080/empleados,18,0,0
1775334372914,23,GET /gateways,200,,Thread Group 1-183,text,true,,174,167,2,2,http://localhost:8080/gateways/proceso/1,23,0,0
1775334372938,26,GET /roles,200,,Thread Group 1-184,text,true,,174,154,2,2,http://localhost:8080/roles,26,0,0
1775334372938,26,GET /arcos,200,,Thread Group 1-183,text,true,,174,164,2,2,http://localhost:8080/arcos/proceso/1,26,0,0
1775334372965,27,GET /gateways,200,,Thread Group 1-184,text,true,,174,167,3,3,http://localhost:8080/gateways/proceso/1,27,0,0
1775334372980,35,GET /empresas,200,,Thread Group 1-185,text,true,,81548,157,3,3,http://localhost:8080/empresas,34,0,0
1775334372992,29,GET /arcos,200,,Thread Group 1-184,text,true,,174,164,3,3,http://localhost:8080/arcos/proceso/1,29,0,0
1775334373015,28,GET /empleados,200,,Thread Group 1-185,text,true,,174,158,3,3,http://localhost:8080/empleados,28,0,0
1775334372965,78,POST /empresas,200,,Thread Group 1-183,text,true,,236,303,3,3,http://localhost:8080/empresas,78,0,0
1775334373043,29,GET /roles,200,,Thread Group 1-185,text,true,,174,154,2,2,http://localhost:8080/roles,29,0,0
1775334373073,27,GET /gateways,200,,Thread Group 1-185,text,true,,174,167,2,2,http://localhost:8080/gateways/proceso/1,27,0,0
1775334373021,79,POST /empresas,200,,Thread Group 1-184,text,true,,236,303,2,2,http://localhost:8080/empresas,79,0,0
1775334373101,18,GET /arcos,200,,Thread Group 1-185,text,true,,174,164,2,2,http://localhost:8080/arcos/proceso/1,18,0,0
1775334373101,39,GET /empresas,200,,Thread Group 1-184,text,true,,81676,157,2,2,http://localhost:8080/empresas,38,0,0
1775334373140,20,GET /empleados,200,,Thread Group 1-184,text,true,,174,158,2,2,http://localhost:8080/empleados,20,0,0
1775334373160,27,GET /roles,200,,Thread Group 1-184,text,true,,174,154,2,2,http://localhost:8080/roles,27,0,0
1775334373120,67,POST /empresas,200,,Thread Group 1-185,text,true,,236,303,2,2,http://localhost:8080/empresas,67,0,0
1775334373187,20,GET /gateways,200,,Thread Group 1-184,text,true,,174,167,2,2,http://localhost:8080/gateways/proceso/1,20,0,0
1775334373207,14,GET /arcos,200,,Thread Group 1-184,text,true,,174,164,2,2,http://localhost:8080/arcos/proceso/1,14,0,0
1775334373187,37,GET /empresas,200,,Thread Group 1-185,text,true,,81740,157,2,2,http://localhost:8080/empresas,37,0,0
1775334373224,34,GET /empleados,200,,Thread Group 1-185,text,true,,174,158,2,2,http://localhost:8080/empleados,34,0,0
1775334373258,16,GET /roles,200,,Thread Group 1-185,text,true,,174,154,2,2,http://localhost:8080/roles,16,0,0
1775334373223,77,POST /empresas,200,,Thread Group 1-184,text,true,,236,303,3,3,http://localhost:8080/empresas,77,0,0
1775334373274,26,GET /gateways,200,,Thread Group 1-185,text,true,,174,167,3,3,http://localhost:8080/gateways/proceso/1,26,0,0
1775334373279,42,GET /empresas,200,,Thread Group 1-186,text,true,,81804,157,2,2,http://localhost:8080/empresas,42,0,1
1775334373301,27,GET /arcos,200,,Thread Group 1-185,text,true,,174,164,2,2,http://localhost:8080/arcos/proceso/1,27,0,0
1775334373321,21,GET /empleados,200,,Thread Group 1-186,text,true,,174,158,2,2,http://localhost:8080/empleados,21,0,0
1775334373342,28,GET /roles,200,,Thread Group 1-186,text,true,,174,154,2,2,http://localhost:8080/roles,28,0,0
1775334373370,31,GET /gateways,200,,Thread Group 1-186,text,true,,174,167,2,2,http://localhost:8080/gateways/proceso/1,31,0,0
1775334373328,87,POST /empresas,200,,Thread Group 1-185,text,true,,236,303,2,2,http://localhost:8080/empresas,87,0,0
1775334373402,24,GET /arcos,200,,Thread Group 1-186,text,true,,174,164,2,2,http://localhost:8080/arcos/proceso/1,24,0,0
1775334373415,31,GET /empresas,200,,Thread Group 1-185,text,true,,81868,157,2,2,http://localhost:8080/empresas,31,0,0
1775334373446,24,GET /empleados,200,,Thread Group 1-185,text,true,,174,158,2,2,http://localhost:8080/empleados,24,0,0
1775334373427,68,POST /empresas,200,,Thread Group 1-186,text,true,,236,303,2,2,http://localhost:8080/empresas,68,0,0
1775334373470,25,GET /roles,200,,Thread Group 1-185,text,true,,174,154,2,2,http://localhost:8080/roles,25,0,0
1775334373495,27,GET /gateways,200,,Thread Group 1-185,text,true,,174,167,2,2,http://localhost:8080/gateways/proceso/1,27,0,0
1775334373495,41,GET /empresas,200,,Thread Group 1-186,text,true,,81932,157,2,2,http://localhost:8080/empresas,40,0,0
1775334373522,27,GET /arcos,200,,Thread Group 1-185,text,true,,174,164,2,2,http://localhost:8080/arcos/proceso/1,27,0,0
1775334373536,28,GET /empleados,200,,Thread Group 1-186,text,true,,174,158,2,2,http://localhost:8080/empleados,28,0,0
1775334373564,20,GET /roles,200,,Thread Group 1-186,text,true,,174,154,3,3,http://localhost:8080/roles,19,0,0
1775334373580,30,GET /empresas,200,,Thread Group 1-187,text,true,,81932,157,3,3,http://localhost:8080/empresas,29,0,0
1775334373584,33,GET /gateways,200,,Thread Group 1-186,text,true,,174,167,3,3,http://localhost:8080/gateways/proceso/1,33,0,0
1775334373617,18,GET /arcos,200,,Thread Group 1-186,text,true,,174,164,3,3,http://localhost:8080/arcos/proceso/1,18,0,0
1775334373610,25,GET /empleados,200,,Thread Group 1-187,text,true,,174,158,3,3,http://localhost:8080/empleados,25,0,0
1775334373550,104,POST /empresas,200,,Thread Group 1-185,text,true,,236,303,3,3,http://localhost:8080/empresas,104,0,0
1775334373636,26,GET /roles,200,,Thread Group 1-187,text,true,,174,154,2,2,http://localhost:8080/roles,26,0,0
1775334373662,27,GET /gateways,200,,Thread Group 1-187,text,true,,174,167,2,2,http://localhost:8080/gateways/proceso/1,27,0,0
1775334373689,30,GET /arcos,200,,Thread Group 1-187,text,true,,174,164,2,2,http://localhost:8080/arcos/proceso/1,30,0,0
1775334373636,83,POST /empresas,200,,Thread Group 1-186,text,true,,236,303,2,2,http://localhost:8080/empresas,83,0,0
1775334373719,37,GET /empresas,200,,Thread Group 1-186,text,true,,82060,157,2,2,http://localhost:8080/empresas,36,0,0
1775334373756,21,GET /empleados,200,,Thread Group 1-186,text,true,,174,158,2,2,http://localhost:8080/empleados,21,0,0
1775334373719,58,POST /empresas,200,,Thread Group 1-187,text,true,,236,303,2,2,http://localhost:8080/empresas,58,0,0
1775334373777,22,GET /roles,200,,Thread Group 1-186,text,true,,174,154,2,2,http://localhost:8080/roles,22,0,0
1775334373800,18,GET /gateways,200,,Thread Group 1-186,text,true,,174,167,2,2,http://localhost:8080/gateways/proceso/1,18,0,0
1775334373777,44,GET /empresas,200,,Thread Group 1-187,text,true,,82124,157,2,2,http://localhost:8080/empresas,43,0,0
1775334373821,21,GET /empleados,200,,Thread Group 1-187,text,true,,174,158,2,2,http://localhost:8080/empleados,21,0,0
1775334373818,25,GET /arcos,200,,Thread Group 1-186,text,true,,174,164,2,2,http://localhost:8080/arcos/proceso/1,25,0,0
1775334373843,27,GET /roles,200,,Thread Group 1-187,text,true,,174,154,2,2,http://localhost:8080/roles,27,0,0
1775334373870,25,GET /gateways,200,,Thread Group 1-187,text,true,,174,167,3,3,http://localhost:8080/gateways/proceso/1,25,0,0
1775334373880,31,GET /empresas,200,,Thread Group 1-188,text,true,,82124,157,3,3,http://localhost:8080/empresas,30,0,0
1775334373843,79,POST /empresas,200,,Thread Group 1-186,text,true,,236,303,3,3,http://localhost:8080/empresas,79,0,0
1775334373896,26,GET /arcos,200,,Thread Group 1-187,text,true,,174,164,3,3,http://localhost:8080/arcos/proceso/1,26,0,0
1775334373911,27,GET /empleados,200,,Thread Group 1-188,text,true,,174,158,2,2,http://localhost:8080/empleados,27,0,0
1775334373938,24,GET /roles,200,,Thread Group 1-188,text,true,,174,154,2,2,http://localhost:8080/roles,24,0,0
1775334373962,28,GET /gateways,200,,Thread Group 1-188,text,true,,174,167,2,2,http://localhost:8080/gateways/proceso/1,28,0,0
1775334373923,78,POST /empresas,200,,Thread Group 1-187,text,true,,236,303,2,2,http://localhost:8080/empresas,78,0,0
1775334373990,27,GET /arcos,200,,Thread Group 1-188,text,true,,174,164,2,2,http://localhost:8080/arcos/proceso/1,27,0,0
1775334374001,36,GET /empresas,200,,Thread Group 1-187,text,true,,82258,157,2,2,http://localhost:8080/empresas,35,0,0
1775334374037,19,GET /empleados,200,,Thread Group 1-187,text,true,,174,158,2,2,http://localhost:8080/empleados,19,0,0
1775334374057,26,GET /roles,200,,Thread Group 1-187,text,true,,174,154,2,2,http://localhost:8080/roles,25,0,0
1775334374017,66,POST /empresas,200,,Thread Group 1-188,text,true,,236,303,2,2,http://localhost:8080/empresas,65,0,0
1775334374083,17,GET /gateways,200,,Thread Group 1-187,text,true,,174,167,2,2,http://localhost:8080/gateways/proceso/1,17,0,0
1775334374100,18,GET /arcos,200,,Thread Group 1-187,text,true,,174,164,2,2,http://localhost:8080/arcos/proceso/1,18,0,0
1775334374083,38,GET /empresas,200,,Thread Group 1-188,text,true,,82322,157,2,2,http://localhost:8080/empresas,37,0,0
1775334374121,22,GET /empleados,200,,Thread Group 1-188,text,true,,174,158,2,2,http://localhost:8080/empleados,21,0,0
1775334374143,23,GET /roles,200,,Thread Group 1-188,text,true,,174,154,2,2,http://localhost:8080/roles,23,0,0
1775334374167,28,GET /gateways,200,,Thread Group 1-188,text,true,,174,167,3,3,http://localhost:8080/gateways/proceso/1,28,0,0
1775334374118,77,POST /empresas,200,,Thread Group 1-187,text,true,,236,303,3,3,http://localhost:8080/empresas,77,0,0
1775334374180,27,GET /empresas,200,,Thread Group 1-189,text,true,,82386,157,2,2,http://localhost:8080/empresas,27,0,1
1775334374195,25,GET /arcos,200,,Thread Group 1-188,text,true,,174,164,2,2,http://localhost:8080/arcos/proceso/1,25,0,0
1775334374208,28,GET /empleados,200,,Thread Group 1-189,text,true,,174,158,2,2,http://localhost:8080/empleados,28,0,0
1775334374236,28,GET /roles,200,,Thread Group 1-189,text,true,,174,154,2,2,http://localhost:8080/roles,28,0,0
1775334374265,26,GET /gateways,200,,Thread Group 1-189,text,true,,174,167,2,2,http://localhost:8080/gateways/proceso/1,26,0,0
1775334374292,15,GET /arcos,200,,Thread Group 1-189,text,true,,174,164,2,2,http://localhost:8080/arcos/proceso/1,15,0,0
1775334374223,85,POST /empresas,200,,Thread Group 1-188,text,true,,236,303,2,2,http://localhost:8080/empresas,85,0,0
1775334374308,36,GET /empresas,200,,Thread Group 1-188,text,true,,82451,157,2,2,http://localhost:8080/empresas,35,0,0
1775334374344,21,GET /empleados,200,,Thread Group 1-188,text,true,,174,158,2,2,http://localhost:8080/empleados,21,0,0
1775334374308,57,POST /empresas,200,,Thread Group 1-189,text,true,,236,303,2,2,http://localhost:8080/empresas,57,0,0
1775334374366,18,GET /roles,200,,Thread Group 1-188,text,true,,174,154,2,2,http://localhost:8080/roles,18,0,0
1775334374384,17,GET /gateways,200,,Thread Group 1-188,text,true,,174,167,2,2,http://localhost:8080/gateways/proceso/1,17,0,0
1775334374366,38,GET /empresas,200,,Thread Group 1-189,text,true,,82515,157,2,2,http://localhost:8080/empresas,37,0,0
1775334374404,29,GET /empleados,200,,Thread Group 1-189,text,true,,174,158,2,2,http://localhost:8080/empleados,29,0,0
1775334374401,32,GET /arcos,200,,Thread Group 1-188,text,true,,174,164,2,2,http://localhost:8080/arcos/proceso/1,32,0,0
1775334374433,23,GET /roles,200,,Thread Group 1-189,text,true,,174,154,2,2,http://localhost:8080/roles,23,0,0
1775334374457,26,GET /gateways,200,,Thread Group 1-189,text,true,,174,167,3,3,http://localhost:8080/gateways/proceso/1,26,0,0
1775334374483,20,GET /arcos,200,,Thread Group 1-189,text,true,,174,164,3,3,http://localhost:8080/arcos/proceso/1,20,0,0
1775334374433,73,POST /empresas,200,,Thread Group 1-188,text,true,,236,303,3,3,http://localhost:8080/empresas,73,0,0
1775334374480,41,GET /empresas,200,,Thread Group 1-190,text,true,,82515,157,2,2,http://localhost:8080/empresas,41,0,1
1775334374521,29,GET /empleados,200,,Thread Group 1-190,text,true,,174,158,2,2,http://localhost:8080/empleados,29,0,0
1775334374503,72,POST /empresas,200,,Thread Group 1-189,text,true,,236,303,2,2,http://localhost:8080/empresas,72,0,0
1775334374551,24,GET /roles,200,,Thread Group 1-190,text,true,,174,154,2,2,http://localhost:8080/roles,24,0,0
1775334374575,17,GET /gateways,200,,Thread Group 1-190,text,true,,174,167,2,2,http://localhost:8080/gateways/proceso/1,17,0,0
1775334374592,20,GET /arcos,200,,Thread Group 1-190,text,true,,174,164,2,2,http://localhost:8080/arcos/proceso/1,20,0,0
1775334374575,41,GET /empresas,200,,Thread Group 1-189,text,true,,82643,157,2,2,http://localhost:8080/empresas,40,0,0
1775334374616,19,GET /empleados,200,,Thread Group 1-189,text,true,,174,158,2,2,http://localhost:8080/empleados,19,0,0
1775334374635,24,GET /roles,200,,Thread Group 1-189,text,true,,174,154,2,2,http://localhost:8080/roles,24,0,0
1775334374659,29,GET /gateways,200,,Thread Group 1-189,text,true,,174,167,2,2,http://localhost:8080/gateways/proceso/1,29,0,0
1775334374613,75,POST /empresas,200,,Thread Group 1-190,text,true,,236,303,2,2,http://localhost:8080/empresas,75,0,0
1775334374689,17,GET /arcos,200,,Thread Group 1-189,text,true,,174,164,2,2,http://localhost:8080/arcos/proceso/1,17,0,0
1775334374689,39,GET /empresas,200,,Thread Group 1-190,text,true,,82707,157,2,2,http://localhost:8080/empresas,39,0,0
1775334374729,21,GET /empleados,200,,Thread Group 1-190,text,true,,174,158,2,2,http://localhost:8080/empleados,21,0,0
1775334374707,69,POST /empresas,200,,Thread Group 1-189,text,true,,236,303,2,2,http://localhost:8080/empresas,69,0,0
1775334374751,25,GET /roles,200,,Thread Group 1-190,text,true,,174,154,2,2,http://localhost:8080/roles,25,0,0
1775334374777,22,GET /gateways,200,,Thread Group 1-190,text,true,,174,167,2,2,http://localhost:8080/gateways/proceso/1,22,0,0
1775334374799,28,GET /arcos,200,,Thread Group 1-190,text,true,,174,164,2,2,http://localhost:8080/arcos/proceso/1,28,0,0
1775334374780,51,GET /empresas,200,,Thread Group 1-191,text,true,,82771,157,2,2,http://localhost:8080/empresas,50,0,0
1775334374832,18,GET /empleados,200,,Thread Group 1-191,text,true,,174,158,2,2,http://localhost:8080/empleados,18,0,0
1775334374850,28,GET /roles,200,,Thread Group 1-191,text,true,,174,154,2,2,http://localhost:8080/roles,28,0,0
1775334374878,23,GET /gateways,200,,Thread Group 1-191,text,true,,174,167,2,2,http://localhost:8080/gateways/proceso/1,23,0,0
1775334374828,73,POST /empresas,200,,Thread Group 1-190,text,true,,236,303,2,2,http://localhost:8080/empresas,73,0,0
1775334374901,16,GET /arcos,200,,Thread Group 1-191,text,true,,174,164,2,2,http://localhost:8080/arcos/proceso/1,16,0,0
1775334374901,36,GET /empresas,200,,Thread Group 1-190,text,true,,82835,157,2,2,http://localhost:8080/empresas,36,0,0
1775334374938,24,GET /empleados,200,,Thread Group 1-190,text,true,,174,158,2,2,http://localhost:8080/empleados,24,0,0
1775334374962,24,GET /roles,200,,Thread Group 1-190,text,true,,174,154,2,2,http://localhost:8080/roles,24,0,0
1775334374917,91,POST /empresas,200,,Thread Group 1-191,text,true,,236,303,2,2,http://localhost:8080/empresas,90,0,0
1775334374986,22,GET /gateways,200,,Thread Group 1-190,text,true,,174,167,2,2,http://localhost:8080/gateways/proceso/1,21,0,0
1775334375008,16,GET /arcos,200,,Thread Group 1-190,text,true,,174,164,2,2,http://localhost:8080/arcos/proceso/1,15,0,0
1775334375008,40,GET /empresas,200,,Thread Group 1-191,text,true,,82899,157,2,2,http://localhost:8080/empresas,39,0,0
1775334375048,25,GET /empleados,200,,Thread Group 1-191,text,true,,174,158,2,2,http://localhost:8080/empleados,25,0,0
1775334375073,25,GET /roles,200,,Thread Group 1-191,text,true,,174,154,3,3,http://localhost:8080/roles,25,0,0
1775334375024,74,POST /empresas,200,,Thread Group 1-190,text,true,,236,303,3,3,http://localhost:8080/empresas,74,0,0
1775334375081,27,GET /empresas,200,,Thread Group 1-192,text,true,,82963,157,2,2,http://localhost:8080/empresas,26,0,0
1775334375098,23,GET /gateways,200,,Thread Group 1-191,text,true,,174,167,2,2,http://localhost:8080/gateways/proceso/1,22,0,0
1775334375108,24,GET /empleados,200,,Thread Group 1-192,text,true,,174,158,2,2,http://localhost:8080/empleados,24,0,0
1775334375121,25,GET /arcos,200,,Thread Group 1-191,text,true,,174,164,2,2,http://localhost:8080/arcos/proceso/1,25,0,0
1775334375133,24,GET /roles,200,,Thread Group 1-192,text,true,,174,154,2,2,http://localhost:8080/roles,24,0,0
1775334375157,17,GET /gateways,200,,Thread Group 1-192,text,true,,174,167,2,2,http://localhost:8080/gateways/proceso/1,17,0,0
1775334375175,24,GET /arcos,200,,Thread Group 1-192,text,true,,174,164,2,2,http://localhost:8080/arcos/proceso/1,24,0,0
1775334375146,80,POST /empresas,200,,Thread Group 1-191,text,true,,236,303,2,2,http://localhost:8080/empresas,80,0,0
1775334375200,61,POST /empresas,200,,Thread Group 1-192,text,true,,236,303,2,2,http://localhost:8080/empresas,61,0,0
1775334375226,38,GET /empresas,200,,Thread Group 1-191,text,true,,83027,157,2,2,http://localhost:8080/empresas,38,0,0
1775334375265,23,GET /empleados,200,,Thread Group 1-191,text,true,,174,158,2,2,http://localhost:8080/empleados,23,0,0
1775334375261,45,GET /empresas,200,,Thread Group 1-192,text,true,,83091,157,2,2,http://localhost:8080/empresas,45,0,0
1775334375288,28,GET /roles,200,,Thread Group 1-191,text,true,,174,154,2,2,http://localhost:8080/roles,28,0,0
1775334375317,18,GET /gateways,200,,Thread Group 1-191,text,true,,174,167,2,2,http://localhost:8080/gateways/proceso/1,18,0,0
1775334375307,28,GET /empleados,200,,Thread Group 1-192,text,true,,174,158,2,2,http://localhost:8080/empleados,28,0,0
1775334375335,24,GET /roles,200,,Thread Group 1-192,text,true,,174,154,2,2,http://localhost:8080/roles,24,0,0
1775334375335,24,GET /arcos,200,,Thread Group 1-191,text,true,,174,164,2,2,http://localhost:8080/arcos/proceso/1,24,0,0
1775334375360,25,GET /gateways,200,,Thread Group 1-192,text,true,,174,167,3,3,http://localhost:8080/gateways/proceso/1,25,0,0
1775334375385,31,GET /arcos,200,,Thread Group 1-192,text,true,,174,164,3,3,http://localhost:8080/arcos/proceso/1,31,0,0
1775334375379,38,GET /empresas,200,,Thread Group 1-193,text,true,,83091,157,3,3,http://localhost:8080/empresas,38,0,1
1775334375360,74,POST /empresas,200,,Thread Group 1-191,text,true,,236,303,3,3,http://localhost:8080/empresas,74,0,0
1775334375417,29,GET /empleados,200,,Thread Group 1-193,text,true,,174,158,2,2,http://localhost:8080/empleados,29,0,0
1775334375446,28,GET /roles,200,,Thread Group 1-193,text,true,,174,154,2,2,http://localhost:8080/roles,28,0,0
1775334375416,70,POST /empresas,200,,Thread Group 1-192,text,true,,236,303,2,2,http://localhost:8080/empresas,70,0,0
1775334375474,23,GET /gateways,200,,Thread Group 1-193,text,true,,174,167,2,2,http://localhost:8080/gateways/proceso/1,23,0,0
1775334375497,27,GET /arcos,200,,Thread Group 1-193,text,true,,174,164,2,2,http://localhost:8080/arcos/proceso/1,27,0,0
1775334375486,41,GET /empresas,200,,Thread Group 1-192,text,true,,83219,157,2,2,http://localhost:8080/empresas,40,0,0
1775334375527,20,GET /empleados,200,,Thread Group 1-192,text,true,,174,158,2,2,http://localhost:8080/empleados,20,0,0
1775334375547,24,GET /roles,200,,Thread Group 1-192,text,true,,174,154,2,2,http://localhost:8080/roles,24,0,0
1775334375524,82,POST /empresas,200,,Thread Group 1-193,text,true,,236,303,2,2,http://localhost:8080/empresas,82,0,0
1775334375571,35,GET /gateways,200,,Thread Group 1-192,text,true,,174,167,2,2,http://localhost:8080/gateways/proceso/1,35,0,0
1775334375606,18,GET /arcos,200,,Thread Group 1-192,text,true,,174,164,2,2,http://localhost:8080/arcos/proceso/1,18,0,0
1775334375606,36,GET /empresas,200,,Thread Group 1-193,text,true,,83283,157,2,2,http://localhost:8080/empresas,35,0,0
1775334375642,29,GET /empleados,200,,Thread Group 1-193,text,true,,174,158,2,2,http://localhost:8080/empleados,29,0,0
1775334375671,27,GET /roles,200,,Thread Group 1-193,text,true,,174,154,3,3,http://localhost:8080/roles,27,0,0
1775334375624,94,POST /empresas,200,,Thread Group 1-192,text,true,,236,303,3,3,http://localhost:8080/empresas,94,0,0
1775334375698,20,GET /gateways,200,,Thread Group 1-193,text,true,,174,167,3,3,http://localhost:8080/gateways/proceso/1,20,0,0
1775334375680,41,GET /empresas,200,,Thread Group 1-194,text,true,,83283,157,2,2,http://localhost:8080/empresas,41,0,0
1775334375718,28,GET /arcos,200,,Thread Group 1-193,text,true,,174,164,2,2,http://localhost:8080/arcos/proceso/1,28,0,0
1775334375723,23,GET /empleados,200,,Thread Group 1-194,text,true,,174,158,2,2,http://localhost:8080/empleados,23,0,0
1775334375746,27,GET /roles,200,,Thread Group 1-194,text,true,,174,154,2,2,http://localhost:8080/roles,27,0,0
1775334375773,27,GET /gateways,200,,Thread Group 1-194,text,true,,174,167,2,2,http://localhost:8080/gateways/proceso/1,27,0,0
1775334375800,30,GET /arcos,200,,Thread Group 1-194,text,true,,174,164,2,2,http://localhost:8080/arcos/proceso/1,30,0,0
1775334375746,84,POST /empresas,200,,Thread Group 1-193,text,true,,236,303,2,2,http://localhost:8080/empresas,84,0,0
1775334375830,41,GET /empresas,200,,Thread Group 1-193,text,true,,83348,157,2,2,http://localhost:8080/empresas,40,0,0
1775334375830,63,POST /empresas,200,,Thread Group 1-194,text,true,,236,303,2,2,http://localhost:8080/empresas,63,0,0
1775334375871,22,GET /empleados,200,,Thread Group 1-193,text,true,,174,158,2,2,http://localhost:8080/empleados,22,0,0
1775334375893,17,GET /roles,200,,Thread Group 1-193,text,true,,174,154,2,2,http://localhost:8080/roles,17,0,0
1775334375910,17,GET /gateways,200,,Thread Group 1-193,text,true,,174,167,2,2,http://localhost:8080/gateways/proceso/1,17,0,0
1775334375893,38,GET /empresas,200,,Thread Group 1-194,text,true,,83412,157,2,2,http://localhost:8080/empresas,37,0,0
1775334375932,24,GET /empleados,200,,Thread Group 1-194,text,true,,174,158,2,2,http://localhost:8080/empleados,24,0,0
1775334375928,28,GET /arcos,200,,Thread Group 1-193,text,true,,174,164,2,2,http://localhost:8080/arcos/proceso/1,28,0,0
1775334375957,20,GET /roles,200,,Thread Group 1-194,text,true,,174,154,2,2,http://localhost:8080/roles,20,0,0
1775334375977,25,GET /gateways,200,,Thread Group 1-194,text,true,,174,167,3,3,http://localhost:8080/gateways/proceso/1,25,0,0
1775334375957,86,POST /empresas,200,,Thread Group 1-193,text,true,,236,303,3,3,http://localhost:8080/empresas,86,0,0
1775334376003,40,GET /arcos,200,,Thread Group 1-194,text,true,,174,164,3,3,http://localhost:8080/arcos/proceso/1,40,0,0
1775334375980,68,GET /empresas,200,,Thread Group 1-195,text,true,,83412,157,2,2,http://localhost:8080/empresas,67,0,6
1775334376048,22,GET /empleados,200,,Thread Group 1-195,text,true,,174,158,2,2,http://localhost:8080/empleados,22,0,0
1775334376070,28,GET /roles,200,,Thread Group 1-195,text,true,,174,154,2,2,http://localhost:8080/roles,28,0,0
1775334376099,27,GET /gateways,200,,Thread Group 1-195,text,true,,174,167,2,2,http://localhost:8080/gateways/proceso/1,27,0,0
1775334376043,83,POST /empresas,200,,Thread Group 1-194,text,true,,236,303,2,2,http://localhost:8080/empresas,83,0,0
1775334376127,19,GET /arcos,200,,Thread Group 1-195,text,true,,174,164,2,2,http://localhost:8080/arcos/proceso/1,18,0,0
1775334376127,40,GET /empresas,200,,Thread Group 1-194,text,true,,83540,157,2,2,http://localhost:8080/empresas,40,0,0
1775334376167,18,GET /empleados,200,,Thread Group 1-194,text,true,,174,158,2,2,http://localhost:8080/empleados,18,0,0
1775334376146,67,POST /empresas,200,,Thread Group 1-195,text,true,,236,303,2,2,http://localhost:8080/empresas,67,0,0
1775334376185,28,GET /roles,200,,Thread Group 1-194,text,true,,174,154,2,2,http://localhost:8080/roles,28,0,0
1775334376214,19,GET /gateways,200,,Thread Group 1-194,text,true,,174,167,2,2,http://localhost:8080/gateways/proceso/1,19,0,0
1775334376233,23,GET /arcos,200,,Thread Group 1-194,text,true,,174,164,2,2,http://localhost:8080/arcos/proceso/1,23,0,0
1775334376214,45,GET /empresas,200,,Thread Group 1-195,text,true,,83604,157,2,2,http://localhost:8080/empresas,44,0,0
1775334376259,23,GET /empleados,200,,Thread Group 1-195,text,true,,174,158,3,3,http://localhost:8080/empleados,23,0,0
1775334376283,20,GET /roles,200,,Thread Group 1-195,text,true,,174,154,3,3,http://localhost:8080/roles,20,0,0
1775334376279,42,GET /empresas,200,,Thread Group 1-196,text,true,,83604,157,3,3,http://localhost:8080/empresas,42,0,1
1775334376304,30,GET /gateways,200,,Thread Group 1-195,text,true,,174,167,3,3,http://localhost:8080/gateways/proceso/1,30,0,0
1775334376256,78,POST /empresas,200,,Thread Group 1-194,text,true,,236,303,3,3,http://localhost:8080/empresas,78,0,0
1775334376322,27,GET /empleados,200,,Thread Group 1-196,text,true,,174,158,2,2,http://localhost:8080/empleados,27,0,0
1775334376334,15,GET /arcos,200,,Thread Group 1-195,text,true,,174,164,2,2,http://localhost:8080/arcos/proceso/1,15,0,0
1775334376350,26,GET /roles,200,,Thread Group 1-196,text,true,,174,154,2,2,http://localhost:8080/roles,26,0,0
1775334376376,26,GET /gateways,200,,Thread Group 1-196,text,true,,174,167,2,2,http://localhost:8080/gateways/proceso/1,26,0,0
1775334376350,75,POST /empresas,200,,Thread Group 1-195,text,true,,236,303,2,2,http://localhost:8080/empresas,75,0,0
1775334376403,22,GET /arcos,200,,Thread Group 1-196,text,true,,174,164,2,2,http://localhost:8080/arcos/proceso/1,22,0,0
1775334376426,38,GET /empresas,200,,Thread Group 1-195,text,true,,83732,157,2,2,http://localhost:8080/empresas,38,0,0
1775334376464,22,GET /empleados,200,,Thread Group 1-195,text,true,,174,158,2,2,http://localhost:8080/empleados,22,0,0
1775334376426,60,POST /empresas,200,,Thread Group 1-196,text,true,,236,303,2,2,http://localhost:8080/empresas,60,0,0
1775334376486,16,GET /roles,200,,Thread Group 1-195,text,true,,174,154,2,2,http://localhost:8080/roles,16,0,0
1775334376502,17,GET /gateways,200,,Thread Group 1-195,text,true,,174,167,2,2,http://localhost:8080/gateways/proceso/1,17,0,0
1775334376486,36,GET /empresas,200,,Thread Group 1-196,text,true,,83796,157,2,2,http://localhost:8080/empresas,36,0,0
1775334376522,24,GET /empleados,200,,Thread Group 1-196,text,true,,174,158,2,2,http://localhost:8080/empleados,24,0,0
1775334376519,27,GET /arcos,200,,Thread Group 1-195,text,true,,174,164,2,2,http://localhost:8080/arcos/proceso/1,27,0,0
1775334376547,24,GET /roles,200,,Thread Group 1-196,text,true,,174,154,2,2,http://localhost:8080/roles,23,0,0
1775334376571,24,GET /gateways,200,,Thread Group 1-196,text,true,,174,167,3,3,http://localhost:8080/gateways/proceso/1,24,0,0
1775334376547,67,POST /empresas,200,,Thread Group 1-195,text,true,,236,303,3,3,http://localhost:8080/empresas,67,0,0
1775334376595,19,GET /arcos,200,,Thread Group 1-196,text,true,,174,164,3,3,http://localhost:8080/arcos/proceso/1,19,0,0
1775334376580,38,GET /empresas,200,,Thread Group 1-197,text,true,,83796,157,2,2,http://localhost:8080/empresas,37,0,1
1775334376618,21,GET /empleados,200,,Thread Group 1-197,text,true,,174,158,2,2,http://localhost:8080/empleados,21,0,0
1775334376640,22,GET /roles,200,,Thread Group 1-197,text,true,,174,154,2,2,http://localhost:8080/roles,22,0,0
1775334376662,23,GET /gateways,200,,Thread Group 1-197,text,true,,174,167,2,2,http://localhost:8080/gateways/proceso/1,23,0,0
1775334376615,70,POST /empresas,200,,Thread Group 1-196,text,true,,236,303,2,2,http://localhost:8080/empresas,70,0,0
1775334376686,17,GET /arcos,200,,Thread Group 1-197,text,true,,174,164,2,2,http://localhost:8080/arcos/proceso/1,17,0,0
1775334376686,37,GET /empresas,200,,Thread Group 1-196,text,true,,83924,157,2,2,http://localhost:8080/empresas,36,0,0
1775334376724,22,GET /empleados,200,,Thread Group 1-196,text,true,,174,158,2,2,http://localhost:8080/empleados,22,0,0
1775334376703,64,POST /empresas,200,,Thread Group 1-197,text,true,,236,303,2,2,http://localhost:8080/empresas,64,0,0
1775334376746,21,GET /roles,200,,Thread Group 1-196,text,true,,174,154,2,2,http://localhost:8080/roles,21,0,0
1775334376767,16,GET /gateways,200,,Thread Group 1-196,text,true,,174,167,2,2,http://localhost:8080/gateways/proceso/1,16,0,0
1775334376783,18,GET /arcos,200,,Thread Group 1-196,text,true,,174,164,2,2,http://localhost:8080/arcos/proceso/1,18,0,0
1775334376767,37,GET /empresas,200,,Thread Group 1-197,text,true,,83988,157,2,2,http://localhost:8080/empresas,36,0,0
1775334376804,26,GET /empleados,200,,Thread Group 1-197,text,true,,174,158,2,2,http://localhost:8080/empleados,26,0,0
1775334376831,23,GET /roles,200,,Thread Group 1-197,text,true,,174,154,2,2,http://localhost:8080/roles,23,0,0
1775334376801,81,POST /empresas,200,,Thread Group 1-196,text,true,,236,303,3,3,http://localhost:8080/empresas,81,0,0
1775334376855,27,GET /gateways,200,,Thread Group 1-197,text,true,,174,167,3,3,http://localhost:8080/gateways/proceso/1,27,0,0
1775334376882,20,GET /arcos,200,,Thread Group 1-197,text,true,,174,164,2,2,http://localhost:8080/arcos/proceso/1,20,0,0
1775334376880,39,GET /empresas,200,,Thread Group 1-198,text,true,,84052,157,2,2,http://localhost:8080/empresas,38,0,1
1775334376920,12,GET /empleados,200,,Thread Group 1-198,text,true,,174,158,2,2,http://localhost:8080/empleados,12,0,0
1775334376932,28,GET /roles,200,,Thread Group 1-198,text,true,,174,154,2,2,http://localhost:8080/roles,28,0,0
1775334376960,26,GET /gateways,200,,Thread Group 1-198,text,true,,174,167,2,2,http://localhost:8080/gateways/proceso/1,26,0,0
1775334376902,84,POST /empresas,200,,Thread Group 1-197,text,true,,236,303,2,2,http://localhost:8080/empresas,84,0,0
1775334376986,20,GET /arcos,200,,Thread Group 1-198,text,true,,174,164,2,2,http://localhost:8080/arcos/proceso/1,20,0,0
1775334376986,34,GET /empresas,200,,Thread Group 1-197,text,true,,84116,157,2,2,http://localhost:8080/empresas,33,0,0
1775334377020,24,GET /empleados,200,,Thread Group 1-197,text,true,,174,158,2,2,http://localhost:8080/empleados,24,0,0
1775334377006,67,POST /empresas,200,,Thread Group 1-198,text,true,,236,303,2,2,http://localhost:8080/empresas,67,0,0
1775334377044,29,GET /roles,200,,Thread Group 1-197,text,true,,174,154,2,2,http://localhost:8080/roles,29,0,0
1775334377074,21,GET /gateways,200,,Thread Group 1-197,text,true,,174,167,2,2,http://localhost:8080/gateways/proceso/1,21,0,0
1775334377095,17,GET /arcos,200,,Thread Group 1-197,text,true,,174,164,2,2,http://localhost:8080/arcos/proceso/1,17,0,0
1775334377074,41,GET /empresas,200,,Thread Group 1-198,text,true,,84180,157,2,2,http://localhost:8080/empresas,41,0,0
1775334377116,23,GET /empleados,200,,Thread Group 1-198,text,true,,174,158,2,2,http://localhost:8080/empleados,23,0,0
1775334377140,26,GET /roles,200,,Thread Group 1-198,text,true,,174,154,2,2,http://localhost:8080/roles,26,0,0
1775334377166,28,GET /gateways,200,,Thread Group 1-198,text,true,,174,167,3,3,http://localhost:8080/gateways/proceso/1,28,0,0
1775334377113,87,POST /empresas,200,,Thread Group 1-197,text,true,,236,303,3,3,http://localhost:8080/empresas,87,0,0
1775334377194,38,GET /arcos,200,,Thread Group 1-198,text,true,,174,164,2,2,http://localhost:8080/arcos/proceso/1,38,0,0
1775334377180,55,GET /empresas,200,,Thread Group 1-199,text,true,,84244,157,2,2,http://localhost:8080/empresas,54,0,1
1775334377235,23,GET /empleados,200,,Thread Group 1-199,text,true,,174,158,2,2,http://localhost:8080/empleados,23,0,0
1775334377259,27,GET /roles,200,,Thread Group 1-199,text,true,,174,154,2,2,http://localhost:8080/roles,27,0,0
1775334377232,82,POST /empresas,200,,Thread Group 1-198,text,true,,236,303,2,2,http://localhost:8080/empresas,82,0,0
1775334377286,28,GET /gateways,200,,Thread Group 1-199,text,true,,174,167,2,2,http://localhost:8080/gateways/proceso/1,28,0,0
1775334377314,22,GET /arcos,200,,Thread Group 1-199,text,true,,174,164,2,2,http://localhost:8080/arcos/proceso/1,22,0,0
1775334377314,39,GET /empresas,200,,Thread Group 1-198,text,true,,84308,157,2,2,http://localhost:8080/empresas,38,0,0
1775334377353,19,GET /empleados,200,,Thread Group 1-198,text,true,,174,158,2,2,http://localhost:8080/empleados,19,0,0
1775334377336,63,POST /empresas,200,,Thread Group 1-199,text,true,,236,303,2,2,http://localhost:8080/empresas,63,0,0
1775334377373,26,GET /roles,200,,Thread Group 1-198,text,true,,174,154,2,2,http://localhost:8080/roles,26,0,0
1775334377400,19,GET /gateways,200,,Thread Group 1-198,text,true,,174,167,2,2,http://localhost:8080/gateways/proceso/1,19,0,0
1775334377400,39,GET /empresas,200,,Thread Group 1-199,text,true,,84372,157,2,2,http://localhost:8080/empresas,38,0,0
1775334377419,33,GET /arcos,200,,Thread Group 1-198,text,true,,174,164,2,2,http://localhost:8080/arcos/proceso/1,33,0,0
1775334377439,34,GET /empleados,200,,Thread Group 1-199,text,true,,174,158,2,2,http://localhost:8080/empleados,34,0,0
1775334377473,24,GET /roles,200,,Thread Group 1-199,text,true,,174,154,3,3,http://localhost:8080/roles,24,0,0
1775334377480,37,GET /empresas,200,,Thread Group 1-200,text,true,,84372,157,3,3,http://localhost:8080/empresas,36,0,1
1775334377498,28,GET /gateways,200,,Thread Group 1-199,text,true,,174,167,3,3,http://localhost:8080/gateways/proceso/1,28,0,0
1775334377452,74,POST /empresas,200,,Thread Group 1-198,text,true,,236,303,3,3,http://localhost:8080/empresas,74,0,0
1775334377517,30,GET /empleados,200,,Thread Group 1-200,text,true,,174,158,2,2,http://localhost:8080/empleados,30,0,0
1775334377526,21,GET /arcos,200,,Thread Group 1-199,text,true,,174,164,2,2,http://localhost:8080/arcos/proceso/1,21,0,0
1775334377547,25,GET /roles,200,,Thread Group 1-200,text,true,,174,154,2,2,http://localhost:8080/roles,25,0,0
1775334377572,23,GET /gateways,200,,Thread Group 1-200,text,true,,174,167,2,2,http://localhost:8080/gateways/proceso/1,22,0,0
1775334377547,73,POST /empresas,200,,Thread Group 1-199,text,true,,236,303,2,2,http://localhost:8080/empresas,73,0,0
1775334377595,25,GET /arcos,200,,Thread Group 1-200,text,true,,174,164,2,2,http://localhost:8080/arcos/proceso/1,25,0,0
1775334377620,42,GET /empresas,200,,Thread Group 1-199,text,true,,84500,157,2,2,http://localhost:8080/empresas,41,0,0
1775334377662,23,GET /empleados,200,,Thread Group 1-199,text,true,,174,158,2,2,http://localhost:8080/empleados,23,0,0
1775334377685,24,GET /roles,200,,Thread Group 1-199,text,true,,174,154,2,2,http://localhost:8080/roles,24,0,0
1775334377620,89,POST /empresas,200,,Thread Group 1-200,text,true,,236,303,2,2,http://localhost:8080/empresas,89,0,0
1775334377710,44,GET /gateways,200,,Thread Group 1-199,text,true,,174,167,2,2,http://localhost:8080/gateways/proceso/1,44,0,0
1775334377710,48,GET /empresas,200,,Thread Group 1-200,text,true,,84564,157,2,2,http://localhost:8080/empresas,47,0,0
1775334377754,27,GET /arcos,200,,Thread Group 1-199,text,true,,174,164,2,2,http://localhost:8080/arcos/proceso/1,27,0,0
1775334377758,23,GET /empleados,200,,Thread Group 1-200,text,true,,174,158,2,2,http://localhost:8080/empleados,23,0,0
1775334377781,23,GET /roles,200,,Thread Group 1-200,text,true,,174,154,2,2,http://localhost:8080/roles,23,0,0
1775334377804,24,GET /gateways,200,,Thread Group 1-200,text,true,,174,167,2,2,http://localhost:8080/gateways/proceso/1,24,0,0
1775334377828,30,GET /arcos,200,,Thread Group 1-200,text,true,,174,164,2,2,http://localhost:8080/arcos/proceso/1,30,0,0
1775334377781,77,POST /empresas,200,,Thread Group 1-199,text,true,,236,303,2,2,http://localhost:8080/empresas,77,0,0
1775334377858,80,POST /empresas,200,,Thread Group 1-200,text,true,,236,303,1,1,http://localhost:8080/empresas,80,0,0
1775334377938,45,GET /empresas,200,,Thread Group 1-200,text,true,,84692,157,1,1,http://localhost:8080/empresas,44,0,0
1775334377983,25,GET /empleados,200,,Thread Group 1-200,text,true,,174,158,1,1,http://localhost:8080/empleados,25,0,0
1775334378008,29,GET /roles,200,,Thread Group 1-200,text,true,,174,154,1,1,http://localhost:8080/roles,29,0,0
1775334378037,29,GET /gateways,200,,Thread Group 1-200,text,true,,174,167,1,1,http://localhost:8080/gateways/proceso/1,29,0,0
1775334378066,32,GET /arcos,200,,Thread Group 1-200,text,true,,174,164,1,1,http://localhost:8080/arcos/proceso/1,32,0,0
1775334378098,76,POST /empresas,200,,Thread Group 1-200,text,true,,236,303,1,1,http://localhost:8080/empresas,76,0,0
