timeStamp,elapsed,label,responseCode,responseMessage,threadName,dataType,success,failureMessage,bytes,sentBytes,grpThreads,allThreads,URL,Latency,IdleTime,Connect
1775333689753,173,GET /empresas,200,,Thread Group 1-1,text,true,,31548,157,1,1,http://localhost:8080/empresas,173,0,0
1775333689927,19,GET /empleados,200,,Thread Group 1-1,text,true,,174,158,1,1,http://localhost:8080/empleados,19,0,0
1775333689947,28,GET /roles,200,,Thread Group 1-1,text,true,,174,154,1,1,http://localhost:8080/roles,28,0,0
1775333689975,25,GET /gateways,200,,Thread Group 1-1,text,true,,174,167,1,1,http://localhost:8080/gateways/proceso/1,25,0,0
1775333690001,18,GET /arcos,200,,Thread Group 1-1,text,true,,174,164,1,1,http://localhost:8080/arcos/proceso/1,18,0,0
1775333690020,206,POST /empresas,200,,Thread Group 1-1,text,true,,234,301,1,1,http://localhost:8080/empresas,206,0,0
1775333690227,24,GET /empresas,200,,Thread Group 1-1,text,true,,31610,157,1,1,http://localhost:8080/empresas,24,0,0
1775333690252,17,GET /empleados,200,,Thread Group 1-1,text,true,,174,158,1,1,http://localhost:8080/empleados,17,0,0
1775333690269,26,GET /roles,200,,Thread Group 1-1,text,true,,174,154,1,1,http://localhost:8080/roles,26,0,0
1775333690295,22,GET /gateways,200,,Thread Group 1-1,text,true,,174,167,1,1,http://localhost:8080/gateways/proceso/1,22,0,0
1775333690317,17,GET /arcos,200,,Thread Group 1-1,text,true,,174,164,1,1,http://localhost:8080/arcos/proceso/1,17,0,0
1775333690334,70,POST /empresas,200,,Thread Group 1-1,text,true,,234,301,2,2,http://localhost:8080/empresas,70,0,0
1775333690405,129,GET /empresas,200,,Thread Group 1-1,text,true,,31672,157,2,2,http://localhost:8080/empresas,129,0,0
1775333690534,17,GET /empleados,200,,Thread Group 1-1,text,true,,174,158,2,2,http://localhost:8080/empleados,17,0,0
1775333690353,199,GET /empresas,200,,Thread Group 1-2,text,true,,31672,157,2,2,http://localhost:8080/empresas,199,0,1
1775333690551,26,GET /roles,200,,Thread Group 1-1,text,true,,174,154,2,2,http://localhost:8080/roles,26,0,0
1775333690552,35,GET /empleados,200,,Thread Group 1-2,text,true,,174,158,2,2,http://localhost:8080/empleados,35,0,0
1775333690578,21,GET /gateways,200,,Thread Group 1-1,text,true,,174,167,2,2,http://localhost:8080/gateways/proceso/1,21,0,0
1775333690587,27,GET /roles,200,,Thread Group 1-2,text,true,,174,154,2,2,http://localhost:8080/roles,27,0,0
1775333690599,28,GET /arcos,200,,Thread Group 1-1,text,true,,174,164,2,2,http://localhost:8080/arcos/proceso/1,28,0,0
1775333690615,36,GET /gateways,200,,Thread Group 1-2,text,true,,174,167,2,2,http://localhost:8080/gateways/proceso/1,36,0,0
1775333690651,19,GET /arcos,200,,Thread Group 1-2,text,true,,174,164,2,2,http://localhost:8080/arcos/proceso/1,19,0,0
1775333690627,62,POST /empresas,200,,Thread Group 1-1,text,true,,234,301,2,2,http://localhost:8080/empresas,62,0,0
1775333690689,24,GET /empresas,200,,Thread Group 1-1,text,true,,31734,157,2,2,http://localhost:8080/empresas,24,0,0
1775333690713,19,GET /empleados,200,,Thread Group 1-1,text,true,,174,158,2,2,http://localhost:8080/empleados,19,0,0
1775333690732,19,GET /roles,200,,Thread Group 1-1,text,true,,174,154,2,2,http://localhost:8080/roles,19,0,0
1775333690751,21,GET /gateways,200,,Thread Group 1-1,text,true,,174,167,2,2,http://localhost:8080/gateways/proceso/1,21,0,0
1775333690670,102,POST /empresas,200,,Thread Group 1-2,text,true,,234,301,2,2,http://localhost:8080/empresas,102,0,0
1775333690772,19,GET /arcos,200,,Thread Group 1-1,text,true,,174,164,2,2,http://localhost:8080/arcos/proceso/1,19,0,0
1775333690772,23,GET /empresas,200,,Thread Group 1-2,text,true,,31796,157,2,2,http://localhost:8080/empresas,23,0,0
1775333690796,16,GET /empleados,200,,Thread Group 1-2,text,true,,174,158,2,2,http://localhost:8080/empleados,16,0,0
1775333690813,19,GET /roles,200,,Thread Group 1-2,text,true,,174,154,2,2,http://localhost:8080/roles,19,0,0
1775333690832,16,GET /gateways,200,,Thread Group 1-2,text,true,,174,167,2,2,http://localhost:8080/gateways/proceso/1,16,0,0
1775333690791,57,POST /empresas,200,,Thread Group 1-1,text,true,,234,301,2,2,http://localhost:8080/empresas,57,0,0
1775333690849,16,GET /arcos,200,,Thread Group 1-2,text,true,,174,164,2,2,http://localhost:8080/arcos/proceso/1,16,0,0
1775333690849,22,GET /empresas,200,,Thread Group 1-1,text,true,,31858,157,2,2,http://localhost:8080/empresas,22,0,0
1775333690872,19,GET /empleados,200,,Thread Group 1-1,text,true,,174,158,2,2,http://localhost:8080/empleados,19,0,0
1775333690891,16,GET /roles,200,,Thread Group 1-1,text,true,,174,154,2,2,http://localhost:8080/roles,16,0,0
1775333690908,27,GET /gateways,200,,Thread Group 1-1,text,true,,174,167,2,2,http://localhost:8080/gateways/proceso/1,27,0,0
1775333690865,70,POST /empresas,200,,Thread Group 1-2,text,true,,234,301,2,2,http://localhost:8080/empresas,69,0,0
1775333690936,18,GET /arcos,200,,Thread Group 1-1,text,true,,174,164,3,3,http://localhost:8080/arcos/proceso/1,18,0,0
1775333690936,29,GET /empresas,200,,Thread Group 1-2,text,true,,31920,157,3,3,http://localhost:8080/empresas,29,0,0
1775333690965,16,GET /empleados,200,,Thread Group 1-2,text,true,,174,158,3,3,http://localhost:8080/empleados,16,0,0
1775333690982,20,GET /roles,200,,Thread Group 1-2,text,true,,174,154,3,3,http://localhost:8080/roles,20,0,0
1775333690954,62,POST /empresas,200,,Thread Group 1-1,text,true,,234,301,3,3,http://localhost:8080/empresas,62,0,0
1775333691002,15,GET /gateways,200,,Thread Group 1-2,text,true,,174,167,3,3,http://localhost:8080/gateways/proceso/1,15,0,0
1775333691017,20,GET /arcos,200,,Thread Group 1-2,text,true,,174,164,2,2,http://localhost:8080/arcos/proceso/1,20,0,0
1775333690952,86,GET /empresas,200,,Thread Group 1-3,text,true,,31982,157,2,2,http://localhost:8080/empresas,86,0,0
1775333691038,19,GET /empleados,200,,Thread Group 1-3,text,true,,174,158,2,2,http://localhost:8080/empleados,19,0,0
1775333691058,19,GET /roles,200,,Thread Group 1-3,text,true,,174,154,2,2,http://localhost:8080/roles,19,0,0
1775333691077,20,GET /gateways,200,,Thread Group 1-3,text,true,,174,167,2,2,http://localhost:8080/gateways/proceso/1,20,0,0
1775333691038,59,POST /empresas,200,,Thread Group 1-2,text,true,,234,301,2,2,http://localhost:8080/empresas,59,0,0
1775333691098,20,GET /arcos,200,,Thread Group 1-3,text,true,,174,164,2,2,http://localhost:8080/arcos/proceso/1,20,0,0
1775333691098,24,GET /empresas,200,,Thread Group 1-2,text,true,,32044,157,2,2,http://localhost:8080/empresas,23,0,0
1775333691122,16,GET /empleados,200,,Thread Group 1-2,text,true,,174,158,2,2,http://localhost:8080/empleados,16,0,0
1775333691138,17,GET /roles,200,,Thread Group 1-2,text,true,,174,154,2,2,http://localhost:8080/roles,17,0,0
1775333691156,26,GET /gateways,200,,Thread Group 1-2,text,true,,174,167,2,2,http://localhost:8080/gateways/proceso/1,26,0,0
1775333691118,64,POST /empresas,200,,Thread Group 1-3,text,true,,234,301,2,2,http://localhost:8080/empresas,64,0,0
1775333691182,17,GET /arcos,200,,Thread Group 1-2,text,true,,174,164,2,2,http://localhost:8080/arcos/proceso/1,17,0,0
1775333691182,23,GET /empresas,200,,Thread Group 1-3,text,true,,32106,157,2,2,http://localhost:8080/empresas,23,0,0
1775333691205,19,GET /empleados,200,,Thread Group 1-3,text,true,,174,158,2,2,http://localhost:8080/empleados,19,0,0
1775333691224,18,GET /roles,200,,Thread Group 1-3,text,true,,174,154,2,2,http://localhost:8080/roles,18,0,0
1775333691199,67,POST /empresas,200,,Thread Group 1-2,text,true,,234,301,2,2,http://localhost:8080/empresas,67,0,0
1775333691242,24,GET /gateways,200,,Thread Group 1-3,text,true,,174,167,2,2,http://localhost:8080/gateways/proceso/1,24,0,0
1775333691267,17,GET /arcos,200,,Thread Group 1-3,text,true,,174,164,2,2,http://localhost:8080/arcos/proceso/1,16,0,0
1775333691267,24,GET /empresas,200,,Thread Group 1-2,text,true,,32168,157,2,2,http://localhost:8080/empresas,24,0,0
1775333691291,22,GET /empleados,200,,Thread Group 1-2,text,true,,174,158,2,2,http://localhost:8080/empleados,22,0,0
1775333691313,20,GET /roles,200,,Thread Group 1-2,text,true,,174,154,2,2,http://localhost:8080/roles,20,0,0
1775333691333,19,GET /gateways,200,,Thread Group 1-2,text,true,,174,167,2,2,http://localhost:8080/gateways/proceso/1,18,0,0
1775333691284,68,POST /empresas,200,,Thread Group 1-3,text,true,,234,301,2,2,http://localhost:8080/empresas,68,0,0
1775333691352,16,GET /arcos,200,,Thread Group 1-2,text,true,,174,164,2,2,http://localhost:8080/arcos/proceso/1,16,0,0
1775333691352,23,GET /empresas,200,,Thread Group 1-3,text,true,,32230,157,2,2,http://localhost:8080/empresas,23,0,0
1775333691375,23,GET /empleados,200,,Thread Group 1-3,text,true,,174,158,2,2,http://localhost:8080/empleados,23,0,0
1775333691368,46,POST /empresas,200,,Thread Group 1-2,text,true,,234,301,2,2,http://localhost:8080/empresas,46,0,0
1775333691399,15,GET /roles,200,,Thread Group 1-3,text,true,,174,154,2,2,http://localhost:8080/roles,15,0,0
1775333691415,20,GET /gateways,200,,Thread Group 1-3,text,true,,174,167,1,1,http://localhost:8080/gateways/proceso/1,20,0,0
1775333691435,15,GET /arcos,200,,Thread Group 1-3,text,true,,174,164,1,1,http://localhost:8080/arcos/proceso/1,15,0,0
1775333691450,50,POST /empresas,200,,Thread Group 1-3,text,true,,234,301,1,1,http://localhost:8080/empresas,50,0,0
1775333691500,27,GET /empresas,200,,Thread Group 1-3,text,true,,32354,157,1,1,http://localhost:8080/empresas,26,0,0
1775333691527,15,GET /empleados,200,,Thread Group 1-3,text,true,,174,158,1,1,http://localhost:8080/empleados,15,0,0
1775333691543,22,GET /roles,200,,Thread Group 1-3,text,true,,174,154,2,2,http://localhost:8080/roles,22,0,0
1775333691553,23,GET /empresas,200,,Thread Group 1-4,text,true,,32354,157,2,2,http://localhost:8080/empresas,23,0,1
1775333691566,16,GET /gateways,200,,Thread Group 1-3,text,true,,174,167,2,2,http://localhost:8080/gateways/proceso/1,16,0,0
1775333691577,21,GET /empleados,200,,Thread Group 1-4,text,true,,174,158,2,2,http://localhost:8080/empleados,21,0,0
1775333691582,19,GET /arcos,200,,Thread Group 1-3,text,true,,174,164,2,2,http://localhost:8080/arcos/proceso/1,19,0,0
1775333691598,19,GET /roles,200,,Thread Group 1-4,text,true,,174,154,2,2,http://localhost:8080/roles,19,0,0
1775333691617,17,GET /gateways,200,,Thread Group 1-4,text,true,,174,167,2,2,http://localhost:8080/gateways/proceso/1,17,0,0
1775333691601,50,POST /empresas,200,,Thread Group 1-3,text,true,,234,301,2,2,http://localhost:8080/empresas,50,0,0
1775333691634,17,GET /arcos,200,,Thread Group 1-4,text,true,,174,164,2,2,http://localhost:8080/arcos/proceso/1,17,0,0
1775333691652,20,GET /empresas,200,,Thread Group 1-3,text,true,,32416,157,2,2,http://localhost:8080/empresas,19,0,0
1775333691672,15,GET /empleados,200,,Thread Group 1-3,text,true,,174,158,2,2,http://localhost:8080/empleados,15,0,0
1775333691687,12,GET /roles,200,,Thread Group 1-3,text,true,,174,154,2,2,http://localhost:8080/roles,12,0,0
1775333691699,13,GET /gateways,200,,Thread Group 1-3,text,true,,174,167,2,2,http://localhost:8080/gateways/proceso/1,13,0,0
1775333691652,60,POST /empresas,200,,Thread Group 1-4,text,true,,234,301,2,2,http://localhost:8080/empresas,60,0,0
1775333691712,17,GET /arcos,200,,Thread Group 1-3,text,true,,174,164,2,2,http://localhost:8080/arcos/proceso/1,17,0,0
1775333691712,32,GET /empresas,200,,Thread Group 1-4,text,true,,32478,157,2,2,http://localhost:8080/empresas,32,0,0
1775333691744,16,GET /empleados,200,,Thread Group 1-4,text,true,,174,158,2,2,http://localhost:8080/empleados,16,0,0
1775333691760,18,GET /roles,200,,Thread Group 1-4,text,true,,174,154,2,2,http://localhost:8080/roles,18,0,0
1775333691729,52,POST /empresas,200,,Thread Group 1-3,text,true,,234,301,2,2,http://localhost:8080/empresas,52,0,0
1775333691778,20,GET /gateways,200,,Thread Group 1-4,text,true,,174,167,1,1,http://localhost:8080/gateways/proceso/1,20,0,0
1775333691799,24,GET /arcos,200,,Thread Group 1-4,text,true,,174,164,1,1,http://localhost:8080/arcos/proceso/1,24,0,0
1775333691824,50,POST /empresas,200,,Thread Group 1-4,text,true,,234,301,1,1,http://localhost:8080/empresas,50,0,0
1775333691875,23,GET /empresas,200,,Thread Group 1-4,text,true,,32602,157,1,1,http://localhost:8080/empresas,22,0,0
1775333691898,17,GET /empleados,200,,Thread Group 1-4,text,true,,174,158,1,1,http://localhost:8080/empleados,17,0,0
1775333691915,17,GET /roles,200,,Thread Group 1-4,text,true,,174,154,1,1,http://localhost:8080/roles,17,0,0
1775333691932,17,GET /gateways,200,,Thread Group 1-4,text,true,,174,167,1,1,http://localhost:8080/gateways/proceso/1,17,0,0
1775333691950,15,GET /arcos,200,,Thread Group 1-4,text,true,,174,164,1,1,http://localhost:8080/arcos/proceso/1,15,0,0
1775333691965,51,POST /empresas,200,,Thread Group 1-4,text,true,,234,301,1,1,http://localhost:8080/empresas,51,0,0
1775333692016,22,GET /empresas,200,,Thread Group 1-4,text,true,,32664,157,1,1,http://localhost:8080/empresas,21,0,0
1775333692038,17,GET /empleados,200,,Thread Group 1-4,text,true,,174,158,1,1,http://localhost:8080/empleados,17,0,0
1775333692055,26,GET /roles,200,,Thread Group 1-4,text,true,,174,154,1,1,http://localhost:8080/roles,26,0,0
1775333692082,18,GET /gateways,200,,Thread Group 1-4,text,true,,174,167,1,1,http://localhost:8080/gateways/proceso/1,18,0,0
1775333692100,25,GET /arcos,200,,Thread Group 1-4,text,true,,174,164,1,1,http://localhost:8080/arcos/proceso/1,25,0,0
1775333692154,29,GET /empresas,200,,Thread Group 1-5,text,true,,32664,157,2,2,http://localhost:8080/empresas,28,0,0
1775333692126,61,POST /empresas,200,,Thread Group 1-4,text,true,,234,301,2,2,http://localhost:8080/empresas,61,0,0
1775333692183,16,GET /empleados,200,,Thread Group 1-5,text,true,,174,158,2,2,http://localhost:8080/empleados,16,0,0
1775333692187,24,GET /empresas,200,,Thread Group 1-4,text,true,,32726,157,2,2,http://localhost:8080/empresas,23,0,0
1775333692199,17,GET /roles,200,,Thread Group 1-5,text,true,,174,154,2,2,http://localhost:8080/roles,17,0,0
1775333692211,21,GET /empleados,200,,Thread Group 1-4,text,true,,174,158,2,2,http://localhost:8080/empleados,21,0,0
1775333692216,19,GET /gateways,200,,Thread Group 1-5,text,true,,174,167,2,2,http://localhost:8080/gateways/proceso/1,19,0,0
1775333692233,17,GET /roles,200,,Thread Group 1-4,text,true,,174,154,2,2,http://localhost:8080/roles,17,0,0
1775333692235,15,GET /arcos,200,,Thread Group 1-5,text,true,,174,164,2,2,http://localhost:8080/arcos/proceso/1,15,0,0
1775333692251,21,GET /gateways,200,,Thread Group 1-4,text,true,,174,167,2,2,http://localhost:8080/gateways/proceso/1,21,0,0
1775333692272,16,GET /arcos,200,,Thread Group 1-4,text,true,,174,164,2,2,http://localhost:8080/arcos/proceso/1,16,0,0
1775333692251,62,POST /empresas,200,,Thread Group 1-5,text,true,,234,301,2,2,http://localhost:8080/empresas,62,0,0
1775333692314,25,GET /empresas,200,,Thread Group 1-5,text,true,,32788,157,2,2,http://localhost:8080/empresas,25,0,0
1775333692288,68,POST /empresas,200,,Thread Group 1-4,text,true,,234,301,2,2,http://localhost:8080/empresas,68,0,0
1775333692340,24,GET /empleados,200,,Thread Group 1-5,text,true,,174,158,1,1,http://localhost:8080/empleados,24,0,0
1775333692365,32,GET /roles,200,,Thread Group 1-5,text,true,,174,154,1,1,http://localhost:8080/roles,32,0,0
1775333692398,22,GET /gateways,200,,Thread Group 1-5,text,true,,174,167,1,1,http://localhost:8080/gateways/proceso/1,22,0,0
1775333692420,26,GET /arcos,200,,Thread Group 1-5,text,true,,174,164,1,1,http://localhost:8080/arcos/proceso/1,26,0,0
1775333692447,65,POST /empresas,200,,Thread Group 1-5,text,true,,234,301,1,1,http://localhost:8080/empresas,65,0,0
1775333692512,35,GET /empresas,200,,Thread Group 1-5,text,true,,32912,157,1,1,http://localhost:8080/empresas,35,0,0
1775333692548,17,GET /empleados,200,,Thread Group 1-5,text,true,,174,158,1,1,http://localhost:8080/empleados,17,0,0
1775333692566,18,GET /roles,200,,Thread Group 1-5,text,true,,174,154,1,1,http://localhost:8080/roles,18,0,0
1775333692584,14,GET /gateways,200,,Thread Group 1-5,text,true,,174,167,1,1,http://localhost:8080/gateways/proceso/1,14,0,0
1775333692599,20,GET /arcos,200,,Thread Group 1-5,text,true,,174,164,1,1,http://localhost:8080/arcos/proceso/1,20,0,0
1775333692619,57,POST /empresas,200,,Thread Group 1-5,text,true,,234,301,1,1,http://localhost:8080/empresas,57,0,0
1775333692677,20,GET /empresas,200,,Thread Group 1-5,text,true,,32979,157,1,1,http://localhost:8080/empresas,20,0,0
1775333692697,22,GET /empleados,200,,Thread Group 1-5,text,true,,174,158,1,1,http://localhost:8080/empleados,22,0,0
1775333692719,24,GET /roles,200,,Thread Group 1-5,text,true,,174,154,1,1,http://localhost:8080/roles,24,0,0
1775333692743,23,GET /gateways,200,,Thread Group 1-5,text,true,,174,167,2,2,http://localhost:8080/gateways/proceso/1,23,0,0
1775333692767,17,GET /arcos,200,,Thread Group 1-5,text,true,,174,164,2,2,http://localhost:8080/arcos/proceso/1,17,0,0
1775333692753,32,GET /empresas,200,,Thread Group 1-6,text,true,,32979,157,2,2,http://localhost:8080/empresas,32,0,0
1775333692786,19,GET /empleados,200,,Thread Group 1-6,text,true,,174,158,2,2,http://localhost:8080/empleados,19,0,0
1775333692806,14,GET /roles,200,,Thread Group 1-6,text,true,,174,154,2,2,http://localhost:8080/roles,14,0,0
1775333692820,22,GET /gateways,200,,Thread Group 1-6,text,true,,174,167,2,2,http://localhost:8080/gateways/proceso/1,22,0,0
1775333692784,61,POST /empresas,200,,Thread Group 1-5,text,true,,234,301,2,2,http://localhost:8080/empresas,61,0,0
1775333692842,19,GET /arcos,200,,Thread Group 1-6,text,true,,174,164,2,2,http://localhost:8080/arcos/proceso/1,19,0,0
1775333692846,33,GET /empresas,200,,Thread Group 1-5,text,true,,33042,157,2,2,http://localhost:8080/empresas,33,0,0
1775333692879,17,GET /empleados,200,,Thread Group 1-5,text,true,,174,158,2,2,http://localhost:8080/empleados,17,0,0
1775333692896,17,GET /roles,200,,Thread Group 1-5,text,true,,174,154,2,2,http://localhost:8080/roles,17,0,0
1775333692862,57,POST /empresas,200,,Thread Group 1-6,text,true,,234,301,2,2,http://localhost:8080/empresas,57,0,0
1775333692914,18,GET /gateways,200,,Thread Group 1-5,text,true,,174,167,2,2,http://localhost:8080/gateways/proceso/1,18,0,0
1775333692919,23,GET /empresas,200,,Thread Group 1-6,text,true,,33104,157,2,2,http://localhost:8080/empresas,23,0,0
1775333692932,30,GET /arcos,200,,Thread Group 1-5,text,true,,174,164,2,2,http://localhost:8080/arcos/proceso/1,30,0,0
1775333692942,23,GET /empleados,200,,Thread Group 1-6,text,true,,174,158,2,2,http://localhost:8080/empleados,23,0,0
1775333692965,17,GET /roles,200,,Thread Group 1-6,text,true,,174,154,2,2,http://localhost:8080/roles,17,0,0
1775333692982,17,GET /gateways,200,,Thread Group 1-6,text,true,,174,167,2,2,http://localhost:8080/gateways/proceso/1,17,0,0
1775333692999,19,GET /arcos,200,,Thread Group 1-6,text,true,,174,164,2,2,http://localhost:8080/arcos/proceso/1,19,0,0
1775333692963,58,POST /empresas,200,,Thread Group 1-5,text,true,,234,301,2,2,http://localhost:8080/empresas,58,0,0
1775333693018,69,POST /empresas,200,,Thread Group 1-6,text,true,,234,301,1,1,http://localhost:8080/empresas,69,0,0
1775333693087,21,GET /empresas,200,,Thread Group 1-6,text,true,,33228,157,1,1,http://localhost:8080/empresas,21,0,0
1775333693108,22,GET /empleados,200,,Thread Group 1-6,text,true,,174,158,1,1,http://localhost:8080/empleados,22,0,0
1775333693130,18,GET /roles,200,,Thread Group 1-6,text,true,,174,154,1,1,http://localhost:8080/roles,18,0,0
1775333693148,24,GET /gateways,200,,Thread Group 1-6,text,true,,174,167,1,1,http://localhost:8080/gateways/proceso/1,24,0,0
1775333693173,19,GET /arcos,200,,Thread Group 1-6,text,true,,174,164,1,1,http://localhost:8080/arcos/proceso/1,19,0,0
1775333693192,61,POST /empresas,200,,Thread Group 1-6,text,true,,234,301,1,1,http://localhost:8080/empresas,61,0,0
1775333693254,31,GET /empresas,200,,Thread Group 1-6,text,true,,33291,157,1,1,http://localhost:8080/empresas,31,0,0
1775333693285,18,GET /empleados,200,,Thread Group 1-6,text,true,,174,158,1,1,http://localhost:8080/empleados,18,0,0
1775333693303,25,GET /roles,200,,Thread Group 1-6,text,true,,174,154,1,1,http://localhost:8080/roles,24,0,0
1775333693328,20,GET /gateways,200,,Thread Group 1-6,text,true,,174,167,1,1,http://localhost:8080/gateways/proceso/1,20,0,0
1775333693348,15,GET /arcos,200,,Thread Group 1-6,text,true,,174,164,2,2,http://localhost:8080/arcos/proceso/1,15,0,0
1775333693352,25,GET /empresas,200,,Thread Group 1-7,text,true,,33291,157,2,2,http://localhost:8080/empresas,25,0,0
1775333693378,18,GET /empleados,200,,Thread Group 1-7,text,true,,174,158,2,2,http://localhost:8080/empleados,18,0,0
1775333693396,17,GET /roles,200,,Thread Group 1-7,text,true,,174,154,2,2,http://localhost:8080/roles,17,0,0
1775333693364,52,POST /empresas,200,,Thread Group 1-6,text,true,,234,301,2,2,http://localhost:8080/empresas,52,0,0
1775333693413,20,GET /gateways,200,,Thread Group 1-7,text,true,,174,167,2,2,http://localhost:8080/gateways/proceso/1,20,0,0
1775333693416,24,GET /empresas,200,,Thread Group 1-6,text,true,,33353,157,2,2,http://localhost:8080/empresas,24,0,0
1775333693433,24,GET /arcos,200,,Thread Group 1-7,text,true,,174,164,2,2,http://localhost:8080/arcos/proceso/1,24,0,0
1775333693440,33,GET /empleados,200,,Thread Group 1-6,text,true,,174,158,2,2,http://localhost:8080/empleados,33,0,0
1775333693473,16,GET /roles,200,,Thread Group 1-6,text,true,,174,154,2,2,http://localhost:8080/roles,16,0,0
1775333693489,18,GET /gateways,200,,Thread Group 1-6,text,true,,174,167,2,2,http://localhost:8080/gateways/proceso/1,18,0,0
1775333693457,62,POST /empresas,200,,Thread Group 1-7,text,true,,234,301,2,2,http://localhost:8080/empresas,62,0,0
1775333693507,27,GET /arcos,200,,Thread Group 1-6,text,true,,174,164,2,2,http://localhost:8080/arcos/proceso/1,27,0,0
1775333693519,25,GET /empresas,200,,Thread Group 1-7,text,true,,33415,157,2,2,http://localhost:8080/empresas,25,0,0
1775333693545,21,GET /empleados,200,,Thread Group 1-7,text,true,,174,158,2,2,http://localhost:8080/empleados,21,0,0
1775333693534,49,POST /empresas,200,,Thread Group 1-6,text,true,,234,301,2,2,http://localhost:8080/empresas,49,0,0
1775333693566,17,GET /roles,200,,Thread Group 1-7,text,true,,174,154,2,2,http://localhost:8080/roles,17,0,0
1775333693583,19,GET /gateways,200,,Thread Group 1-7,text,true,,174,167,1,1,http://localhost:8080/gateways/proceso/1,19,0,0
1775333693602,17,GET /arcos,200,,Thread Group 1-7,text,true,,174,164,1,1,http://localhost:8080/arcos/proceso/1,17,0,0
1775333693619,63,POST /empresas,200,,Thread Group 1-7,text,true,,234,301,1,1,http://localhost:8080/empresas,63,0,0
1775333693682,35,GET /empresas,200,,Thread Group 1-7,text,true,,33539,157,1,1,http://localhost:8080/empresas,35,0,0
1775333693717,17,GET /empleados,200,,Thread Group 1-7,text,true,,174,158,1,1,http://localhost:8080/empleados,17,0,0
1775333693734,19,GET /roles,200,,Thread Group 1-7,text,true,,174,154,1,1,http://localhost:8080/roles,19,0,0
1775333693754,18,GET /gateways,200,,Thread Group 1-7,text,true,,174,167,1,1,http://localhost:8080/gateways/proceso/1,18,0,0
1775333693773,14,GET /arcos,200,,Thread Group 1-7,text,true,,174,164,1,1,http://localhost:8080/arcos/proceso/1,14,0,0
1775333693787,58,POST /empresas,200,,Thread Group 1-7,text,true,,234,301,1,1,http://localhost:8080/empresas,58,0,0
1775333693845,26,GET /empresas,200,,Thread Group 1-7,text,true,,33601,157,1,1,http://localhost:8080/empresas,25,0,0
1775333693871,22,GET /empleados,200,,Thread Group 1-7,text,true,,174,158,1,1,http://localhost:8080/empleados,22,0,0
1775333693894,36,GET /roles,200,,Thread Group 1-7,text,true,,174,154,1,1,http://localhost:8080/roles,36,0,0
1775333693930,21,GET /gateways,200,,Thread Group 1-7,text,true,,174,167,1,1,http://localhost:8080/gateways/proceso/1,21,0,0
1775333693951,14,GET /arcos,200,,Thread Group 1-7,text,true,,174,164,2,2,http://localhost:8080/arcos/proceso/1,14,0,0
1775333693953,23,GET /empresas,200,,Thread Group 1-8,text,true,,33601,157,2,2,http://localhost:8080/empresas,22,0,1
1775333693976,19,GET /empleados,200,,Thread Group 1-8,text,true,,174,158,2,2,http://localhost:8080/empleados,19,0,0
1775333693995,19,GET /roles,200,,Thread Group 1-8,text,true,,174,154,2,2,http://localhost:8080/roles,19,0,0
1775333693965,64,POST /empresas,200,,Thread Group 1-7,text,true,,234,301,2,2,http://localhost:8080/empresas,64,0,0
1775333694014,21,GET /gateways,200,,Thread Group 1-8,text,true,,174,167,2,2,http://localhost:8080/gateways/proceso/1,20,0,0
1775333694035,15,GET /arcos,200,,Thread Group 1-8,text,true,,174,164,2,2,http://localhost:8080/arcos/proceso/1,15,0,0
1775333694029,22,GET /empresas,200,,Thread Group 1-7,text,true,,33663,157,2,2,http://localhost:8080/empresas,22,0,0
1775333694051,16,GET /empleados,200,,Thread Group 1-7,text,true,,174,158,2,2,http://localhost:8080/empleados,16,0,0
1775333694067,21,GET /roles,200,,Thread Group 1-7,text,true,,174,154,2,2,http://localhost:8080/roles,21,0,0
1775333694088,17,GET /gateways,200,,Thread Group 1-7,text,true,,174,167,2,2,http://localhost:8080/gateways/proceso/1,17,0,0
1775333694050,63,POST /empresas,200,,Thread Group 1-8,text,true,,234,301,2,2,http://localhost:8080/empresas,63,0,0
1775333694105,17,GET /arcos,200,,Thread Group 1-7,text,true,,174,164,2,2,http://localhost:8080/arcos/proceso/1,17,0,0
1775333694113,23,GET /empresas,200,,Thread Group 1-8,text,true,,33725,157,2,2,http://localhost:8080/empresas,23,0,0
1775333694136,17,GET /empleados,200,,Thread Group 1-8,text,true,,174,158,2,2,http://localhost:8080/empleados,17,0,0
1775333694154,17,GET /roles,200,,Thread Group 1-8,text,true,,174,154,2,2,http://localhost:8080/roles,17,0,0
1775333694122,51,POST /empresas,200,,Thread Group 1-7,text,true,,234,301,2,2,http://localhost:8080/empresas,51,0,0
1775333694171,22,GET /gateways,200,,Thread Group 1-8,text,true,,174,167,1,1,http://localhost:8080/gateways/proceso/1,22,0,0
1775333694194,18,GET /arcos,200,,Thread Group 1-8,text,true,,174,164,1,1,http://localhost:8080/arcos/proceso/1,17,0,0
1775333694212,56,POST /empresas,200,,Thread Group 1-8,text,true,,234,301,1,1,http://localhost:8080/empresas,56,0,0
1775333694269,35,GET /empresas,200,,Thread Group 1-8,text,true,,33849,157,1,1,http://localhost:8080/empresas,35,0,0
1775333694304,20,GET /empleados,200,,Thread Group 1-8,text,true,,174,158,1,1,http://localhost:8080/empleados,20,0,0
1775333694324,23,GET /roles,200,,Thread Group 1-8,text,true,,174,154,1,1,http://localhost:8080/roles,23,0,0
1775333694347,16,GET /gateways,200,,Thread Group 1-8,text,true,,174,167,1,1,http://localhost:8080/gateways/proceso/1,16,0,0
1775333694363,17,GET /arcos,200,,Thread Group 1-8,text,true,,174,164,1,1,http://localhost:8080/arcos/proceso/1,17,0,0
1775333694380,63,POST /empresas,200,,Thread Group 1-8,text,true,,234,301,1,1,http://localhost:8080/empresas,63,0,0
1775333694444,23,GET /empresas,200,,Thread Group 1-8,text,true,,33911,157,1,1,http://localhost:8080/empresas,22,0,0
1775333694467,22,GET /empleados,200,,Thread Group 1-8,text,true,,174,158,1,1,http://localhost:8080/empleados,22,0,0
1775333694490,16,GET /roles,200,,Thread Group 1-8,text,true,,174,154,1,1,http://localhost:8080/roles,16,0,0
1775333694506,17,GET /gateways,200,,Thread Group 1-8,text,true,,174,167,1,1,http://localhost:8080/gateways/proceso/1,16,0,0
1775333694523,15,GET /arcos,200,,Thread Group 1-8,text,true,,174,164,1,1,http://localhost:8080/arcos/proceso/1,15,0,0
1775333694554,23,GET /empresas,200,,Thread Group 1-9,text,true,,33911,157,2,2,http://localhost:8080/empresas,23,0,1
1775333694539,46,POST /empresas,200,,Thread Group 1-8,text,true,,234,301,2,2,http://localhost:8080/empresas,46,0,0
1775333694578,18,GET /empleados,200,,Thread Group 1-9,text,true,,174,158,2,2,http://localhost:8080/empleados,18,0,0
1775333694585,22,GET /empresas,200,,Thread Group 1-8,text,true,,33973,157,2,2,http://localhost:8080/empresas,21,0,0
1775333694597,13,GET /roles,200,,Thread Group 1-9,text,true,,174,154,2,2,http://localhost:8080/roles,13,0,0
1775333694610,17,GET /gateways,200,,Thread Group 1-9,text,true,,174,167,2,2,http://localhost:8080/gateways/proceso/1,16,0,0
1775333694607,19,GET /empleados,200,,Thread Group 1-8,text,true,,174,158,2,2,http://localhost:8080/empleados,19,0,0
1775333694627,15,GET /roles,200,,Thread Group 1-8,text,true,,174,154,2,2,http://localhost:8080/roles,15,0,0
1775333694627,15,GET /arcos,200,,Thread Group 1-9,text,true,,174,164,2,2,http://localhost:8080/arcos/proceso/1,15,0,0
1775333694642,20,GET /gateways,200,,Thread Group 1-8,text,true,,174,167,2,2,http://localhost:8080/gateways/proceso/1,20,0,0
1775333694662,17,GET /arcos,200,,Thread Group 1-8,text,true,,174,164,2,2,http://localhost:8080/arcos/proceso/1,17,0,0
1775333694642,54,POST /empresas,200,,Thread Group 1-9,text,true,,234,301,2,2,http://localhost:8080/empresas,54,0,0
1775333694696,24,GET /empresas,200,,Thread Group 1-9,text,true,,34035,157,2,2,http://localhost:8080/empresas,24,0,0
1775333694679,57,POST /empresas,200,,Thread Group 1-8,text,true,,234,301,2,2,http://localhost:8080/empresas,57,0,0
1775333694720,16,GET /empleados,200,,Thread Group 1-9,text,true,,174,158,2,2,http://localhost:8080/empleados,16,0,0
1775333694737,20,GET /roles,200,,Thread Group 1-9,text,true,,174,154,1,1,http://localhost:8080/roles,20,0,0
1775333694757,22,GET /gateways,200,,Thread Group 1-9,text,true,,174,167,1,1,http://localhost:8080/gateways/proceso/1,22,0,0
1775333694779,17,GET /arcos,200,,Thread Group 1-9,text,true,,174,164,1,1,http://localhost:8080/arcos/proceso/1,17,0,0
1775333694796,54,POST /empresas,200,,Thread Group 1-9,text,true,,234,301,1,1,http://localhost:8080/empresas,54,0,0
1775333694850,29,GET /empresas,200,,Thread Group 1-9,text,true,,34159,157,1,1,http://localhost:8080/empresas,29,0,0
1775333694879,20,GET /empleados,200,,Thread Group 1-9,text,true,,174,158,1,1,http://localhost:8080/empleados,20,0,0
1775333694900,13,GET /roles,200,,Thread Group 1-9,text,true,,174,154,1,1,http://localhost:8080/roles,13,0,0
1775333694914,15,GET /gateways,200,,Thread Group 1-9,text,true,,174,167,1,1,http://localhost:8080/gateways/proceso/1,15,0,0
1775333694929,16,GET /arcos,200,,Thread Group 1-9,text,true,,174,164,1,1,http://localhost:8080/arcos/proceso/1,16,0,0
1775333694945,52,POST /empresas,200,,Thread Group 1-9,text,true,,234,301,1,1,http://localhost:8080/empresas,52,0,0
1775333694998,26,GET /empresas,200,,Thread Group 1-9,text,true,,34221,157,1,1,http://localhost:8080/empresas,26,0,0
1775333695025,18,GET /empleados,200,,Thread Group 1-9,text,true,,174,158,1,1,http://localhost:8080/empleados,18,0,0
1775333695044,19,GET /roles,200,,Thread Group 1-9,text,true,,174,154,1,1,http://localhost:8080/roles,19,0,0
1775333695063,16,GET /gateways,200,,Thread Group 1-9,text,true,,174,167,1,1,http://localhost:8080/gateways/proceso/1,16,0,0
1775333695079,19,GET /arcos,200,,Thread Group 1-9,text,true,,174,164,1,1,http://localhost:8080/arcos/proceso/1,19,0,0
1775333695098,77,POST /empresas,200,,Thread Group 1-9,text,true,,234,301,2,2,http://localhost:8080/empresas,76,0,0
1775333695153,24,GET /empresas,200,,Thread Group 1-10,text,true,,34221,157,2,2,http://localhost:8080/empresas,23,0,0
1775333695177,18,GET /empleados,200,,Thread Group 1-10,text,true,,174,158,2,2,http://localhost:8080/empleados,18,0,0
1775333695175,21,GET /empresas,200,,Thread Group 1-9,text,true,,34283,157,2,2,http://localhost:8080/empresas,21,0,0
1775333695196,14,GET /empleados,200,,Thread Group 1-9,text,true,,174,158,2,2,http://localhost:8080/empleados,14,0,0
1775333695195,15,GET /roles,200,,Thread Group 1-10,text,true,,174,154,2,2,http://localhost:8080/roles,15,0,0
1775333695210,19,GET /gateways,200,,Thread Group 1-10,text,true,,174,167,2,2,http://localhost:8080/gateways/proceso/1,19,0,0
1775333695210,22,GET /roles,200,,Thread Group 1-9,text,true,,174,154,2,2,http://localhost:8080/roles,22,0,0
1775333695229,22,GET /arcos,200,,Thread Group 1-10,text,true,,174,164,2,2,http://localhost:8080/arcos/proceso/1,22,0,0
1775333695232,19,GET /gateways,200,,Thread Group 1-9,text,true,,174,167,2,2,http://localhost:8080/gateways/proceso/1,19,0,0
1775333695252,12,GET /arcos,200,,Thread Group 1-9,text,true,,174,164,2,2,http://localhost:8080/arcos/proceso/1,12,0,0
1775333695252,55,POST /empresas,200,,Thread Group 1-10,text,true,,235,302,2,2,http://localhost:8080/empresas,55,0,0
1775333695265,62,POST /empresas,200,,Thread Group 1-9,text,true,,234,301,2,2,http://localhost:8080/empresas,62,0,0
1775333695308,23,GET /empresas,200,,Thread Group 1-10,text,true,,34408,157,1,1,http://localhost:8080/empresas,23,0,0
1775333695331,18,GET /empleados,200,,Thread Group 1-10,text,true,,174,158,1,1,http://localhost:8080/empleados,18,0,0
1775333695350,19,GET /roles,200,,Thread Group 1-10,text,true,,174,154,1,1,http://localhost:8080/roles,19,0,0
1775333695369,16,GET /gateways,200,,Thread Group 1-10,text,true,,174,167,1,1,http://localhost:8080/gateways/proceso/1,16,0,0
1775333695385,23,GET /arcos,200,,Thread Group 1-10,text,true,,174,164,1,1,http://localhost:8080/arcos/proceso/1,23,0,0
1775333695408,56,POST /empresas,200,,Thread Group 1-10,text,true,,235,302,1,1,http://localhost:8080/empresas,56,0,0
1775333695464,20,GET /empresas,200,,Thread Group 1-10,text,true,,34471,157,1,1,http://localhost:8080/empresas,20,0,0
1775333695485,15,GET /empleados,200,,Thread Group 1-10,text,true,,174,158,1,1,http://localhost:8080/empleados,15,0,0
1775333695501,18,GET /roles,200,,Thread Group 1-10,text,true,,174,154,1,1,http://localhost:8080/roles,18,0,0
1775333695519,24,GET /gateways,200,,Thread Group 1-10,text,true,,174,167,1,1,http://localhost:8080/gateways/proceso/1,24,0,0
1775333695544,20,GET /arcos,200,,Thread Group 1-10,text,true,,174,164,1,1,http://localhost:8080/arcos/proceso/1,20,0,0
1775333695565,46,POST /empresas,200,,Thread Group 1-10,text,true,,235,302,1,1,http://localhost:8080/empresas,46,0,0
1775333695611,24,GET /empresas,200,,Thread Group 1-10,text,true,,34534,157,1,1,http://localhost:8080/empresas,23,0,0
1775333695635,24,GET /empleados,200,,Thread Group 1-10,text,true,,174,158,1,1,http://localhost:8080/empleados,24,0,0
1775333695660,16,GET /roles,200,,Thread Group 1-10,text,true,,174,154,1,1,http://localhost:8080/roles,16,0,0
1775333695677,18,GET /gateways,200,,Thread Group 1-10,text,true,,174,167,1,1,http://localhost:8080/gateways/proceso/1,18,0,0
1775333695695,16,GET /arcos,200,,Thread Group 1-10,text,true,,174,164,1,1,http://localhost:8080/arcos/proceso/1,15,0,0
1775333695711,67,POST /empresas,200,,Thread Group 1-10,text,true,,235,302,2,2,http://localhost:8080/empresas,67,0,0
1775333695753,33,GET /empresas,200,,Thread Group 1-11,text,true,,34597,157,2,2,http://localhost:8080/empresas,33,0,1
1775333695786,34,GET /empleados,200,,Thread Group 1-11,text,true,,174,158,2,2,http://localhost:8080/empleados,34,0,0
1775333695778,44,GET /empresas,200,,Thread Group 1-10,text,true,,34597,157,2,2,http://localhost:8080/empresas,43,0,0
1775333695822,14,GET /empleados,200,,Thread Group 1-10,text,true,,174,158,2,2,http://localhost:8080/empleados,14,0,0
1775333695821,15,GET /roles,200,,Thread Group 1-11,text,true,,174,154,2,2,http://localhost:8080/roles,15,0,0
1775333695836,18,GET /gateways,200,,Thread Group 1-11,text,true,,174,167,2,2,http://localhost:8080/gateways/proceso/1,18,0,0
1775333695836,18,GET /roles,200,,Thread Group 1-10,text,true,,174,154,2,2,http://localhost:8080/roles,18,0,0
1775333695854,17,GET /arcos,200,,Thread Group 1-11,text,true,,174,164,2,2,http://localhost:8080/arcos/proceso/1,17,0,0
1775333695854,17,GET /gateways,200,,Thread Group 1-10,text,true,,174,167,2,2,http://localhost:8080/gateways/proceso/1,17,0,0
1775333695872,21,GET /arcos,200,,Thread Group 1-10,text,true,,174,164,2,2,http://localhost:8080/arcos/proceso/1,21,0,0
1775333695872,65,POST /empresas,200,,Thread Group 1-11,text,true,,235,302,2,2,http://localhost:8080/empresas,65,0,0
1775333695894,63,POST /empresas,200,,Thread Group 1-10,text,true,,235,302,2,2,http://localhost:8080/empresas,63,0,0
1775333695937,28,GET /empresas,200,,Thread Group 1-11,text,true,,34723,157,1,1,http://localhost:8080/empresas,27,0,0
1775333695965,18,GET /empleados,200,,Thread Group 1-11,text,true,,174,158,1,1,http://localhost:8080/empleados,18,0,0
1775333695983,34,GET /roles,200,,Thread Group 1-11,text,true,,174,154,1,1,http://localhost:8080/roles,34,0,0
1775333696018,27,GET /gateways,200,,Thread Group 1-11,text,true,,174,167,1,1,http://localhost:8080/gateways/proceso/1,27,0,0
1775333696045,18,GET /arcos,200,,Thread Group 1-11,text,true,,174,164,1,1,http://localhost:8080/arcos/proceso/1,18,0,0
1775333696063,52,POST /empresas,200,,Thread Group 1-11,text,true,,235,302,1,1,http://localhost:8080/empresas,52,0,0
1775333696116,30,GET /empresas,200,,Thread Group 1-11,text,true,,34786,157,1,1,http://localhost:8080/empresas,30,0,0
1775333696146,21,GET /empleados,200,,Thread Group 1-11,text,true,,174,158,1,1,http://localhost:8080/empleados,21,0,0
1775333696167,18,GET /roles,200,,Thread Group 1-11,text,true,,174,154,1,1,http://localhost:8080/roles,18,0,0
1775333696186,18,GET /gateways,200,,Thread Group 1-11,text,true,,174,167,1,1,http://localhost:8080/gateways/proceso/1,18,0,0
1775333696204,23,GET /arcos,200,,Thread Group 1-11,text,true,,174,164,1,1,http://localhost:8080/arcos/proceso/1,23,0,0
1775333696227,70,POST /empresas,200,,Thread Group 1-11,text,true,,235,302,1,1,http://localhost:8080/empresas,70,0,0
1775333696297,25,GET /empresas,200,,Thread Group 1-11,text,true,,34849,157,1,1,http://localhost:8080/empresas,24,0,0
1775333696322,22,GET /empleados,200,,Thread Group 1-11,text,true,,174,158,1,1,http://localhost:8080/empleados,22,0,0
1775333696344,18,GET /roles,200,,Thread Group 1-11,text,true,,174,154,2,2,http://localhost:8080/roles,18,0,0
1775333696362,16,GET /gateways,200,,Thread Group 1-11,text,true,,174,167,2,2,http://localhost:8080/gateways/proceso/1,16,0,0
1775333696353,26,GET /empresas,200,,Thread Group 1-12,text,true,,34849,157,2,2,http://localhost:8080/empresas,26,0,1
1775333696378,16,GET /arcos,200,,Thread Group 1-11,text,true,,174,164,2,2,http://localhost:8080/arcos/proceso/1,16,0,0
1775333696380,21,GET /empleados,200,,Thread Group 1-12,text,true,,174,158,2,2,http://localhost:8080/empleados,21,0,0
1775333696401,16,GET /roles,200,,Thread Group 1-12,text,true,,174,154,2,2,http://localhost:8080/roles,16,0,0
1775333696418,10,GET /gateways,200,,Thread Group 1-12,text,true,,174,167,2,2,http://localhost:8080/gateways/proceso/1,10,0,0
1775333696428,16,GET /arcos,200,,Thread Group 1-12,text,true,,174,164,2,2,http://localhost:8080/arcos/proceso/1,16,0,0
1775333696394,56,POST /empresas,200,,Thread Group 1-11,text,true,,235,302,2,2,http://localhost:8080/empresas,56,0,0
1775333696451,26,GET /empresas,200,,Thread Group 1-11,text,true,,34912,157,2,2,http://localhost:8080/empresas,26,0,0
1775333696478,17,GET /empleados,200,,Thread Group 1-11,text,true,,174,158,2,2,http://localhost:8080/empleados,17,0,0
1775333696444,54,POST /empresas,200,,Thread Group 1-12,text,true,,235,302,2,2,http://localhost:8080/empresas,54,0,0
1775333696495,19,GET /roles,200,,Thread Group 1-11,text,true,,174,154,2,2,http://localhost:8080/roles,19,0,0
1775333696498,28,GET /empresas,200,,Thread Group 1-12,text,true,,34975,157,2,2,http://localhost:8080/empresas,28,0,0
1775333696515,28,GET /gateways,200,,Thread Group 1-11,text,true,,174,167,2,2,http://localhost:8080/gateways/proceso/1,27,0,0
1775333696526,17,GET /empleados,200,,Thread Group 1-12,text,true,,174,158,2,2,http://localhost:8080/empleados,16,0,0
1775333696543,20,GET /roles,200,,Thread Group 1-12,text,true,,174,154,2,2,http://localhost:8080/roles,20,0,0
1775333696543,20,GET /arcos,200,,Thread Group 1-11,text,true,,174,164,2,2,http://localhost:8080/arcos/proceso/1,20,0,0
1775333696564,22,GET /gateways,200,,Thread Group 1-12,text,true,,174,167,2,2,http://localhost:8080/gateways/proceso/1,22,0,0
1775333696586,17,GET /arcos,200,,Thread Group 1-12,text,true,,174,164,2,2,http://localhost:8080/arcos/proceso/1,17,0,0
1775333696564,51,POST /empresas,200,,Thread Group 1-11,text,true,,235,302,2,2,http://localhost:8080/empresas,51,0,0
1775333696603,56,POST /empresas,200,,Thread Group 1-12,text,true,,235,302,1,1,http://localhost:8080/empresas,56,0,0
1775333696659,23,GET /empresas,200,,Thread Group 1-12,text,true,,35101,157,1,1,http://localhost:8080/empresas,23,0,0
1775333696682,22,GET /empleados,200,,Thread Group 1-12,text,true,,174,158,1,1,http://localhost:8080/empleados,22,0,0
1775333696704,23,GET /roles,200,,Thread Group 1-12,text,true,,174,154,1,1,http://localhost:8080/roles,23,0,0
1775333696727,17,GET /gateways,200,,Thread Group 1-12,text,true,,174,167,1,1,http://localhost:8080/gateways/proceso/1,17,0,0
1775333696745,14,GET /arcos,200,,Thread Group 1-12,text,true,,174,164,1,1,http://localhost:8080/arcos/proceso/1,14,0,0
1775333696760,51,POST /empresas,200,,Thread Group 1-12,text,true,,235,302,1,1,http://localhost:8080/empresas,51,0,0
1775333696811,22,GET /empresas,200,,Thread Group 1-12,text,true,,35164,157,1,1,http://localhost:8080/empresas,22,0,0
1775333696834,24,GET /empleados,200,,Thread Group 1-12,text,true,,174,158,1,1,http://localhost:8080/empleados,23,0,0
1775333696858,15,GET /roles,200,,Thread Group 1-12,text,true,,174,154,1,1,http://localhost:8080/roles,15,0,0
1775333696874,19,GET /gateways,200,,Thread Group 1-12,text,true,,174,167,1,1,http://localhost:8080/gateways/proceso/1,19,0,0
1775333696894,15,GET /arcos,200,,Thread Group 1-12,text,true,,174,164,1,1,http://localhost:8080/arcos/proceso/1,15,0,0
1775333696909,51,POST /empresas,200,,Thread Group 1-12,text,true,,235,302,2,2,http://localhost:8080/empresas,51,0,0
1775333696952,22,GET /empresas,200,,Thread Group 1-13,text,true,,35227,157,2,2,http://localhost:8080/empresas,22,0,0
1775333696961,23,GET /empresas,200,,Thread Group 1-12,text,true,,35227,157,2,2,http://localhost:8080/empresas,23,0,0
1775333696975,18,GET /empleados,200,,Thread Group 1-13,text,true,,174,158,2,2,http://localhost:8080/empleados,18,0,0
1775333696993,11,GET /roles,200,,Thread Group 1-13,text,true,,174,154,2,2,http://localhost:8080/roles,11,0,0
1775333696984,20,GET /empleados,200,,Thread Group 1-12,text,true,,174,158,2,2,http://localhost:8080/empleados,20,0,0
1775333697004,16,GET /gateways,200,,Thread Group 1-13,text,true,,174,167,2,2,http://localhost:8080/gateways/proceso/1,16,0,0
1775333697004,16,GET /roles,200,,Thread Group 1-12,text,true,,174,154,2,2,http://localhost:8080/roles,16,0,0
1775333697020,23,GET /arcos,200,,Thread Group 1-13,text,true,,174,164,2,2,http://localhost:8080/arcos/proceso/1,23,0,0
1775333697020,23,GET /gateways,200,,Thread Group 1-12,text,true,,174,167,2,2,http://localhost:8080/gateways/proceso/1,23,0,0
1775333697043,18,GET /arcos,200,,Thread Group 1-12,text,true,,174,164,2,2,http://localhost:8080/arcos/proceso/1,18,0,0
1775333697043,52,POST /empresas,200,,Thread Group 1-13,text,true,,235,302,2,2,http://localhost:8080/empresas,52,0,0
1775333697062,47,POST /empresas,200,,Thread Group 1-12,text,true,,235,302,2,2,http://localhost:8080/empresas,47,0,0
1775333697095,25,GET /empresas,200,,Thread Group 1-13,text,true,,35290,157,1,1,http://localhost:8080/empresas,25,0,0
1775333697120,24,GET /empleados,200,,Thread Group 1-13,text,true,,174,158,1,1,http://localhost:8080/empleados,23,0,0
1775333697144,23,GET /roles,200,,Thread Group 1-13,text,true,,174,154,1,1,http://localhost:8080/roles,23,0,0
1775333697167,16,GET /gateways,200,,Thread Group 1-13,text,true,,174,167,1,1,http://localhost:8080/gateways/proceso/1,16,0,0
1775333697184,17,GET /arcos,200,,Thread Group 1-13,text,true,,174,164,1,1,http://localhost:8080/arcos/proceso/1,17,0,0
1775333697201,47,POST /empresas,200,,Thread Group 1-13,text,true,,235,302,1,1,http://localhost:8080/empresas,47,0,0
1775333697248,29,GET /empresas,200,,Thread Group 1-13,text,true,,35416,157,1,1,http://localhost:8080/empresas,29,0,0
1775333697278,14,GET /empleados,200,,Thread Group 1-13,text,true,,174,158,1,1,http://localhost:8080/empleados,14,0,0
1775333697292,15,GET /roles,200,,Thread Group 1-13,text,true,,174,154,1,1,http://localhost:8080/roles,15,0,0
1775333697308,15,GET /gateways,200,,Thread Group 1-13,text,true,,174,167,1,1,http://localhost:8080/gateways/proceso/1,15,0,0
1775333697323,21,GET /arcos,200,,Thread Group 1-13,text,true,,174,164,1,1,http://localhost:8080/arcos/proceso/1,21,0,0
1775333697344,55,POST /empresas,200,,Thread Group 1-13,text,true,,235,302,1,1,http://localhost:8080/empresas,55,0,0
1775333697400,25,GET /empresas,200,,Thread Group 1-13,text,true,,35479,157,1,1,http://localhost:8080/empresas,25,0,0
1775333697425,19,GET /empleados,200,,Thread Group 1-13,text,true,,174,158,1,1,http://localhost:8080/empleados,18,0,0
1775333697444,15,GET /roles,200,,Thread Group 1-13,text,true,,174,154,1,1,http://localhost:8080/roles,15,0,0
1775333697459,20,GET /gateways,200,,Thread Group 1-13,text,true,,174,167,1,1,http://localhost:8080/gateways/proceso/1,20,0,0
1775333697479,24,GET /arcos,200,,Thread Group 1-13,text,true,,174,164,1,1,http://localhost:8080/arcos/proceso/1,24,0,0
1775333697504,54,POST /empresas,200,,Thread Group 1-13,text,true,,235,302,2,2,http://localhost:8080/empresas,54,0,0
1775333697553,23,GET /empresas,200,,Thread Group 1-14,text,true,,35542,157,2,2,http://localhost:8080/empresas,23,0,0
1775333697558,25,GET /empresas,200,,Thread Group 1-13,text,true,,35542,157,2,2,http://localhost:8080/empresas,25,0,0
1775333697577,17,GET /empleados,200,,Thread Group 1-14,text,true,,174,158,2,2,http://localhost:8080/empleados,17,0,0
1775333697583,15,GET /empleados,200,,Thread Group 1-13,text,true,,174,158,2,2,http://localhost:8080/empleados,15,0,0
1775333697595,15,GET /roles,200,,Thread Group 1-14,text,true,,174,154,2,2,http://localhost:8080/roles,15,0,0
1775333697598,12,GET /roles,200,,Thread Group 1-13,text,true,,174,154,2,2,http://localhost:8080/roles,12,0,0
1775333697610,16,GET /gateways,200,,Thread Group 1-13,text,true,,174,167,2,2,http://localhost:8080/gateways/proceso/1,16,0,0
1775333697610,16,GET /gateways,200,,Thread Group 1-14,text,true,,174,167,2,2,http://localhost:8080/gateways/proceso/1,16,0,0
1775333697626,17,GET /arcos,200,,Thread Group 1-14,text,true,,174,164,2,2,http://localhost:8080/arcos/proceso/1,17,0,0
1775333697626,17,GET /arcos,200,,Thread Group 1-13,text,true,,174,164,2,2,http://localhost:8080/arcos/proceso/1,17,0,0
1775333697643,50,POST /empresas,200,,Thread Group 1-14,text,true,,235,302,2,2,http://localhost:8080/empresas,50,0,0
1775333697643,53,POST /empresas,200,,Thread Group 1-13,text,true,,235,302,2,2,http://localhost:8080/empresas,53,0,0
1775333697693,23,GET /empresas,200,,Thread Group 1-14,text,true,,35668,157,1,1,http://localhost:8080/empresas,23,0,0
1775333697716,14,GET /empleados,200,,Thread Group 1-14,text,true,,174,158,1,1,http://localhost:8080/empleados,14,0,0
1775333697730,19,GET /roles,200,,Thread Group 1-14,text,true,,174,154,1,1,http://localhost:8080/roles,19,0,0
1775333697749,18,GET /gateways,200,,Thread Group 1-14,text,true,,174,167,1,1,http://localhost:8080/gateways/proceso/1,18,0,0
1775333697768,18,GET /arcos,200,,Thread Group 1-14,text,true,,174,164,1,1,http://localhost:8080/arcos/proceso/1,18,0,0
1775333697787,60,POST /empresas,200,,Thread Group 1-14,text,true,,235,302,1,1,http://localhost:8080/empresas,60,0,0
1775333697847,27,GET /empresas,200,,Thread Group 1-14,text,true,,35731,157,1,1,http://localhost:8080/empresas,27,0,0
1775333697874,17,GET /empleados,200,,Thread Group 1-14,text,true,,174,158,1,1,http://localhost:8080/empleados,17,0,0
1775333697891,19,GET /roles,200,,Thread Group 1-14,text,true,,174,154,1,1,http://localhost:8080/roles,19,0,0
1775333697910,18,GET /gateways,200,,Thread Group 1-14,text,true,,174,167,1,1,http://localhost:8080/gateways/proceso/1,18,0,0
1775333697929,14,GET /arcos,200,,Thread Group 1-14,text,true,,174,164,1,1,http://localhost:8080/arcos/proceso/1,14,0,0
1775333697944,58,POST /empresas,200,,Thread Group 1-14,text,true,,235,302,1,1,http://localhost:8080/empresas,58,0,0
1775333698002,24,GET /empresas,200,,Thread Group 1-14,text,true,,35794,157,1,1,http://localhost:8080/empresas,24,0,0
1775333698027,21,GET /empleados,200,,Thread Group 1-14,text,true,,174,158,1,1,http://localhost:8080/empleados,20,0,0
1775333698048,20,GET /roles,200,,Thread Group 1-14,text,true,,174,154,1,1,http://localhost:8080/roles,20,0,0
1775333698069,16,GET /gateways,200,,Thread Group 1-14,text,true,,174,167,1,1,http://localhost:8080/gateways/proceso/1,16,0,0
1775333698085,18,GET /arcos,200,,Thread Group 1-14,text,true,,174,164,1,1,http://localhost:8080/arcos/proceso/1,18,0,0
1775333698103,59,POST /empresas,200,,Thread Group 1-14,text,true,,235,302,2,2,http://localhost:8080/empresas,59,0,0
1775333698153,23,GET /empresas,200,,Thread Group 1-15,text,true,,35857,157,2,2,http://localhost:8080/empresas,23,0,0
1775333698162,27,GET /empresas,200,,Thread Group 1-14,text,true,,35857,157,2,2,http://localhost:8080/empresas,27,0,0
1775333698176,15,GET /empleados,200,,Thread Group 1-15,text,true,,174,158,2,2,http://localhost:8080/empleados,15,0,0
1775333698190,16,GET /empleados,200,,Thread Group 1-14,text,true,,174,158,2,2,http://localhost:8080/empleados,16,0,0
1775333698191,15,GET /roles,200,,Thread Group 1-15,text,true,,174,154,2,2,http://localhost:8080/roles,14,0,0
1775333698206,20,GET /roles,200,,Thread Group 1-14,text,true,,174,154,2,2,http://localhost:8080/roles,20,0,0
1775333698206,20,GET /gateways,200,,Thread Group 1-15,text,true,,174,167,2,2,http://localhost:8080/gateways/proceso/1,20,0,0
1775333698226,15,GET /gateways,200,,Thread Group 1-14,text,true,,174,167,2,2,http://localhost:8080/gateways/proceso/1,15,0,0
1775333698226,15,GET /arcos,200,,Thread Group 1-15,text,true,,174,164,2,2,http://localhost:8080/arcos/proceso/1,15,0,0
1775333698242,16,GET /arcos,200,,Thread Group 1-14,text,true,,174,164,2,2,http://localhost:8080/arcos/proceso/1,16,0,0
1775333698242,51,POST /empresas,200,,Thread Group 1-15,text,true,,235,302,2,2,http://localhost:8080/empresas,51,0,0
1775333698258,51,POST /empresas,200,,Thread Group 1-14,text,true,,235,302,2,2,http://localhost:8080/empresas,51,0,0
1775333698293,27,GET /empresas,200,,Thread Group 1-15,text,true,,35983,157,1,1,http://localhost:8080/empresas,27,0,0
1775333698321,18,GET /empleados,200,,Thread Group 1-15,text,true,,174,158,1,1,http://localhost:8080/empleados,18,0,0
1775333698339,17,GET /roles,200,,Thread Group 1-15,text,true,,174,154,1,1,http://localhost:8080/roles,17,0,0
1775333698356,18,GET /gateways,200,,Thread Group 1-15,text,true,,174,167,1,1,http://localhost:8080/gateways/proceso/1,18,0,0
1775333698375,18,GET /arcos,200,,Thread Group 1-15,text,true,,174,164,1,1,http://localhost:8080/arcos/proceso/1,18,0,0
1775333698393,54,POST /empresas,200,,Thread Group 1-15,text,true,,235,302,1,1,http://localhost:8080/empresas,54,0,0
1775333698447,25,GET /empresas,200,,Thread Group 1-15,text,true,,36046,157,1,1,http://localhost:8080/empresas,25,0,0
1775333698475,16,GET /empleados,200,,Thread Group 1-15,text,true,,174,158,1,1,http://localhost:8080/empleados,16,0,0
1775333698492,21,GET /roles,200,,Thread Group 1-15,text,true,,174,154,1,1,http://localhost:8080/roles,21,0,0
1775333698513,21,GET /gateways,200,,Thread Group 1-15,text,true,,174,167,1,1,http://localhost:8080/gateways/proceso/1,21,0,0
1775333698535,15,GET /arcos,200,,Thread Group 1-15,text,true,,174,164,1,1,http://localhost:8080/arcos/proceso/1,15,0,0
1775333698550,56,POST /empresas,200,,Thread Group 1-15,text,true,,235,302,1,1,http://localhost:8080/empresas,55,0,0
1775333698606,35,GET /empresas,200,,Thread Group 1-15,text,true,,36109,157,1,1,http://localhost:8080/empresas,35,0,0
1775333698642,20,GET /empleados,200,,Thread Group 1-15,text,true,,174,158,1,1,http://localhost:8080/empleados,20,0,0
1775333698662,18,GET /roles,200,,Thread Group 1-15,text,true,,174,154,1,1,http://localhost:8080/roles,18,0,0
1775333698680,15,GET /gateways,200,,Thread Group 1-15,text,true,,174,167,1,1,http://localhost:8080/gateways/proceso/1,15,0,0
1775333698695,13,GET /arcos,200,,Thread Group 1-15,text,true,,174,164,1,1,http://localhost:8080/arcos/proceso/1,13,0,0
1775333698708,51,POST /empresas,200,,Thread Group 1-15,text,true,,235,302,2,2,http://localhost:8080/empresas,51,0,0
1775333698754,23,GET /empresas,200,,Thread Group 1-16,text,true,,36172,157,2,2,http://localhost:8080/empresas,23,0,1
1775333698759,25,GET /empresas,200,,Thread Group 1-15,text,true,,36172,157,2,2,http://localhost:8080/empresas,24,0,0
1775333698778,20,GET /empleados,200,,Thread Group 1-16,text,true,,174,158,2,2,http://localhost:8080/empleados,20,0,0
1775333698784,43,GET /empleados,200,,Thread Group 1-15,text,true,,174,158,2,2,http://localhost:8080/empleados,42,0,0
1775333698798,29,GET /roles,200,,Thread Group 1-16,text,true,,174,154,2,2,http://localhost:8080/roles,29,0,0
1775333698827,41,GET /roles,200,,Thread Group 1-15,text,true,,174,154,2,2,http://localhost:8080/roles,41,0,0
1775333698827,41,GET /gateways,200,,Thread Group 1-16,text,true,,174,167,2,2,http://localhost:8080/gateways/proceso/1,41,0,0
1775333698868,44,GET /arcos,200,,Thread Group 1-16,text,true,,174,164,2,2,http://localhost:8080/arcos/proceso/1,44,0,0
1775333698868,44,GET /gateways,200,,Thread Group 1-15,text,true,,174,167,2,2,http://localhost:8080/gateways/proceso/1,44,0,0
1775333698912,41,GET /arcos,200,,Thread Group 1-15,text,true,,174,164,2,2,http://localhost:8080/arcos/proceso/1,41,0,0
1775333698912,117,POST /empresas,200,,Thread Group 1-16,text,true,,235,302,2,2,http://localhost:8080/empresas,117,0,0
1775333698953,98,POST /empresas,200,,Thread Group 1-15,text,true,,235,302,2,2,http://localhost:8080/empresas,98,0,0
1775333699029,46,GET /empresas,200,,Thread Group 1-16,text,true,,36298,157,1,1,http://localhost:8080/empresas,46,0,0
1775333699076,42,GET /empleados,200,,Thread Group 1-16,text,true,,174,158,1,1,http://localhost:8080/empleados,42,0,0
1775333699118,39,GET /roles,200,,Thread Group 1-16,text,true,,174,154,1,1,http://localhost:8080/roles,39,0,0
1775333699158,48,GET /gateways,200,,Thread Group 1-16,text,true,,174,167,1,1,http://localhost:8080/gateways/proceso/1,48,0,0
1775333699207,44,GET /arcos,200,,Thread Group 1-16,text,true,,174,164,1,1,http://localhost:8080/arcos/proceso/1,44,0,0
1775333699251,112,POST /empresas,200,,Thread Group 1-16,text,true,,235,302,2,2,http://localhost:8080/empresas,112,0,0
1775333699353,29,GET /empresas,200,,Thread Group 1-17,text,true,,36361,157,2,2,http://localhost:8080/empresas,28,0,1
1775333699382,25,GET /empleados,200,,Thread Group 1-17,text,true,,174,158,2,2,http://localhost:8080/empleados,25,0,0
1775333699364,44,GET /empresas,200,,Thread Group 1-16,text,true,,36361,157,2,2,http://localhost:8080/empresas,44,0,0
1775333699409,41,GET /empleados,200,,Thread Group 1-16,text,true,,174,158,2,2,http://localhost:8080/empleados,41,0,0
1775333699407,43,GET /roles,200,,Thread Group 1-17,text,true,,174,154,2,2,http://localhost:8080/roles,43,0,0
1775333699450,39,GET /roles,200,,Thread Group 1-16,text,true,,174,154,2,2,http://localhost:8080/roles,39,0,0
1775333699450,39,GET /gateways,200,,Thread Group 1-17,text,true,,174,167,2,2,http://localhost:8080/gateways/proceso/1,39,0,0
1775333699489,40,GET /gateways,200,,Thread Group 1-16,text,true,,174,167,2,2,http://localhost:8080/gateways/proceso/1,40,0,0
1775333699489,40,GET /arcos,200,,Thread Group 1-17,text,true,,174,164,2,2,http://localhost:8080/arcos/proceso/1,40,0,0
1775333699529,28,GET /arcos,200,,Thread Group 1-16,text,true,,174,164,2,2,http://localhost:8080/arcos/proceso/1,28,0,0
1775333699529,100,POST /empresas,200,,Thread Group 1-17,text,true,,235,302,2,2,http://localhost:8080/empresas,100,0,0
1775333699557,95,POST /empresas,200,,Thread Group 1-16,text,true,,235,302,2,2,http://localhost:8080/empresas,95,0,0
1775333699633,39,GET /empresas,200,,Thread Group 1-17,text,true,,36487,157,2,2,http://localhost:8080/empresas,39,0,0
1775333699672,27,GET /empleados,200,,Thread Group 1-17,text,true,,174,158,2,2,http://localhost:8080/empleados,27,0,0
1775333699652,49,GET /empresas,200,,Thread Group 1-16,text,true,,36487,157,2,2,http://localhost:8080/empresas,49,0,0
1775333699699,43,GET /roles,200,,Thread Group 1-17,text,true,,174,154,2,2,http://localhost:8080/roles,43,0,0
1775333699701,41,GET /empleados,200,,Thread Group 1-16,text,true,,174,158,2,2,http://localhost:8080/empleados,41,0,0
1775333699743,41,GET /roles,200,,Thread Group 1-16,text,true,,174,154,2,2,http://localhost:8080/roles,41,0,0
1775333699743,41,GET /gateways,200,,Thread Group 1-17,text,true,,174,167,2,2,http://localhost:8080/gateways/proceso/1,41,0,0
1775333699785,22,GET /arcos,200,,Thread Group 1-17,text,true,,174,164,2,2,http://localhost:8080/arcos/proceso/1,22,0,0
1775333699785,22,GET /gateways,200,,Thread Group 1-16,text,true,,174,167,2,2,http://localhost:8080/gateways/proceso/1,22,0,0
1775333699807,12,GET /arcos,200,,Thread Group 1-16,text,true,,174,164,2,2,http://localhost:8080/arcos/proceso/1,12,0,0
1775333699807,45,POST /empresas,200,,Thread Group 1-17,text,true,,235,302,2,2,http://localhost:8080/empresas,45,0,0
1775333699819,53,POST /empresas,200,,Thread Group 1-16,text,true,,235,302,2,2,http://localhost:8080/empresas,53,0,0
1775333699853,26,GET /empresas,200,,Thread Group 1-17,text,true,,36550,157,2,2,http://localhost:8080/empresas,26,0,0
1775333699880,15,GET /empleados,200,,Thread Group 1-17,text,true,,174,158,2,2,http://localhost:8080/empleados,15,0,0
1775333699873,23,GET /empresas,200,,Thread Group 1-16,text,true,,36613,157,2,2,http://localhost:8080/empresas,23,0,0
1775333699895,18,GET /roles,200,,Thread Group 1-17,text,true,,174,154,2,2,http://localhost:8080/roles,18,0,0
1775333699897,22,GET /empleados,200,,Thread Group 1-16,text,true,,174,158,2,2,http://localhost:8080/empleados,22,0,0
1775333699913,16,GET /gateways,200,,Thread Group 1-17,text,true,,174,167,2,2,http://localhost:8080/gateways/proceso/1,16,0,0
1775333699920,21,GET /roles,200,,Thread Group 1-16,text,true,,174,154,2,2,http://localhost:8080/roles,21,0,0
1775333699930,14,GET /arcos,200,,Thread Group 1-17,text,true,,174,164,2,2,http://localhost:8080/arcos/proceso/1,14,0,0
1775333699942,15,GET /gateways,200,,Thread Group 1-16,text,true,,174,167,3,3,http://localhost:8080/gateways/proceso/1,15,0,0
1775333699958,18,GET /arcos,200,,Thread Group 1-16,text,true,,174,164,3,3,http://localhost:8080/arcos/proceso/1,18,0,0
1775333699953,36,GET /empresas,200,,Thread Group 1-18,text,true,,36613,157,3,3,http://localhost:8080/empresas,36,0,1
1775333699945,58,POST /empresas,200,,Thread Group 1-17,text,true,,235,302,3,3,http://localhost:8080/empresas,58,0,0
1775333699990,22,GET /empleados,200,,Thread Group 1-18,text,true,,174,158,3,3,http://localhost:8080/empleados,22,0,0
1775333700013,16,GET /roles,200,,Thread Group 1-18,text,true,,174,154,3,3,http://localhost:8080/roles,16,0,0
1775333699976,56,POST /empresas,200,,Thread Group 1-16,text,true,,235,302,3,3,http://localhost:8080/empresas,56,0,0
1775333700003,31,GET /empresas,200,,Thread Group 1-17,text,true,,36676,157,2,2,http://localhost:8080/empresas,31,0,0
1775333700029,19,GET /gateways,200,,Thread Group 1-18,text,true,,174,167,2,2,http://localhost:8080/gateways/proceso/1,18,0,0
1775333700034,24,GET /empleados,200,,Thread Group 1-17,text,true,,174,158,2,2,http://localhost:8080/empleados,24,0,0
1775333700048,13,GET /arcos,200,,Thread Group 1-18,text,true,,174,164,2,2,http://localhost:8080/arcos/proceso/1,13,0,0
1775333700058,16,GET /roles,200,,Thread Group 1-17,text,true,,174,154,2,2,http://localhost:8080/roles,16,0,0
1775333700074,16,GET /gateways,200,,Thread Group 1-17,text,true,,174,167,2,2,http://localhost:8080/gateways/proceso/1,16,0,0
1775333700061,46,POST /empresas,200,,Thread Group 1-18,text,true,,235,302,2,2,http://localhost:8080/empresas,46,0,0
1775333700090,20,GET /arcos,200,,Thread Group 1-17,text,true,,174,164,2,2,http://localhost:8080/arcos/proceso/1,20,0,0
1775333700108,24,GET /empresas,200,,Thread Group 1-18,text,true,,36802,157,2,2,http://localhost:8080/empresas,24,0,0
1775333700132,20,GET /empleados,200,,Thread Group 1-18,text,true,,174,158,2,2,http://localhost:8080/empleados,20,0,0
1775333700110,56,POST /empresas,200,,Thread Group 1-17,text,true,,235,302,2,2,http://localhost:8080/empresas,56,0,0
1775333700152,26,GET /roles,200,,Thread Group 1-18,text,true,,174,154,2,2,http://localhost:8080/roles,25,0,0
1775333700178,13,GET /gateways,200,,Thread Group 1-18,text,true,,174,167,2,2,http://localhost:8080/gateways/proceso/1,13,0,0
1775333700167,25,GET /empresas,200,,Thread Group 1-17,text,true,,36865,157,2,2,http://localhost:8080/empresas,25,0,0
1775333700191,18,GET /arcos,200,,Thread Group 1-18,text,true,,174,164,2,2,http://localhost:8080/arcos/proceso/1,18,0,0
1775333700192,17,GET /empleados,200,,Thread Group 1-17,text,true,,174,158,2,2,http://localhost:8080/empleados,17,0,0
1775333700209,19,GET /roles,200,,Thread Group 1-17,text,true,,174,154,2,2,http://localhost:8080/roles,19,0,0
1775333700229,19,GET /gateways,200,,Thread Group 1-17,text,true,,174,167,2,2,http://localhost:8080/gateways/proceso/1,19,0,0
1775333700248,16,GET /arcos,200,,Thread Group 1-17,text,true,,174,164,2,2,http://localhost:8080/arcos/proceso/1,16,0,0
1775333700209,55,POST /empresas,200,,Thread Group 1-18,text,true,,235,302,2,2,http://localhost:8080/empresas,55,0,0
1775333700264,22,GET /empresas,200,,Thread Group 1-18,text,true,,36928,157,2,2,http://localhost:8080/empresas,22,0,0
1775333700286,16,GET /empleados,200,,Thread Group 1-18,text,true,,174,158,2,2,http://localhost:8080/empleados,16,0,0
1775333700264,52,POST /empresas,200,,Thread Group 1-17,text,true,,235,302,2,2,http://localhost:8080/empresas,52,0,0
1775333700302,20,GET /roles,200,,Thread Group 1-18,text,true,,174,154,1,1,http://localhost:8080/roles,20,0,0
1775333700323,19,GET /gateways,200,,Thread Group 1-18,text,true,,174,167,1,1,http://localhost:8080/gateways/proceso/1,19,0,0
1775333700343,20,GET /arcos,200,,Thread Group 1-18,text,true,,174,164,1,1,http://localhost:8080/arcos/proceso/1,20,0,0
1775333700363,48,POST /empresas,200,,Thread Group 1-18,text,true,,235,302,1,1,http://localhost:8080/empresas,48,0,0
1775333700411,25,GET /empresas,200,,Thread Group 1-18,text,true,,37054,157,1,1,http://localhost:8080/empresas,25,0,0
1775333700436,21,GET /empleados,200,,Thread Group 1-18,text,true,,174,158,1,1,http://localhost:8080/empleados,21,0,0
1775333700457,17,GET /roles,200,,Thread Group 1-18,text,true,,174,154,1,1,http://localhost:8080/roles,17,0,0
1775333700477,22,GET /gateways,200,,Thread Group 1-18,text,true,,174,167,1,1,http://localhost:8080/gateways/proceso/1,22,0,0
1775333700499,14,GET /arcos,200,,Thread Group 1-18,text,true,,174,164,1,1,http://localhost:8080/arcos/proceso/1,14,0,0
1775333700514,50,POST /empresas,200,,Thread Group 1-18,text,true,,235,302,2,2,http://localhost:8080/empresas,50,0,0
1775333700555,26,GET /empresas,200,,Thread Group 1-19,text,true,,37118,157,2,2,http://localhost:8080/empresas,26,0,1
1775333700564,23,GET /empresas,200,,Thread Group 1-18,text,true,,37118,157,2,2,http://localhost:8080/empresas,23,0,0
1775333700581,15,GET /empleados,200,,Thread Group 1-19,text,true,,174,158,2,2,http://localhost:8080/empleados,15,0,0
1775333700588,15,GET /empleados,200,,Thread Group 1-18,text,true,,174,158,2,2,http://localhost:8080/empleados,15,0,0
1775333700596,14,GET /roles,200,,Thread Group 1-19,text,true,,174,154,2,2,http://localhost:8080/roles,13,0,0
1775333700604,14,GET /roles,200,,Thread Group 1-18,text,true,,174,154,2,2,http://localhost:8080/roles,14,0,0
1775333700610,15,GET /gateways,200,,Thread Group 1-19,text,true,,174,167,2,2,http://localhost:8080/gateways/proceso/1,15,0,0
1775333700619,14,GET /gateways,200,,Thread Group 1-18,text,true,,174,167,2,2,http://localhost:8080/gateways/proceso/1,14,0,0
1775333700625,18,GET /arcos,200,,Thread Group 1-19,text,true,,174,164,2,2,http://localhost:8080/arcos/proceso/1,18,0,0
1775333700633,17,GET /arcos,200,,Thread Group 1-18,text,true,,174,164,2,2,http://localhost:8080/arcos/proceso/1,17,0,0
1775333700644,64,POST /empresas,200,,Thread Group 1-19,text,true,,235,302,2,2,http://localhost:8080/empresas,64,0,0
1775333700650,58,POST /empresas,200,,Thread Group 1-18,text,true,,235,302,2,2,http://localhost:8080/empresas,58,0,0
1775333700708,27,GET /empresas,200,,Thread Group 1-19,text,true,,37244,157,1,1,http://localhost:8080/empresas,27,0,0
1775333700735,28,GET /empleados,200,,Thread Group 1-19,text,true,,174,158,1,1,http://localhost:8080/empleados,28,0,0
1775333700764,17,GET /roles,200,,Thread Group 1-19,text,true,,174,154,1,1,http://localhost:8080/roles,17,0,0
1775333700781,42,GET /gateways,200,,Thread Group 1-19,text,true,,174,167,1,1,http://localhost:8080/gateways/proceso/1,42,0,0
1775333700823,42,GET /arcos,200,,Thread Group 1-19,text,true,,174,164,1,1,http://localhost:8080/arcos/proceso/1,42,0,0
1775333700865,118,POST /empresas,200,,Thread Group 1-19,text,true,,235,302,1,1,http://localhost:8080/empresas,118,0,0
1775333700983,46,GET /empresas,200,,Thread Group 1-19,text,true,,37307,157,1,1,http://localhost:8080/empresas,46,0,0
1775333701029,43,GET /empleados,200,,Thread Group 1-19,text,true,,174,158,1,1,http://localhost:8080/empleados,43,0,0
1775333701073,43,GET /roles,200,,Thread Group 1-19,text,true,,174,154,1,1,http://localhost:8080/roles,43,0,0
1775333701116,41,GET /gateways,200,,Thread Group 1-19,text,true,,174,167,2,2,http://localhost:8080/gateways/proceso/1,41,0,0
1775333701157,41,GET /arcos,200,,Thread Group 1-19,text,true,,174,164,2,2,http://localhost:8080/arcos/proceso/1,41,0,0
1775333701152,48,GET /empresas,200,,Thread Group 1-20,text,true,,37307,157,2,2,http://localhost:8080/empresas,48,0,1
1775333701200,37,GET /empleados,200,,Thread Group 1-20,text,true,,174,158,2,2,http://localhost:8080/empleados,37,0,0
1775333701238,43,GET /roles,200,,Thread Group 1-20,text,true,,174,154,2,2,http://localhost:8080/roles,43,0,0
1775333701198,125,POST /empresas,200,,Thread Group 1-19,text,true,,235,302,2,2,http://localhost:8080/empresas,125,0,0
1775333701281,42,GET /gateways,200,,Thread Group 1-20,text,true,,174,167,2,2,http://localhost:8080/gateways/proceso/1,42,0,0
1775333701323,46,GET /arcos,200,,Thread Group 1-20,text,true,,174,164,2,2,http://localhost:8080/arcos/proceso/1,46,0,0
1775333701323,48,GET /empresas,200,,Thread Group 1-19,text,true,,37370,157,2,2,http://localhost:8080/empresas,47,0,0
1775333701371,38,GET /empleados,200,,Thread Group 1-19,text,true,,174,158,2,2,http://localhost:8080/empleados,38,0,0
1775333701409,41,GET /roles,200,,Thread Group 1-19,text,true,,174,154,2,2,http://localhost:8080/roles,41,0,0
1775333701451,38,GET /gateways,200,,Thread Group 1-19,text,true,,174,167,2,2,http://localhost:8080/gateways/proceso/1,38,0,0
1775333701369,120,POST /empresas,200,,Thread Group 1-20,text,true,,235,302,2,2,http://localhost:8080/empresas,120,0,0
1775333701489,17,GET /arcos,200,,Thread Group 1-19,text,true,,174,164,2,2,http://localhost:8080/arcos/proceso/1,17,0,0
1775333701489,44,GET /empresas,200,,Thread Group 1-20,text,true,,37433,157,2,2,http://localhost:8080/empresas,44,0,0
1775333701534,34,GET /empleados,200,,Thread Group 1-20,text,true,,174,158,2,2,http://localhost:8080/empleados,34,0,0
1775333701506,102,POST /empresas,200,,Thread Group 1-19,text,true,,235,302,2,2,http://localhost:8080/empresas,102,0,0
1775333701568,40,GET /roles,200,,Thread Group 1-20,text,true,,174,154,2,2,http://localhost:8080/roles,40,0,0
1775333701608,19,GET /gateways,200,,Thread Group 1-20,text,true,,174,167,2,2,http://localhost:8080/gateways/proceso/1,19,0,0
1775333701627,26,GET /arcos,200,,Thread Group 1-20,text,true,,174,164,2,2,http://localhost:8080/arcos/proceso/1,26,0,0
1775333701608,46,GET /empresas,200,,Thread Group 1-19,text,true,,37496,157,2,2,http://localhost:8080/empresas,46,0,0
1775333701654,39,GET /empleados,200,,Thread Group 1-19,text,true,,174,158,2,2,http://localhost:8080/empleados,39,0,0
1775333701693,39,GET /roles,200,,Thread Group 1-19,text,true,,174,154,2,2,http://localhost:8080/roles,39,0,0
1775333701653,116,POST /empresas,200,,Thread Group 1-20,text,true,,235,302,3,3,http://localhost:8080/empresas,116,0,0
1775333701732,37,GET /gateways,200,,Thread Group 1-19,text,true,,174,167,3,3,http://localhost:8080/gateways/proceso/1,37,0,0
1775333701769,19,GET /arcos,200,,Thread Group 1-19,text,true,,174,164,3,3,http://localhost:8080/arcos/proceso/1,19,0,0
1775333701752,38,GET /empresas,200,,Thread Group 1-21,text,true,,37559,157,3,3,http://localhost:8080/empresas,37,0,1
1775333701790,24,GET /empleados,200,,Thread Group 1-21,text,true,,174,158,3,3,http://localhost:8080/empleados,24,0,0
1775333701769,45,GET /empresas,200,,Thread Group 1-20,text,true,,37559,157,3,3,http://localhost:8080/empresas,45,0,0
1775333701815,39,GET /empleados,200,,Thread Group 1-20,text,true,,174,158,3,3,http://localhost:8080/empleados,39,0,0
1775333701814,40,GET /roles,200,,Thread Group 1-21,text,true,,174,154,3,3,http://localhost:8080/roles,40,0,0
1775333701854,39,GET /roles,200,,Thread Group 1-20,text,true,,174,154,3,3,http://localhost:8080/roles,39,0,0
1775333701788,105,POST /empresas,200,,Thread Group 1-19,text,true,,235,302,3,3,http://localhost:8080/empresas,105,0,0
1775333701854,39,GET /gateways,200,,Thread Group 1-21,text,true,,174,167,3,3,http://localhost:8080/gateways/proceso/1,39,0,0
1775333701893,35,GET /arcos,200,,Thread Group 1-21,text,true,,174,164,2,2,http://localhost:8080/arcos/proceso/1,35,0,0
1775333701893,35,GET /gateways,200,,Thread Group 1-20,text,true,,174,167,2,2,http://localhost:8080/gateways/proceso/1,35,0,0
1775333701928,43,GET /arcos,200,,Thread Group 1-20,text,true,,174,164,2,2,http://localhost:8080/arcos/proceso/1,43,0,0
1775333701928,128,POST /empresas,200,,Thread Group 1-21,text,true,,235,302,2,2,http://localhost:8080/empresas,128,0,0
1775333701971,101,POST /empresas,200,,Thread Group 1-20,text,true,,235,302,2,2,http://localhost:8080/empresas,101,0,0
1775333702056,37,GET /empresas,200,,Thread Group 1-21,text,true,,37685,157,2,2,http://localhost:8080/empresas,37,0,0
1775333702093,25,GET /empleados,200,,Thread Group 1-21,text,true,,174,158,2,2,http://localhost:8080/empleados,25,0,0
1775333702073,47,GET /empresas,200,,Thread Group 1-20,text,true,,37748,157,2,2,http://localhost:8080/empresas,47,0,0
1775333702121,38,GET /empleados,200,,Thread Group 1-20,text,true,,174,158,2,2,http://localhost:8080/empleados,38,0,0
1775333702118,41,GET /roles,200,,Thread Group 1-21,text,true,,174,154,2,2,http://localhost:8080/roles,41,0,0
1775333702159,47,GET /gateways,200,,Thread Group 1-21,text,true,,174,167,2,2,http://localhost:8080/gateways/proceso/1,47,0,0
1775333702159,47,GET /roles,200,,Thread Group 1-20,text,true,,174,154,2,2,http://localhost:8080/roles,47,0,0
1775333702206,41,GET /arcos,200,,Thread Group 1-21,text,true,,174,164,2,2,http://localhost:8080/arcos/proceso/1,41,0,0
1775333702206,41,GET /gateways,200,,Thread Group 1-20,text,true,,174,167,2,2,http://localhost:8080/gateways/proceso/1,41,0,0
1775333702247,38,GET /arcos,200,,Thread Group 1-20,text,true,,174,164,2,2,http://localhost:8080/arcos/proceso/1,38,0,0
1775333702247,119,POST /empresas,200,,Thread Group 1-21,text,true,,235,302,3,3,http://localhost:8080/empresas,119,0,0
1775333702285,103,POST /empresas,200,,Thread Group 1-20,text,true,,235,302,3,3,http://localhost:8080/empresas,103,0,0
1775333702352,36,GET /empresas,200,,Thread Group 1-22,text,true,,37811,157,3,3,http://localhost:8080/empresas,36,0,1
1775333702388,18,GET /empleados,200,,Thread Group 1-22,text,true,,174,158,3,3,http://localhost:8080/empleados,18,0,0
1775333702367,39,GET /empresas,200,,Thread Group 1-21,text,true,,37874,157,3,3,http://localhost:8080/empresas,39,0,0
1775333702406,30,GET /roles,200,,Thread Group 1-22,text,true,,174,154,3,3,http://localhost:8080/roles,30,0,0
1775333702406,30,GET /empleados,200,,Thread Group 1-21,text,true,,174,158,3,3,http://localhost:8080/empleados,30,0,0
1775333702388,50,GET /empresas,200,,Thread Group 1-20,text,true,,37874,157,3,3,http://localhost:8080/empresas,50,0,0
1775333702439,39,GET /empleados,200,,Thread Group 1-20,text,true,,174,158,3,3,http://localhost:8080/empleados,39,0,0
1775333702437,41,GET /gateways,200,,Thread Group 1-22,text,true,,174,167,3,3,http://localhost:8080/gateways/proceso/1,41,0,0
1775333702437,41,GET /roles,200,,Thread Group 1-21,text,true,,174,154,3,3,http://localhost:8080/roles,41,0,0
1775333702478,43,GET /roles,200,,Thread Group 1-20,text,true,,174,154,3,3,http://localhost:8080/roles,43,0,0
1775333702479,42,GET /arcos,200,,Thread Group 1-22,text,true,,174,164,3,3,http://localhost:8080/arcos/proceso/1,42,0,0
1775333702479,42,GET /gateways,200,,Thread Group 1-21,text,true,,174,167,3,3,http://localhost:8080/gateways/proceso/1,42,0,0
1775333702522,40,GET /gateways,200,,Thread Group 1-20,text,true,,174,167,3,3,http://localhost:8080/gateways/proceso/1,40,0,0
1775333702522,40,GET /arcos,200,,Thread Group 1-21,text,true,,174,164,3,3,http://localhost:8080/arcos/proceso/1,40,0,0
1775333702562,38,GET /arcos,200,,Thread Group 1-20,text,true,,174,164,3,3,http://localhost:8080/arcos/proceso/1,38,0,0
1775333702522,115,POST /empresas,200,,Thread Group 1-22,text,true,,235,302,3,3,http://localhost:8080/empresas,115,0,0
1775333702562,93,POST /empresas,200,,Thread Group 1-21,text,true,,235,302,3,3,http://localhost:8080/empresas,93,0,0
1775333702600,75,POST /empresas,200,,Thread Group 1-20,text,true,,235,302,3,3,http://localhost:8080/empresas,75,0,0
1775333702638,38,GET /empresas,200,,Thread Group 1-22,text,true,,38000,157,2,2,http://localhost:8080/empresas,38,0,0
1775333702677,11,GET /empleados,200,,Thread Group 1-22,text,true,,174,158,2,2,http://localhost:8080/empleados,11,0,0
1775333702656,33,GET /empresas,200,,Thread Group 1-21,text,true,,38063,157,2,2,http://localhost:8080/empresas,33,0,0
1775333702688,42,GET /roles,200,,Thread Group 1-22,text,true,,174,154,2,2,http://localhost:8080/roles,42,0,0
1775333702690,40,GET /empleados,200,,Thread Group 1-21,text,true,,174,158,2,2,http://localhost:8080/empleados,40,0,0
1775333702730,37,GET /gateways,200,,Thread Group 1-22,text,true,,174,167,2,2,http://localhost:8080/gateways/proceso/1,37,0,0
1775333702730,37,GET /roles,200,,Thread Group 1-21,text,true,,174,154,2,2,http://localhost:8080/roles,37,0,0
1775333702767,44,GET /gateways,200,,Thread Group 1-21,text,true,,174,167,2,2,http://localhost:8080/gateways/proceso/1,44,0,0
1775333702767,44,GET /arcos,200,,Thread Group 1-22,text,true,,174,164,2,2,http://localhost:8080/arcos/proceso/1,44,0,0
1775333702811,40,GET /arcos,200,,Thread Group 1-21,text,true,,174,164,2,2,http://localhost:8080/arcos/proceso/1,40,0,0
1775333702811,126,POST /empresas,200,,Thread Group 1-22,text,true,,235,302,2,2,http://localhost:8080/empresas,126,0,0
1775333702852,107,POST /empresas,200,,Thread Group 1-21,text,true,,235,302,3,3,http://localhost:8080/empresas,107,0,0
1775333702937,35,GET /empresas,200,,Thread Group 1-22,text,true,,38189,157,3,3,http://localhost:8080/empresas,35,0,0
1775333702954,25,GET /empresas,200,,Thread Group 1-23,text,true,,38189,157,3,3,http://localhost:8080/empresas,25,0,0
1775333702980,23,GET /empleados,200,,Thread Group 1-23,text,true,,174,158,3,3,http://localhost:8080/empleados,23,0,0
1775333702972,31,GET /empleados,200,,Thread Group 1-22,text,true,,174,158,3,3,http://localhost:8080/empleados,31,0,0
1775333702959,44,GET /empresas,200,,Thread Group 1-21,text,true,,38189,157,3,3,http://localhost:8080/empresas,44,0,0
1775333703004,35,GET /empleados,200,,Thread Group 1-21,text,true,,174,158,3,3,http://localhost:8080/empleados,35,0,0
1775333703003,36,GET /roles,200,,Thread Group 1-22,text,true,,174,154,3,3,http://localhost:8080/roles,36,0,0
1775333703003,36,GET /roles,200,,Thread Group 1-23,text,true,,174,154,3,3,http://localhost:8080/roles,36,0,0
1775333703039,39,GET /gateways,200,,Thread Group 1-23,text,true,,174,167,3,3,http://localhost:8080/gateways/proceso/1,39,0,0
1775333703039,39,GET /gateways,200,,Thread Group 1-22,text,true,,174,167,3,3,http://localhost:8080/gateways/proceso/1,39,0,0
1775333703039,39,GET /roles,200,,Thread Group 1-21,text,true,,174,154,3,3,http://localhost:8080/roles,39,0,0
1775333703079,43,GET /gateways,200,,Thread Group 1-21,text,true,,174,167,3,3,http://localhost:8080/gateways/proceso/1,43,0,0
1775333703079,43,GET /arcos,200,,Thread Group 1-23,text,true,,174,164,3,3,http://localhost:8080/arcos/proceso/1,43,0,0
1775333703079,43,GET /arcos,200,,Thread Group 1-22,text,true,,174,164,3,3,http://localhost:8080/arcos/proceso/1,43,0,0
1775333703122,39,GET /arcos,200,,Thread Group 1-21,text,true,,174,164,3,3,http://localhost:8080/arcos/proceso/1,39,0,0
1775333703122,116,POST /empresas,200,,Thread Group 1-22,text,true,,235,302,3,3,http://localhost:8080/empresas,116,0,0
1775333703122,116,POST /empresas,200,,Thread Group 1-23,text,true,,235,302,3,3,http://localhost:8080/empresas,116,0,0
1775333703238,22,GET /empresas,200,,Thread Group 1-23,text,true,,38315,157,3,3,http://localhost:8080/empresas,22,0,0
1775333703161,116,POST /empresas,200,,Thread Group 1-21,text,true,,235,302,3,3,http://localhost:8080/empresas,116,0,0
1775333703260,17,GET /empleados,200,,Thread Group 1-23,text,true,,174,158,3,3,http://localhost:8080/empleados,17,0,0
1775333703238,40,GET /empresas,200,,Thread Group 1-22,text,true,,38315,157,2,2,http://localhost:8080/empresas,40,0,0
1775333703277,43,GET /roles,200,,Thread Group 1-23,text,true,,174,154,2,2,http://localhost:8080/roles,43,0,0
1775333703278,42,GET /empleados,200,,Thread Group 1-22,text,true,,174,158,2,2,http://localhost:8080/empleados,42,0,0
1775333703321,41,GET /gateways,200,,Thread Group 1-23,text,true,,174,167,2,2,http://localhost:8080/gateways/proceso/1,41,0,0
1775333703321,41,GET /roles,200,,Thread Group 1-22,text,true,,174,154,2,2,http://localhost:8080/roles,41,0,0
1775333703362,45,GET /arcos,200,,Thread Group 1-23,text,true,,174,164,2,2,http://localhost:8080/arcos/proceso/1,45,0,0
1775333703362,45,GET /gateways,200,,Thread Group 1-22,text,true,,174,167,2,2,http://localhost:8080/gateways/proceso/1,45,0,0
1775333703407,40,GET /arcos,200,,Thread Group 1-22,text,true,,174,164,2,2,http://localhost:8080/arcos/proceso/1,40,0,0
1775333703407,120,POST /empresas,200,,Thread Group 1-23,text,true,,235,302,2,2,http://localhost:8080/empresas,120,0,0
1775333703448,97,POST /empresas,200,,Thread Group 1-22,text,true,,235,302,2,2,http://localhost:8080/empresas,97,0,0
1775333703527,34,GET /empresas,200,,Thread Group 1-23,text,true,,38504,157,3,3,http://localhost:8080/empresas,34,0,0
1775333703545,24,GET /empresas,200,,Thread Group 1-22,text,true,,38504,157,3,3,http://localhost:8080/empresas,24,0,0
1775333703569,31,GET /empleados,200,,Thread Group 1-22,text,true,,174,158,3,3,http://localhost:8080/empleados,31,0,0
1775333703561,39,GET /empleados,200,,Thread Group 1-23,text,true,,174,158,3,3,http://localhost:8080/empleados,39,0,0
1775333703552,49,GET /empresas,200,,Thread Group 1-24,text,true,,38504,157,3,3,http://localhost:8080/empresas,49,0,1
1775333703601,41,GET /roles,200,,Thread Group 1-22,text,true,,174,154,3,3,http://localhost:8080/roles,41,0,0
1775333703601,41,GET /empleados,200,,Thread Group 1-24,text,true,,174,158,3,3,http://localhost:8080/empleados,41,0,0
1775333703601,41,GET /roles,200,,Thread Group 1-23,text,true,,174,154,3,3,http://localhost:8080/roles,41,0,0
1775333703642,41,GET /gateways,200,,Thread Group 1-22,text,true,,174,167,3,3,http://localhost:8080/gateways/proceso/1,41,0,0
1775333703642,41,GET /roles,200,,Thread Group 1-24,text,true,,174,154,3,3,http://localhost:8080/roles,41,0,0
1775333703642,41,GET /gateways,200,,Thread Group 1-23,text,true,,174,167,3,3,http://localhost:8080/gateways/proceso/1,41,0,0
1775333703683,41,GET /arcos,200,,Thread Group 1-22,text,true,,174,164,3,3,http://localhost:8080/arcos/proceso/1,41,0,0
1775333703683,41,GET /arcos,200,,Thread Group 1-23,text,true,,174,164,3,3,http://localhost:8080/arcos/proceso/1,41,0,0
1775333703683,41,GET /gateways,200,,Thread Group 1-24,text,true,,174,167,3,3,http://localhost:8080/gateways/proceso/1,41,0,0
1775333703725,42,GET /arcos,200,,Thread Group 1-24,text,true,,174,164,3,3,http://localhost:8080/arcos/proceso/1,42,0,0
1775333703725,128,POST /empresas,200,,Thread Group 1-22,text,true,,235,302,3,3,http://localhost:8080/empresas,128,0,0
1775333703725,128,POST /empresas,200,,Thread Group 1-23,text,true,,235,302,3,3,http://localhost:8080/empresas,128,0,0
1775333703767,109,POST /empresas,200,,Thread Group 1-24,text,true,,235,302,2,2,http://localhost:8080/empresas,109,0,0
1775333703853,41,GET /empresas,200,,Thread Group 1-23,text,true,,38693,157,2,2,http://localhost:8080/empresas,41,0,0
1775333703895,17,GET /empleados,200,,Thread Group 1-23,text,true,,174,158,2,2,http://localhost:8080/empleados,17,0,0
1775333703876,38,GET /empresas,200,,Thread Group 1-24,text,true,,38693,157,2,2,http://localhost:8080/empresas,38,0,0
1775333703914,41,GET /empleados,200,,Thread Group 1-24,text,true,,174,158,2,2,http://localhost:8080/empleados,41,0,0
1775333703912,43,GET /roles,200,,Thread Group 1-23,text,true,,174,154,2,2,http://localhost:8080/roles,43,0,0
1775333703955,41,GET /roles,200,,Thread Group 1-24,text,true,,174,154,2,2,http://localhost:8080/roles,41,0,0
1775333703955,41,GET /gateways,200,,Thread Group 1-23,text,true,,174,167,2,2,http://localhost:8080/gateways/proceso/1,41,0,0
1775333703996,37,GET /arcos,200,,Thread Group 1-23,text,true,,174,164,2,2,http://localhost:8080/arcos/proceso/1,37,0,0
1775333703996,37,GET /gateways,200,,Thread Group 1-24,text,true,,174,167,2,2,http://localhost:8080/gateways/proceso/1,37,0,0
1775333704034,41,GET /arcos,200,,Thread Group 1-24,text,true,,174,164,2,2,http://localhost:8080/arcos/proceso/1,41,0,0
1775333704034,128,POST /empresas,200,,Thread Group 1-23,text,true,,235,302,3,3,http://localhost:8080/empresas,128,0,0
1775333704075,106,POST /empresas,200,,Thread Group 1-24,text,true,,235,302,3,3,http://localhost:8080/empresas,106,0,0
1775333704154,28,GET /empresas,200,,Thread Group 1-25,text,true,,38756,157,3,3,http://localhost:8080/empresas,28,0,0
1775333704182,10,GET /empleados,200,,Thread Group 1-25,text,true,,174,158,3,3,http://localhost:8080/empleados,10,0,0
1775333704162,32,GET /empresas,200,,Thread Group 1-23,text,true,,38819,157,3,3,http://localhost:8080/empresas,31,0,0
1775333704192,37,GET /roles,200,,Thread Group 1-25,text,true,,174,154,3,3,http://localhost:8080/roles,37,0,0
1775333704194,35,GET /empleados,200,,Thread Group 1-23,text,true,,174,158,3,3,http://localhost:8080/empleados,35,0,0
1775333704181,50,GET /empresas,200,,Thread Group 1-24,text,true,,38819,157,3,3,http://localhost:8080/empresas,49,0,0
1775333704229,41,GET /gateways,200,,Thread Group 1-25,text,true,,174,167,3,3,http://localhost:8080/gateways/proceso/1,41,0,0
1775333704231,39,GET /empleados,200,,Thread Group 1-24,text,true,,174,158,3,3,http://localhost:8080/empleados,39,0,0
1775333704229,41,GET /roles,200,,Thread Group 1-23,text,true,,174,154,3,3,http://localhost:8080/roles,41,0,0
1775333704270,37,GET /roles,200,,Thread Group 1-24,text,true,,174,154,3,3,http://localhost:8080/roles,37,0,0
1775333704270,37,GET /gateways,200,,Thread Group 1-23,text,true,,174,167,3,3,http://localhost:8080/gateways/proceso/1,37,0,0
1775333704270,37,GET /arcos,200,,Thread Group 1-25,text,true,,174,164,3,3,http://localhost:8080/arcos/proceso/1,37,0,0
1775333704307,40,GET /arcos,200,,Thread Group 1-23,text,true,,174,164,3,3,http://localhost:8080/arcos/proceso/1,40,0,0
1775333704307,40,GET /gateways,200,,Thread Group 1-24,text,true,,174,167,3,3,http://localhost:8080/gateways/proceso/1,40,0,0
1775333704347,40,GET /arcos,200,,Thread Group 1-24,text,true,,174,164,3,3,http://localhost:8080/arcos/proceso/1,40,0,0
1775333704307,124,POST /empresas,200,,Thread Group 1-25,text,true,,235,302,3,3,http://localhost:8080/empresas,124,0,0
1775333704347,106,POST /empresas,200,,Thread Group 1-23,text,true,,235,302,3,3,http://localhost:8080/empresas,106,0,0
1775333704387,90,POST /empresas,200,,Thread Group 1-24,text,true,,235,302,2,2,http://localhost:8080/empresas,90,0,0
1775333704432,47,GET /empresas,200,,Thread Group 1-25,text,true,,38882,157,2,2,http://localhost:8080/empresas,46,0,0
1775333704479,20,GET /empleados,200,,Thread Group 1-25,text,true,,174,158,2,2,http://localhost:8080/empleados,20,0,0
1775333704499,25,GET /roles,200,,Thread Group 1-25,text,true,,174,154,2,2,http://localhost:8080/roles,25,0,0
1775333704478,47,GET /empresas,200,,Thread Group 1-24,text,true,,39008,157,2,2,http://localhost:8080/empresas,47,0,0
1775333704526,39,GET /empleados,200,,Thread Group 1-24,text,true,,174,158,2,2,http://localhost:8080/empleados,39,0,0
1775333704524,41,GET /gateways,200,,Thread Group 1-25,text,true,,174,167,2,2,http://localhost:8080/gateways/proceso/1,41,0,0
1775333704565,42,GET /roles,200,,Thread Group 1-24,text,true,,174,154,2,2,http://localhost:8080/roles,42,0,0
1775333704565,42,GET /arcos,200,,Thread Group 1-25,text,true,,174,164,2,2,http://localhost:8080/arcos/proceso/1,42,0,0
1775333704608,39,GET /gateways,200,,Thread Group 1-24,text,true,,174,167,2,2,http://localhost:8080/gateways/proceso/1,39,0,0
1775333704647,40,GET /arcos,200,,Thread Group 1-24,text,true,,174,164,2,2,http://localhost:8080/arcos/proceso/1,40,0,0
1775333704608,115,POST /empresas,200,,Thread Group 1-25,text,true,,235,302,2,2,http://localhost:8080/empresas,115,0,0
1775333704687,82,POST /empresas,200,,Thread Group 1-24,text,true,,235,302,3,3,http://localhost:8080/empresas,82,0,0
1775333704723,48,GET /empresas,200,,Thread Group 1-25,text,true,,39071,157,3,3,http://localhost:8080/empresas,48,0,0
1775333704753,24,GET /empresas,200,,Thread Group 1-26,text,true,,39134,157,3,3,http://localhost:8080/empresas,24,0,1
1775333704777,36,GET /empleados,200,,Thread Group 1-26,text,true,,174,158,3,3,http://localhost:8080/empleados,36,0,0
1775333704771,42,GET /empleados,200,,Thread Group 1-25,text,true,,174,158,3,3,http://localhost:8080/empleados,42,0,0
1775333704770,44,GET /empresas,200,,Thread Group 1-24,text,true,,39134,157,3,3,http://localhost:8080/empresas,44,0,0
1775333704813,38,GET /roles,200,,Thread Group 1-26,text,true,,174,154,3,3,http://localhost:8080/roles,38,0,0
1775333704813,38,GET /roles,200,,Thread Group 1-25,text,true,,174,154,3,3,http://localhost:8080/roles,38,0,0
1775333704814,38,GET /empleados,200,,Thread Group 1-24,text,true,,174,158,3,3,http://localhost:8080/empleados,38,0,0
1775333704852,34,GET /gateways,200,,Thread Group 1-26,text,true,,174,167,3,3,http://localhost:8080/gateways/proceso/1,34,0,0
1775333704852,34,GET /gateways,200,,Thread Group 1-25,text,true,,174,167,3,3,http://localhost:8080/gateways/proceso/1,34,0,0
1775333704852,34,GET /roles,200,,Thread Group 1-24,text,true,,174,154,3,3,http://localhost:8080/roles,34,0,0
1775333704887,36,GET /arcos,200,,Thread Group 1-25,text,true,,174,164,3,3,http://localhost:8080/arcos/proceso/1,36,0,0
1775333704887,36,GET /arcos,200,,Thread Group 1-26,text,true,,174,164,3,3,http://localhost:8080/arcos/proceso/1,36,0,0
1775333704887,36,GET /gateways,200,,Thread Group 1-24,text,true,,174,167,3,3,http://localhost:8080/gateways/proceso/1,36,0,0
1775333704923,36,GET /arcos,200,,Thread Group 1-24,text,true,,174,164,3,3,http://localhost:8080/arcos/proceso/1,36,0,0
1775333704923,99,POST /empresas,200,,Thread Group 1-26,text,true,,235,302,3,3,http://localhost:8080/empresas,99,0,0
1775333704923,99,POST /empresas,200,,Thread Group 1-25,text,true,,235,302,3,3,http://localhost:8080/empresas,99,0,0
1775333704959,88,POST /empresas,200,,Thread Group 1-24,text,true,,235,302,3,3,http://localhost:8080/empresas,88,0,0
1775333705022,46,GET /empresas,200,,Thread Group 1-25,text,true,,39323,157,2,2,http://localhost:8080/empresas,46,0,0
1775333705022,46,GET /empresas,200,,Thread Group 1-26,text,true,,39323,157,2,2,http://localhost:8080/empresas,46,0,0
1775333705069,38,GET /empleados,200,,Thread Group 1-26,text,true,,174,158,2,2,http://localhost:8080/empleados,38,0,0
1775333705069,38,GET /empleados,200,,Thread Group 1-25,text,true,,174,158,2,2,http://localhost:8080/empleados,38,0,0
1775333705107,36,GET /roles,200,,Thread Group 1-25,text,true,,174,154,2,2,http://localhost:8080/roles,36,0,0
1775333705107,36,GET /roles,200,,Thread Group 1-26,text,true,,174,154,2,2,http://localhost:8080/roles,36,0,0
1775333705143,35,GET /gateways,200,,Thread Group 1-25,text,true,,174,167,2,2,http://localhost:8080/gateways/proceso/1,35,0,0
1775333705143,35,GET /gateways,200,,Thread Group 1-26,text,true,,174,167,2,2,http://localhost:8080/gateways/proceso/1,35,0,0
1775333705178,34,GET /arcos,200,,Thread Group 1-26,text,true,,174,164,2,2,http://localhost:8080/arcos/proceso/1,34,0,0
1775333705178,34,GET /arcos,200,,Thread Group 1-25,text,true,,174,164,2,2,http://localhost:8080/arcos/proceso/1,34,0,0
1775333705213,102,POST /empresas,200,,Thread Group 1-25,text,true,,235,302,2,2,http://localhost:8080/empresas,102,0,0
1775333705213,102,POST /empresas,200,,Thread Group 1-26,text,true,,235,302,2,2,http://localhost:8080/empresas,102,0,0
1775333705315,46,GET /empresas,200,,Thread Group 1-25,text,true,,39449,157,3,3,http://localhost:8080/empresas,46,0,0
1775333705315,46,GET /empresas,200,,Thread Group 1-26,text,true,,39449,157,3,3,http://localhost:8080/empresas,46,0,0
1775333705362,33,GET /empleados,200,,Thread Group 1-26,text,true,,174,158,3,3,http://localhost:8080/empleados,33,0,0
1775333705362,33,GET /empleados,200,,Thread Group 1-25,text,true,,174,158,3,3,http://localhost:8080/empleados,33,0,0
1775333705353,44,GET /empresas,200,,Thread Group 1-27,text,true,,39449,157,3,3,http://localhost:8080/empresas,43,0,1
1775333705395,33,GET /roles,200,,Thread Group 1-26,text,true,,174,154,3,3,http://localhost:8080/roles,33,0,0
1775333705395,33,GET /roles,200,,Thread Group 1-25,text,true,,174,154,3,3,http://localhost:8080/roles,33,0,0
1775333705397,32,GET /empleados,200,,Thread Group 1-27,text,true,,174,158,3,3,http://localhost:8080/empleados,31,0,0
1775333705429,36,GET /roles,200,,Thread Group 1-27,text,true,,174,154,3,3,http://localhost:8080/roles,36,0,0
1775333705429,36,GET /gateways,200,,Thread Group 1-25,text,true,,174,167,3,3,http://localhost:8080/gateways/proceso/1,36,0,0
1775333705429,36,GET /gateways,200,,Thread Group 1-26,text,true,,174,167,3,3,http://localhost:8080/gateways/proceso/1,36,0,0
1775333705465,35,GET /arcos,200,,Thread Group 1-25,text,true,,174,164,3,3,http://localhost:8080/arcos/proceso/1,35,0,0
1775333705465,35,GET /arcos,200,,Thread Group 1-26,text,true,,174,164,3,3,http://localhost:8080/arcos/proceso/1,35,0,0
1775333705465,36,GET /gateways,200,,Thread Group 1-27,text,true,,174,167,3,3,http://localhost:8080/gateways/proceso/1,35,0,0
1775333705501,50,GET /arcos,200,,Thread Group 1-27,text,true,,174,164,3,3,http://localhost:8080/arcos/proceso/1,50,0,0
1775333705501,118,POST /empresas,200,,Thread Group 1-26,text,true,,235,302,3,3,http://localhost:8080/empresas,117,0,0
1775333705501,118,POST /empresas,200,,Thread Group 1-25,text,true,,235,302,3,3,http://localhost:8080/empresas,118,0,0
1775333705551,86,POST /empresas,200,,Thread Group 1-27,text,true,,235,302,2,2,http://localhost:8080/empresas,86,0,0
1775333705619,37,GET /empresas,200,,Thread Group 1-26,text,true,,39638,157,2,2,http://localhost:8080/empresas,37,0,0
1775333705656,15,GET /empleados,200,,Thread Group 1-26,text,true,,174,158,2,2,http://localhost:8080/empleados,15,0,0
1775333705637,36,GET /empresas,200,,Thread Group 1-27,text,true,,39638,157,2,2,http://localhost:8080/empresas,36,0,0
1775333705673,33,GET /empleados,200,,Thread Group 1-27,text,true,,174,158,2,2,http://localhost:8080/empleados,33,0,0
1775333705671,35,GET /roles,200,,Thread Group 1-26,text,true,,174,154,2,2,http://localhost:8080/roles,35,0,0
1775333705706,33,GET /gateways,200,,Thread Group 1-26,text,true,,174,167,2,2,http://localhost:8080/gateways/proceso/1,33,0,0
1775333705706,33,GET /roles,200,,Thread Group 1-27,text,true,,174,154,2,2,http://localhost:8080/roles,33,0,0
1775333705739,32,GET /gateways,200,,Thread Group 1-27,text,true,,174,167,2,2,http://localhost:8080/gateways/proceso/1,32,0,0
1775333705739,32,GET /arcos,200,,Thread Group 1-26,text,true,,174,164,2,2,http://localhost:8080/arcos/proceso/1,32,0,0
1775333705772,35,GET /arcos,200,,Thread Group 1-27,text,true,,174,164,2,2,http://localhost:8080/arcos/proceso/1,35,0,0
1775333705772,115,POST /empresas,200,,Thread Group 1-26,text,true,,235,302,2,2,http://localhost:8080/empresas,115,0,0
1775333705808,98,POST /empresas,200,,Thread Group 1-27,text,true,,235,302,2,2,http://localhost:8080/empresas,98,0,0
1775333705887,40,GET /empresas,200,,Thread Group 1-26,text,true,,39764,157,2,2,http://localhost:8080/empresas,40,0,0
1775333705928,16,GET /empleados,200,,Thread Group 1-26,text,true,,174,158,2,2,http://localhost:8080/empleados,16,0,0
1775333705906,39,GET /empresas,200,,Thread Group 1-27,text,true,,39764,157,2,2,http://localhost:8080/empresas,39,0,0
1775333705945,24,GET /empleados,200,,Thread Group 1-27,text,true,,174,158,3,3,http://localhost:8080/empleados,24,0,0
1775333705944,25,GET /roles,200,,Thread Group 1-26,text,true,,174,154,3,3,http://localhost:8080/roles,25,0,0
1775333705969,26,GET /gateways,200,,Thread Group 1-26,text,true,,174,167,3,3,http://localhost:8080/gateways/proceso/1,26,0,0
1775333705969,26,GET /roles,200,,Thread Group 1-27,text,true,,174,154,3,3,http://localhost:8080/roles,26,0,0
1775333705952,45,GET /empresas,200,,Thread Group 1-28,text,true,,39764,157,3,3,http://localhost:8080/empresas,45,0,1
1775333705995,39,GET /arcos,200,,Thread Group 1-26,text,true,,174,164,3,3,http://localhost:8080/arcos/proceso/1,38,0,0
1775333705998,36,GET /empleados,200,,Thread Group 1-28,text,true,,174,158,3,3,http://localhost:8080/empleados,35,0,0
1775333705995,39,GET /gateways,200,,Thread Group 1-27,text,true,,174,167,3,3,http://localhost:8080/gateways/proceso/1,39,0,0
1775333706034,41,GET /arcos,200,,Thread Group 1-27,text,true,,174,164,3,3,http://localhost:8080/arcos/proceso/1,41,0,0
1775333706034,41,GET /roles,200,,Thread Group 1-28,text,true,,174,154,3,3,http://localhost:8080/roles,41,0,0
1775333706075,30,GET /gateways,200,,Thread Group 1-28,text,true,,174,167,3,3,http://localhost:8080/gateways/proceso/1,30,0,0
1775333706034,114,POST /empresas,200,,Thread Group 1-26,text,true,,235,302,3,3,http://localhost:8080/empresas,114,0,0
1775333706106,42,GET /arcos,200,,Thread Group 1-28,text,true,,174,164,3,3,http://localhost:8080/arcos/proceso/1,42,0,0
1775333706075,112,POST /empresas,200,,Thread Group 1-27,text,true,,235,302,2,2,http://localhost:8080/empresas,112,0,0
1775333706148,85,POST /empresas,200,,Thread Group 1-28,text,true,,235,302,2,2,http://localhost:8080/empresas,85,0,0
1775333706187,47,GET /empresas,200,,Thread Group 1-27,text,true,,39890,157,2,2,http://localhost:8080/empresas,47,0,0
1775333706234,20,GET /empleados,200,,Thread Group 1-27,text,true,,174,158,2,2,http://localhost:8080/empleados,20,0,0
1775333706254,25,GET /roles,200,,Thread Group 1-27,text,true,,174,154,2,2,http://localhost:8080/roles,25,0,0
1775333706233,48,GET /empresas,200,,Thread Group 1-28,text,true,,39953,157,2,2,http://localhost:8080/empresas,47,0,0
1775333706281,39,GET /empleados,200,,Thread Group 1-28,text,true,,174,158,2,2,http://localhost:8080/empleados,39,0,0
1775333706279,41,GET /gateways,200,,Thread Group 1-27,text,true,,174,167,2,2,http://localhost:8080/gateways/proceso/1,41,0,0
1775333706320,39,GET /roles,200,,Thread Group 1-28,text,true,,174,154,2,2,http://localhost:8080/roles,39,0,0
1775333706320,39,GET /arcos,200,,Thread Group 1-27,text,true,,174,164,2,2,http://localhost:8080/arcos/proceso/1,39,0,0
1775333706359,41,GET /gateways,200,,Thread Group 1-28,text,true,,174,167,2,2,http://localhost:8080/gateways/proceso/1,41,0,0
1775333706401,41,GET /arcos,200,,Thread Group 1-28,text,true,,174,164,2,2,http://localhost:8080/arcos/proceso/1,41,0,0
1775333706359,123,POST /empresas,200,,Thread Group 1-27,text,true,,235,302,2,2,http://localhost:8080/empresas,123,0,0
1775333706442,89,POST /empresas,200,,Thread Group 1-28,text,true,,235,302,2,2,http://localhost:8080/empresas,89,0,0
1775333706483,50,GET /empresas,200,,Thread Group 1-27,text,true,,40016,157,2,2,http://localhost:8080/empresas,49,0,0
1775333706533,19,GET /empleados,200,,Thread Group 1-27,text,true,,174,158,3,3,http://localhost:8080/empleados,19,0,0
1775333706553,18,GET /roles,200,,Thread Group 1-27,text,true,,174,154,3,3,http://localhost:8080/roles,18,0,0
1775333706531,41,GET /empresas,200,,Thread Group 1-28,text,true,,40079,157,3,3,http://localhost:8080/empresas,41,0,0
1775333706572,28,GET /empleados,200,,Thread Group 1-28,text,true,,174,158,3,3,http://localhost:8080/empleados,28,0,0
1775333706572,28,GET /gateways,200,,Thread Group 1-27,text,true,,174,167,3,3,http://localhost:8080/gateways/proceso/1,28,0,0
1775333706552,49,GET /empresas,200,,Thread Group 1-29,text,true,,40079,157,3,3,http://localhost:8080/empresas,49,0,0
1775333706600,41,GET /roles,200,,Thread Group 1-28,text,true,,174,154,3,3,http://localhost:8080/roles,41,0,0
1775333706600,41,GET /arcos,200,,Thread Group 1-27,text,true,,174,164,3,3,http://localhost:8080/arcos/proceso/1,41,0,0
1775333706601,40,GET /empleados,200,,Thread Group 1-29,text,true,,174,158,3,3,http://localhost:8080/empleados,40,0,0
1775333706642,36,GET /gateways,200,,Thread Group 1-28,text,true,,174,167,3,3,http://localhost:8080/gateways/proceso/1,36,0,0
1775333706642,36,GET /roles,200,,Thread Group 1-29,text,true,,174,154,3,3,http://localhost:8080/roles,36,0,0
1775333706678,36,GET /gateways,200,,Thread Group 1-29,text,true,,174,167,3,3,http://localhost:8080/gateways/proceso/1,36,0,0
1775333706678,36,GET /arcos,200,,Thread Group 1-28,text,true,,174,164,3,3,http://localhost:8080/arcos/proceso/1,36,0,0
1775333706642,114,POST /empresas,200,,Thread Group 1-27,text,true,,235,302,3,3,http://localhost:8080/empresas,114,0,0
1775333706715,41,GET /arcos,200,,Thread Group 1-29,text,true,,174,164,3,3,http://localhost:8080/arcos/proceso/1,41,0,0
1775333706715,118,POST /empresas,200,,Thread Group 1-28,text,true,,235,302,2,2,http://localhost:8080/empresas,118,0,0
1775333706756,97,POST /empresas,200,,Thread Group 1-29,text,true,,235,302,2,2,http://localhost:8080/empresas,97,0,0
1775333706834,41,GET /empresas,200,,Thread Group 1-28,text,true,,40205,157,2,2,http://localhost:8080/empresas,41,0,0
1775333706875,24,GET /empleados,200,,Thread Group 1-28,text,true,,174,158,2,2,http://localhost:8080/empleados,24,0,0
1775333706853,48,GET /empresas,200,,Thread Group 1-29,text,true,,40268,157,2,2,http://localhost:8080/empresas,47,0,0
1775333706901,32,GET /empleados,200,,Thread Group 1-29,text,true,,174,158,2,2,http://localhost:8080/empleados,32,0,0
1775333706900,33,GET /roles,200,,Thread Group 1-28,text,true,,174,154,2,2,http://localhost:8080/roles,33,0,0
1775333706934,37,GET /gateways,200,,Thread Group 1-28,text,true,,174,167,2,2,http://localhost:8080/gateways/proceso/1,37,0,0
1775333706934,37,GET /roles,200,,Thread Group 1-29,text,true,,174,154,2,2,http://localhost:8080/roles,37,0,0
1775333706972,35,GET /arcos,200,,Thread Group 1-28,text,true,,174,164,2,2,http://localhost:8080/arcos/proceso/1,35,0,0
1775333706972,35,GET /gateways,200,,Thread Group 1-29,text,true,,174,167,2,2,http://localhost:8080/gateways/proceso/1,35,0,0
1775333707007,36,GET /arcos,200,,Thread Group 1-29,text,true,,174,164,2,2,http://localhost:8080/arcos/proceso/1,36,0,0
1775333707007,106,POST /empresas,200,,Thread Group 1-28,text,true,,235,302,2,2,http://localhost:8080/empresas,106,0,0
1775333707043,89,POST /empresas,200,,Thread Group 1-29,text,true,,235,302,2,2,http://localhost:8080/empresas,89,0,0
1775333707114,36,GET /empresas,200,,Thread Group 1-28,text,true,,40394,157,2,2,http://localhost:8080/empresas,36,0,0
1775333707150,24,GET /empleados,200,,Thread Group 1-28,text,true,,174,158,3,3,http://localhost:8080/empleados,24,0,0
1775333707132,43,GET /empresas,200,,Thread Group 1-29,text,true,,40394,157,3,3,http://localhost:8080/empresas,43,0,0
1775333707174,19,GET /roles,200,,Thread Group 1-28,text,true,,174,154,3,3,http://localhost:8080/roles,19,0,0
1775333707175,18,GET /empleados,200,,Thread Group 1-29,text,true,,174,158,3,3,http://localhost:8080/empleados,18,0,0
1775333707153,41,GET /empresas,200,,Thread Group 1-30,text,true,,40394,157,3,3,http://localhost:8080/empresas,41,0,1
1775333707193,30,GET /roles,200,,Thread Group 1-29,text,true,,174,154,3,3,http://localhost:8080/roles,30,0,0
1775333707193,30,GET /gateways,200,,Thread Group 1-28,text,true,,174,167,3,3,http://localhost:8080/gateways/proceso/1,30,0,0
1775333707194,29,GET /empleados,200,,Thread Group 1-30,text,true,,174,158,3,3,http://localhost:8080/empleados,29,0,0
1775333707224,35,GET /roles,200,,Thread Group 1-30,text,true,,174,154,3,3,http://localhost:8080/roles,34,0,0
1775333707224,35,GET /arcos,200,,Thread Group 1-28,text,true,,174,164,3,3,http://localhost:8080/arcos/proceso/1,34,0,0
1775333707224,35,GET /gateways,200,,Thread Group 1-29,text,true,,174,167,3,3,http://localhost:8080/gateways/proceso/1,34,0,0
1775333707259,38,GET /arcos,200,,Thread Group 1-29,text,true,,174,164,3,3,http://localhost:8080/arcos/proceso/1,38,0,0
1775333707259,38,GET /gateways,200,,Thread Group 1-30,text,true,,174,167,3,3,http://localhost:8080/gateways/proceso/1,38,0,0
1775333707297,37,GET /arcos,200,,Thread Group 1-30,text,true,,174,164,3,3,http://localhost:8080/arcos/proceso/1,37,0,0
1775333707259,112,POST /empresas,200,,Thread Group 1-28,text,true,,235,302,3,3,http://localhost:8080/empresas,112,0,0
1775333707297,106,POST /empresas,200,,Thread Group 1-29,text,true,,235,302,2,2,http://localhost:8080/empresas,106,0,0
1775333707335,86,POST /empresas,200,,Thread Group 1-30,text,true,,235,302,2,2,http://localhost:8080/empresas,86,0,0
1775333707403,38,GET /empresas,200,,Thread Group 1-29,text,true,,40520,157,2,2,http://localhost:8080/empresas,38,0,0
1775333707442,22,GET /empleados,200,,Thread Group 1-29,text,true,,174,158,2,2,http://localhost:8080/empleados,22,0,0
1775333707421,45,GET /empresas,200,,Thread Group 1-30,text,true,,40583,157,2,2,http://localhost:8080/empresas,45,0,0
1775333707465,34,GET /roles,200,,Thread Group 1-29,text,true,,174,154,2,2,http://localhost:8080/roles,34,0,0
1775333707467,32,GET /empleados,200,,Thread Group 1-30,text,true,,174,158,2,2,http://localhost:8080/empleados,32,0,0
1775333707499,34,GET /gateways,200,,Thread Group 1-29,text,true,,174,167,2,2,http://localhost:8080/gateways/proceso/1,34,0,0
1775333707499,34,GET /roles,200,,Thread Group 1-30,text,true,,174,154,2,2,http://localhost:8080/roles,34,0,0
1775333707533,42,GET /gateways,200,,Thread Group 1-30,text,true,,174,167,2,2,http://localhost:8080/gateways/proceso/1,42,0,0
1775333707533,42,GET /arcos,200,,Thread Group 1-29,text,true,,174,164,2,2,http://localhost:8080/arcos/proceso/1,42,0,0
1775333707575,33,GET /arcos,200,,Thread Group 1-30,text,true,,174,164,2,2,http://localhost:8080/arcos/proceso/1,33,0,0
1775333707575,106,POST /empresas,200,,Thread Group 1-29,text,true,,235,302,2,2,http://localhost:8080/empresas,106,0,0
1775333707609,91,POST /empresas,200,,Thread Group 1-30,text,true,,235,302,2,2,http://localhost:8080/empresas,91,0,0
1775333707681,42,GET /empresas,200,,Thread Group 1-29,text,true,,40709,157,2,2,http://localhost:8080/empresas,42,0,0
1775333707724,23,GET /empleados,200,,Thread Group 1-29,text,true,,174,158,2,2,http://localhost:8080/empleados,23,0,0
1775333707700,48,GET /empresas,200,,Thread Group 1-30,text,true,,40709,157,2,2,http://localhost:8080/empresas,48,0,0
1775333707748,27,GET /empleados,200,,Thread Group 1-30,text,true,,174,158,3,3,http://localhost:8080/empleados,27,0,0
1775333707747,28,GET /roles,200,,Thread Group 1-29,text,true,,174,154,3,3,http://localhost:8080/roles,28,0,0
1775333707775,21,GET /roles,200,,Thread Group 1-30,text,true,,174,154,3,3,http://localhost:8080/roles,21,0,0
1775333707775,21,GET /gateways,200,,Thread Group 1-29,text,true,,174,167,3,3,http://localhost:8080/gateways/proceso/1,21,0,0
1775333707752,45,GET /empresas,200,,Thread Group 1-31,text,true,,40709,157,3,3,http://localhost:8080/empresas,45,0,1
1775333707797,34,GET /empleados,200,,Thread Group 1-31,text,true,,174,158,3,3,http://localhost:8080/empleados,34,0,0
1775333707796,35,GET /arcos,200,,Thread Group 1-29,text,true,,174,164,3,3,http://localhost:8080/arcos/proceso/1,35,0,0
1775333707796,35,GET /gateways,200,,Thread Group 1-30,text,true,,174,167,3,3,http://localhost:8080/gateways/proceso/1,35,0,0
1775333707831,34,GET /arcos,200,,Thread Group 1-30,text,true,,174,164,3,3,http://localhost:8080/arcos/proceso/1,34,0,0
1775333707831,34,GET /roles,200,,Thread Group 1-31,text,true,,174,154,3,3,http://localhost:8080/roles,34,0,0
1775333707865,35,GET /gateways,200,,Thread Group 1-31,text,true,,174,167,3,3,http://localhost:8080/gateways/proceso/1,35,0,0
1775333707831,107,POST /empresas,200,,Thread Group 1-29,text,true,,235,302,3,3,http://localhost:8080/empresas,107,0,0
1775333707900,38,GET /arcos,200,,Thread Group 1-31,text,true,,174,164,3,3,http://localhost:8080/arcos/proceso/1,38,0,0
1775333707865,113,POST /empresas,200,,Thread Group 1-30,text,true,,235,302,2,2,http://localhost:8080/empresas,113,0,0
1775333707938,83,POST /empresas,200,,Thread Group 1-31,text,true,,235,302,2,2,http://localhost:8080/empresas,82,0,0
1775333707979,43,GET /empresas,200,,Thread Group 1-30,text,true,,40835,157,2,2,http://localhost:8080/empresas,43,0,0
1775333708022,19,GET /empleados,200,,Thread Group 1-30,text,true,,174,158,2,2,http://localhost:8080/empleados,19,0,0
1775333708041,22,GET /roles,200,,Thread Group 1-30,text,true,,174,154,2,2,http://localhost:8080/roles,21,0,0
1775333708021,43,GET /empresas,200,,Thread Group 1-31,text,true,,40898,157,2,2,http://localhost:8080/empresas,43,0,0
1775333708063,46,GET /gateways,200,,Thread Group 1-30,text,true,,174,167,2,2,http://localhost:8080/gateways/proceso/1,46,0,0
1775333708064,45,GET /empleados,200,,Thread Group 1-31,text,true,,174,158,2,2,http://localhost:8080/empleados,45,0,0
1775333708109,50,GET /roles,200,,Thread Group 1-31,text,true,,174,154,2,2,http://localhost:8080/roles,50,0,0
1775333708109,50,GET /arcos,200,,Thread Group 1-30,text,true,,174,164,2,2,http://localhost:8080/arcos/proceso/1,50,0,0
1775333708159,38,GET /gateways,200,,Thread Group 1-31,text,true,,174,167,2,2,http://localhost:8080/gateways/proceso/1,38,0,0
1775333708198,34,GET /arcos,200,,Thread Group 1-31,text,true,,174,164,2,2,http://localhost:8080/arcos/proceso/1,34,0,0
1775333708159,138,POST /empresas,200,,Thread Group 1-30,text,true,,235,302,2,2,http://localhost:8080/empresas,138,0,0
1775333708232,84,POST /empresas,200,,Thread Group 1-31,text,true,,235,302,2,2,http://localhost:8080/empresas,84,0,0
1775333708297,38,GET /empresas,200,,Thread Group 1-30,text,true,,40961,157,2,2,http://localhost:8080/empresas,38,0,0
1775333708335,21,GET /empleados,200,,Thread Group 1-30,text,true,,174,158,3,3,http://localhost:8080/empleados,21,0,0
1775333708317,40,GET /empresas,200,,Thread Group 1-31,text,true,,41024,157,3,3,http://localhost:8080/empresas,40,0,0
1775333708357,32,GET /empleados,200,,Thread Group 1-31,text,true,,174,158,3,3,http://localhost:8080/empleados,32,0,0
1775333708356,33,GET /roles,200,,Thread Group 1-30,text,true,,174,154,3,3,http://localhost:8080/roles,33,0,0
1775333708352,39,GET /empresas,200,,Thread Group 1-32,text,true,,41024,157,3,3,http://localhost:8080/empresas,38,0,0
1775333708389,33,GET /gateways,200,,Thread Group 1-30,text,true,,174,167,3,3,http://localhost:8080/gateways/proceso/1,33,0,0
1775333708389,33,GET /roles,200,,Thread Group 1-31,text,true,,174,154,3,3,http://localhost:8080/roles,33,0,0
1775333708391,31,GET /empleados,200,,Thread Group 1-32,text,true,,174,158,3,3,http://localhost:8080/empleados,31,0,0
1775333708422,38,GET /arcos,200,,Thread Group 1-30,text,true,,174,164,3,3,http://localhost:8080/arcos/proceso/1,37,0,0
1775333708422,38,GET /roles,200,,Thread Group 1-32,text,true,,174,154,3,3,http://localhost:8080/roles,37,0,0
1775333708422,38,GET /gateways,200,,Thread Group 1-31,text,true,,174,167,3,3,http://localhost:8080/gateways/proceso/1,37,0,0
1775333708460,31,GET /gateways,200,,Thread Group 1-32,text,true,,174,167,3,3,http://localhost:8080/gateways/proceso/1,31,0,0
1775333708460,32,GET /arcos,200,,Thread Group 1-31,text,true,,174,164,3,3,http://localhost:8080/arcos/proceso/1,31,0,0
1775333708492,35,GET /arcos,200,,Thread Group 1-32,text,true,,174,164,3,3,http://localhost:8080/arcos/proceso/1,34,0,0
1775333708460,96,POST /empresas,200,,Thread Group 1-30,text,true,,235,302,3,3,http://localhost:8080/empresas,96,0,0
1775333708492,102,POST /empresas,200,,Thread Group 1-31,text,true,,235,302,2,2,http://localhost:8080/empresas,102,0,0
1775333708527,88,POST /empresas,200,,Thread Group 1-32,text,true,,235,302,2,2,http://localhost:8080/empresas,87,0,0
1775333708594,39,GET /empresas,200,,Thread Group 1-31,text,true,,41150,157,2,2,http://localhost:8080/empresas,39,0,0
1775333708633,24,GET /empleados,200,,Thread Group 1-31,text,true,,174,158,2,2,http://localhost:8080/empleados,24,0,0
1775333708615,42,GET /empresas,200,,Thread Group 1-32,text,true,,41219,157,2,2,http://localhost:8080/empresas,42,0,0
1775333708657,36,GET /empleados,200,,Thread Group 1-32,text,true,,174,158,2,2,http://localhost:8080/empleados,35,0,0
1775333708657,36,GET /roles,200,,Thread Group 1-31,text,true,,174,154,2,2,http://localhost:8080/roles,36,0,0
1775333708693,34,GET /roles,200,,Thread Group 1-32,text,true,,174,154,2,2,http://localhost:8080/roles,34,0,0
1775333708693,34,GET /gateways,200,,Thread Group 1-31,text,true,,174,167,2,2,http://localhost:8080/gateways/proceso/1,34,0,0
1775333708727,40,GET /gateways,200,,Thread Group 1-32,text,true,,174,167,2,2,http://localhost:8080/gateways/proceso/1,40,0,0
1775333708727,40,GET /arcos,200,,Thread Group 1-31,text,true,,174,164,2,2,http://localhost:8080/arcos/proceso/1,40,0,0
1775333708767,38,GET /arcos,200,,Thread Group 1-32,text,true,,174,164,2,2,http://localhost:8080/arcos/proceso/1,38,0,0
1775333708767,106,POST /empresas,200,,Thread Group 1-31,text,true,,235,302,2,2,http://localhost:8080/empresas,106,0,0
1775333708805,91,POST /empresas,200,,Thread Group 1-32,text,true,,235,302,2,2,http://localhost:8080/empresas,91,0,0
1775333708873,44,GET /empresas,200,,Thread Group 1-31,text,true,,41282,157,2,2,http://localhost:8080/empresas,44,0,0
1775333708917,19,GET /empleados,200,,Thread Group 1-31,text,true,,174,158,2,2,http://localhost:8080/empleados,19,0,0
1775333708896,42,GET /empresas,200,,Thread Group 1-32,text,true,,41345,157,2,2,http://localhost:8080/empresas,42,0,0
1775333708938,33,GET /empleados,200,,Thread Group 1-32,text,true,,174,158,3,3,http://localhost:8080/empleados,33,0,0
1775333708937,34,GET /roles,200,,Thread Group 1-31,text,true,,174,154,3,3,http://localhost:8080/roles,34,0,0
1775333708972,18,GET /gateways,200,,Thread Group 1-31,text,true,,174,167,3,3,http://localhost:8080/gateways/proceso/1,18,0,0
1775333708972,18,GET /roles,200,,Thread Group 1-32,text,true,,174,154,3,3,http://localhost:8080/roles,18,0,0
1775333708952,41,GET /empresas,200,,Thread Group 1-33,text,true,,41345,157,3,3,http://localhost:8080/empresas,40,0,0
1775333708991,35,GET /gateways,200,,Thread Group 1-32,text,true,,174,167,3,3,http://localhost:8080/gateways/proceso/1,35,0,0
1775333708993,33,GET /empleados,200,,Thread Group 1-33,text,true,,174,158,3,3,http://localhost:8080/empleados,33,0,0
1775333708991,35,GET /arcos,200,,Thread Group 1-31,text,true,,174,164,3,3,http://localhost:8080/arcos/proceso/1,35,0,0
1775333709026,35,GET /arcos,200,,Thread Group 1-32,text,true,,174,164,3,3,http://localhost:8080/arcos/proceso/1,35,0,0
1775333709026,35,GET /roles,200,,Thread Group 1-33,text,true,,174,154,3,3,http://localhost:8080/roles,35,0,0
1775333709061,32,GET /gateways,200,,Thread Group 1-33,text,true,,174,167,3,3,http://localhost:8080/gateways/proceso/1,32,0,0
1775333709093,36,GET /arcos,200,,Thread Group 1-33,text,true,,174,164,3,3,http://localhost:8080/arcos/proceso/1,36,0,0
1775333709026,103,POST /empresas,200,,Thread Group 1-31,text,true,,235,302,3,3,http://localhost:8080/empresas,103,0,0
1775333709061,102,POST /empresas,200,,Thread Group 1-32,text,true,,235,302,2,2,http://localhost:8080/empresas,102,0,0
1775333709129,78,POST /empresas,200,,Thread Group 1-33,text,true,,235,302,2,2,http://localhost:8080/empresas,78,0,0
1775333709164,45,GET /empresas,200,,Thread Group 1-32,text,true,,41472,157,2,2,http://localhost:8080/empresas,44,0,0
1775333709209,37,GET /empleados,200,,Thread Group 1-32,text,true,,174,158,2,2,http://localhost:8080/empleados,37,0,0
1775333709207,41,GET /empresas,200,,Thread Group 1-33,text,true,,41535,157,2,2,http://localhost:8080/empresas,41,0,0
1775333709248,36,GET /empleados,200,,Thread Group 1-33,text,true,,174,158,2,2,http://localhost:8080/empleados,36,0,0
1775333709246,38,GET /roles,200,,Thread Group 1-32,text,true,,174,154,2,2,http://localhost:8080/roles,38,0,0
1775333709284,35,GET /roles,200,,Thread Group 1-33,text,true,,174,154,2,2,http://localhost:8080/roles,35,0,0
1775333709284,35,GET /gateways,200,,Thread Group 1-32,text,true,,174,167,2,2,http://localhost:8080/gateways/proceso/1,35,0,0
1775333709319,39,GET /arcos,200,,Thread Group 1-32,text,true,,174,164,2,2,http://localhost:8080/arcos/proceso/1,39,0,0
1775333709319,39,GET /gateways,200,,Thread Group 1-33,text,true,,174,167,2,2,http://localhost:8080/gateways/proceso/1,39,0,0
1775333709359,36,GET /arcos,200,,Thread Group 1-33,text,true,,174,164,2,2,http://localhost:8080/arcos/proceso/1,36,0,0
1775333709359,102,POST /empresas,200,,Thread Group 1-32,text,true,,235,302,2,2,http://localhost:8080/empresas,102,0,0
1775333709396,87,POST /empresas,200,,Thread Group 1-33,text,true,,235,302,2,2,http://localhost:8080/empresas,87,0,0
1775333709462,44,GET /empresas,200,,Thread Group 1-32,text,true,,41661,157,2,2,http://localhost:8080/empresas,44,0,0
1775333709506,24,GET /empleados,200,,Thread Group 1-32,text,true,,174,158,2,2,http://localhost:8080/empleados,24,0,0
1775333709484,47,GET /empresas,200,,Thread Group 1-33,text,true,,41661,157,2,2,http://localhost:8080/empresas,47,0,0
1775333709531,33,GET /empleados,200,,Thread Group 1-33,text,true,,174,158,3,3,http://localhost:8080/empleados,33,0,0
1775333709530,34,GET /roles,200,,Thread Group 1-32,text,true,,174,154,3,3,http://localhost:8080/roles,34,0,0
1775333709565,30,GET /gateways,200,,Thread Group 1-32,text,true,,174,167,3,3,http://localhost:8080/gateways/proceso/1,30,0,0
1775333709565,30,GET /roles,200,,Thread Group 1-33,text,true,,174,154,3,3,http://localhost:8080/roles,30,0,0
1775333709551,44,GET /empresas,200,,Thread Group 1-34,text,true,,41661,157,3,3,http://localhost:8080/empresas,44,0,1
1775333709595,35,GET /gateways,200,,Thread Group 1-33,text,true,,174,167,3,3,http://localhost:8080/gateways/proceso/1,35,0,0
1775333709595,35,GET /arcos,200,,Thread Group 1-32,text,true,,174,164,3,3,http://localhost:8080/arcos/proceso/1,35,0,0
1775333709596,34,GET /empleados,200,,Thread Group 1-34,text,true,,174,158,3,3,http://localhost:8080/empleados,34,0,0
1775333709630,33,GET /roles,200,,Thread Group 1-34,text,true,,174,154,3,3,http://localhost:8080/roles,33,0,0
1775333709630,33,GET /arcos,200,,Thread Group 1-33,text,true,,174,164,3,3,http://localhost:8080/arcos/proceso/1,33,0,0
1775333709664,38,GET /gateways,200,,Thread Group 1-34,text,true,,174,167,3,3,http://localhost:8080/gateways/proceso/1,38,0,0
1775333709630,113,POST /empresas,200,,Thread Group 1-32,text,true,,235,302,3,3,http://localhost:8080/empresas,113,0,0
1775333709702,41,GET /arcos,200,,Thread Group 1-34,text,true,,174,164,3,3,http://localhost:8080/arcos/proceso/1,41,0,0
1775333709664,119,POST /empresas,200,,Thread Group 1-33,text,true,,235,302,2,2,http://localhost:8080/empresas,119,0,0
1775333709783,52,GET /empresas,200,,Thread Group 1-33,text,true,,41787,157,2,2,http://localhost:8080/empresas,51,0,0
1775333709743,111,POST /empresas,200,,Thread Group 1-34,text,true,,235,302,2,2,http://localhost:8080/empresas,111,0,0
1775333709835,19,GET /empleados,200,,Thread Group 1-33,text,true,,174,158,2,2,http://localhost:8080/empleados,19,0,0
1775333709854,20,GET /roles,200,,Thread Group 1-33,text,true,,174,154,2,2,http://localhost:8080/roles,20,0,0
1775333709854,42,GET /empresas,200,,Thread Group 1-34,text,true,,41850,157,2,2,http://localhost:8080/empresas,42,0,0
1775333709896,16,GET /empleados,200,,Thread Group 1-34,text,true,,174,158,2,2,http://localhost:8080/empleados,16,0,0
1775333709874,38,GET /gateways,200,,Thread Group 1-33,text,true,,174,167,2,2,http://localhost:8080/gateways/proceso/1,38,0,0
1775333709912,24,GET /arcos,200,,Thread Group 1-33,text,true,,174,164,2,2,http://localhost:8080/arcos/proceso/1,24,0,0
1775333709912,24,GET /roles,200,,Thread Group 1-34,text,true,,174,154,2,2,http://localhost:8080/roles,24,0,0
1775333709936,36,GET /gateways,200,,Thread Group 1-34,text,true,,174,167,2,2,http://localhost:8080/gateways/proceso/1,36,0,0
1775333709973,44,GET /arcos,200,,Thread Group 1-34,text,true,,174,164,2,2,http://localhost:8080/arcos/proceso/1,44,0,0
1775333709936,121,POST /empresas,200,,Thread Group 1-33,text,true,,235,302,2,2,http://localhost:8080/empresas,121,0,0
1775333710017,80,POST /empresas,200,,Thread Group 1-34,text,true,,235,302,2,2,http://localhost:8080/empresas,80,0,0
1775333710058,41,GET /empresas,200,,Thread Group 1-33,text,true,,41913,157,2,2,http://localhost:8080/empresas,41,0,0
1775333710099,20,GET /empleados,200,,Thread Group 1-33,text,true,,174,158,2,2,http://localhost:8080/empleados,20,0,0
1775333710120,21,GET /roles,200,,Thread Group 1-33,text,true,,174,154,2,2,http://localhost:8080/roles,21,0,0
1775333710097,46,GET /empresas,200,,Thread Group 1-34,text,true,,41976,157,2,2,http://localhost:8080/empresas,45,0,0
1775333710141,37,GET /gateways,200,,Thread Group 1-33,text,true,,174,167,3,3,http://localhost:8080/gateways/proceso/1,37,0,0
1775333710143,35,GET /empleados,200,,Thread Group 1-34,text,true,,174,158,3,3,http://localhost:8080/empleados,35,0,0
1775333710178,21,GET /roles,200,,Thread Group 1-34,text,true,,174,154,3,3,http://localhost:8080/roles,21,0,0
1775333710178,21,GET /arcos,200,,Thread Group 1-33,text,true,,174,164,3,3,http://localhost:8080/arcos/proceso/1,21,0,0
1775333710152,49,GET /empresas,200,,Thread Group 1-35,text,true,,41976,157,3,3,http://localhost:8080/empresas,49,0,1
1775333710201,38,GET /empleados,200,,Thread Group 1-35,text,true,,174,158,3,3,http://localhost:8080/empleados,38,0,0
1775333710199,40,GET /gateways,200,,Thread Group 1-34,text,true,,174,167,3,3,http://localhost:8080/gateways/proceso/1,40,0,0
1775333710240,37,GET /arcos,200,,Thread Group 1-34,text,true,,174,164,3,3,http://localhost:8080/arcos/proceso/1,37,0,0
1775333710240,37,GET /roles,200,,Thread Group 1-35,text,true,,174,154,3,3,http://localhost:8080/roles,37,0,0
1775333710277,36,GET /gateways,200,,Thread Group 1-35,text,true,,174,167,3,3,http://localhost:8080/gateways/proceso/1,36,0,0
1775333710199,114,POST /empresas,200,,Thread Group 1-33,text,true,,235,302,3,3,http://localhost:8080/empresas,114,0,0
1775333710313,40,GET /arcos,200,,Thread Group 1-35,text,true,,174,164,2,2,http://localhost:8080/arcos/proceso/1,40,0,0
1775333710277,113,POST /empresas,200,,Thread Group 1-34,text,true,,235,302,2,2,http://localhost:8080/empresas,113,0,0
1775333710353,79,POST /empresas,200,,Thread Group 1-35,text,true,,235,302,2,2,http://localhost:8080/empresas,79,0,0
1775333710390,42,GET /empresas,200,,Thread Group 1-34,text,true,,42102,157,2,2,http://localhost:8080/empresas,42,0,0
1775333710432,19,GET /empleados,200,,Thread Group 1-34,text,true,,174,158,2,2,http://localhost:8080/empleados,19,0,0
1775333710432,50,GET /empresas,200,,Thread Group 1-35,text,true,,42165,157,2,2,http://localhost:8080/empresas,50,0,0
1775333710451,24,GET /roles,200,,Thread Group 1-34,text,true,,174,154,2,2,http://localhost:8080/roles,24,0,0
1775333710485,37,GET /gateways,200,,Thread Group 1-34,text,true,,174,167,2,2,http://localhost:8080/gateways/proceso/1,37,0,0
1775333710485,37,GET /empleados,200,,Thread Group 1-35,text,true,,174,158,2,2,http://localhost:8080/empleados,37,0,0
1775333710522,33,GET /roles,200,,Thread Group 1-35,text,true,,174,154,2,2,http://localhost:8080/roles,33,0,0
1775333710522,33,GET /arcos,200,,Thread Group 1-34,text,true,,174,164,2,2,http://localhost:8080/arcos/proceso/1,33,0,0
1775333710556,34,GET /gateways,200,,Thread Group 1-35,text,true,,174,167,2,2,http://localhost:8080/gateways/proceso/1,34,0,0
1775333710590,38,GET /arcos,200,,Thread Group 1-35,text,true,,174,164,2,2,http://localhost:8080/arcos/proceso/1,38,0,0
1775333710556,107,POST /empresas,200,,Thread Group 1-34,text,true,,235,302,2,2,http://localhost:8080/empresas,107,0,0
1775333710628,75,POST /empresas,200,,Thread Group 1-35,text,true,,235,302,2,2,http://localhost:8080/empresas,74,0,0
1775333710664,40,GET /empresas,200,,Thread Group 1-34,text,true,,42228,157,2,2,http://localhost:8080/empresas,40,0,0
1775333710704,20,GET /empleados,200,,Thread Group 1-34,text,true,,174,158,2,2,http://localhost:8080/empleados,20,0,0
1775333710725,17,GET /roles,200,,Thread Group 1-34,text,true,,174,154,2,2,http://localhost:8080/roles,17,0,0
1775333710703,41,GET /empresas,200,,Thread Group 1-35,text,true,,42291,157,2,2,http://localhost:8080/empresas,41,0,0
1775333710743,27,GET /gateways,200,,Thread Group 1-34,text,true,,174,167,3,3,http://localhost:8080/gateways/proceso/1,27,0,0
1775333710744,26,GET /empleados,200,,Thread Group 1-35,text,true,,174,158,3,3,http://localhost:8080/empleados,26,0,0
1775333710770,25,GET /roles,200,,Thread Group 1-35,text,true,,174,154,3,3,http://localhost:8080/roles,25,0,0
1775333710770,25,GET /arcos,200,,Thread Group 1-34,text,true,,174,164,3,3,http://localhost:8080/arcos/proceso/1,25,0,0
1775333710752,45,GET /empresas,200,,Thread Group 1-36,text,true,,42291,157,3,3,http://localhost:8080/empresas,45,0,0
1775333710795,38,GET /gateways,200,,Thread Group 1-35,text,true,,174,167,3,3,http://localhost:8080/gateways/proceso/1,38,0,0
1775333710797,36,GET /empleados,200,,Thread Group 1-36,text,true,,174,158,3,3,http://localhost:8080/empleados,36,0,0
1775333710833,36,GET /arcos,200,,Thread Group 1-35,text,true,,174,164,3,3,http://localhost:8080/arcos/proceso/1,36,0,0
1775333710834,35,GET /roles,200,,Thread Group 1-36,text,true,,174,154,3,3,http://localhost:8080/roles,35,0,0
1775333710795,106,POST /empresas,200,,Thread Group 1-34,text,true,,235,302,3,3,http://localhost:8080/empresas,106,0,0
1775333710870,31,GET /gateways,200,,Thread Group 1-36,text,true,,174,167,3,3,http://localhost:8080/gateways/proceso/1,31,0,0
1775333710901,38,GET /arcos,200,,Thread Group 1-36,text,true,,174,164,2,2,http://localhost:8080/arcos/proceso/1,38,0,0
1775333710869,107,POST /empresas,200,,Thread Group 1-35,text,true,,235,302,2,2,http://localhost:8080/empresas,107,0,0
1775333710940,79,POST /empresas,200,,Thread Group 1-36,text,true,,235,302,2,2,http://localhost:8080/empresas,79,0,0
1775333710977,45,GET /empresas,200,,Thread Group 1-35,text,true,,42417,157,2,2,http://localhost:8080/empresas,44,0,0
1775333711022,40,GET /empleados,200,,Thread Group 1-35,text,true,,174,158,2,2,http://localhost:8080/empleados,40,0,0
1775333711020,44,GET /empresas,200,,Thread Group 1-36,text,true,,42480,157,2,2,http://localhost:8080/empresas,44,0,0
1775333711063,36,GET /roles,200,,Thread Group 1-35,text,true,,174,154,2,2,http://localhost:8080/roles,36,0,0
1775333711064,35,GET /empleados,200,,Thread Group 1-36,text,true,,174,158,2,2,http://localhost:8080/empleados,35,0,0
1775333711099,35,GET /roles,200,,Thread Group 1-36,text,true,,174,154,2,2,http://localhost:8080/roles,35,0,0
1775333711099,35,GET /gateways,200,,Thread Group 1-35,text,true,,174,167,2,2,http://localhost:8080/gateways/proceso/1,35,0,0
1775333711134,32,GET /gateways,200,,Thread Group 1-36,text,true,,174,167,2,2,http://localhost:8080/gateways/proceso/1,32,0,0
1775333711134,32,GET /arcos,200,,Thread Group 1-35,text,true,,174,164,2,2,http://localhost:8080/arcos/proceso/1,32,0,0
1775333711167,42,GET /arcos,200,,Thread Group 1-36,text,true,,174,164,2,2,http://localhost:8080/arcos/proceso/1,42,0,0
1775333711167,114,POST /empresas,200,,Thread Group 1-35,text,true,,235,302,2,2,http://localhost:8080/empresas,114,0,0
1775333711209,92,POST /empresas,200,,Thread Group 1-36,text,true,,235,302,2,2,http://localhost:8080/empresas,92,0,0
1775333711282,39,GET /empresas,200,,Thread Group 1-35,text,true,,42606,157,2,2,http://localhost:8080/empresas,39,0,0
1775333711321,20,GET /empleados,200,,Thread Group 1-35,text,true,,174,158,2,2,http://localhost:8080/empleados,20,0,0
1775333711302,41,GET /empresas,200,,Thread Group 1-36,text,true,,42606,157,2,2,http://localhost:8080/empresas,40,0,0
1775333711343,26,GET /empleados,200,,Thread Group 1-36,text,true,,174,158,3,3,http://localhost:8080/empleados,26,0,0
1775333711342,27,GET /roles,200,,Thread Group 1-35,text,true,,174,154,3,3,http://localhost:8080/roles,27,0,0
1775333711369,25,GET /roles,200,,Thread Group 1-36,text,true,,174,154,3,3,http://localhost:8080/roles,25,0,0
1775333711370,25,GET /gateways,200,,Thread Group 1-35,text,true,,174,167,3,3,http://localhost:8080/gateways/proceso/1,25,0,0
1775333711352,44,GET /empresas,200,,Thread Group 1-37,text,true,,42606,157,3,3,http://localhost:8080/empresas,44,0,1
1775333711395,34,GET /arcos,200,,Thread Group 1-35,text,true,,174,164,3,3,http://localhost:8080/arcos/proceso/1,34,0,0
1775333711395,34,GET /gateways,200,,Thread Group 1-36,text,true,,174,167,3,3,http://localhost:8080/gateways/proceso/1,34,0,0
1775333711396,33,GET /empleados,200,,Thread Group 1-37,text,true,,174,158,3,3,http://localhost:8080/empleados,33,0,0
1775333711429,36,GET /arcos,200,,Thread Group 1-36,text,true,,174,164,3,3,http://localhost:8080/arcos/proceso/1,36,0,0
1775333711429,36,GET /roles,200,,Thread Group 1-37,text,true,,174,154,3,3,http://localhost:8080/roles,36,0,0
1775333711465,35,GET /gateways,200,,Thread Group 1-37,text,true,,174,167,3,3,http://localhost:8080/gateways/proceso/1,35,0,0
1775333711429,102,POST /empresas,200,,Thread Group 1-35,text,true,,235,302,3,3,http://localhost:8080/empresas,102,0,0
1775333711501,30,GET /arcos,200,,Thread Group 1-37,text,true,,174,164,3,3,http://localhost:8080/arcos/proceso/1,30,0,0
1775333711465,101,POST /empresas,200,,Thread Group 1-36,text,true,,235,302,2,2,http://localhost:8080/empresas,101,0,0
1775333711532,74,POST /empresas,200,,Thread Group 1-37,text,true,,235,302,2,2,http://localhost:8080/empresas,74,0,0
1775333711566,42,GET /empresas,200,,Thread Group 1-36,text,true,,42732,157,2,2,http://localhost:8080/empresas,42,0,0
1775333711608,26,GET /empleados,200,,Thread Group 1-36,text,true,,174,158,2,2,http://localhost:8080/empleados,26,0,0
1775333711634,21,GET /roles,200,,Thread Group 1-36,text,true,,174,154,2,2,http://localhost:8080/roles,21,0,0
1775333711606,51,GET /empresas,200,,Thread Group 1-37,text,true,,42795,157,2,2,http://localhost:8080/empresas,50,0,0
1775333711657,31,GET /empleados,200,,Thread Group 1-37,text,true,,174,158,2,2,http://localhost:8080/empleados,30,0,0
1775333711655,33,GET /gateways,200,,Thread Group 1-36,text,true,,174,167,2,2,http://localhost:8080/gateways/proceso/1,32,0,0
1775333711688,34,GET /roles,200,,Thread Group 1-37,text,true,,174,154,2,2,http://localhost:8080/roles,34,0,0
1775333711688,34,GET /arcos,200,,Thread Group 1-36,text,true,,174,164,2,2,http://localhost:8080/arcos/proceso/1,34,0,0
1775333711722,41,GET /gateways,200,,Thread Group 1-37,text,true,,174,167,2,2,http://localhost:8080/gateways/proceso/1,41,0,0
1775333711763,37,GET /arcos,200,,Thread Group 1-37,text,true,,174,164,2,2,http://localhost:8080/arcos/proceso/1,37,0,0
1775333711722,113,POST /empresas,200,,Thread Group 1-36,text,true,,235,302,2,2,http://localhost:8080/empresas,113,0,0
1775333711835,44,GET /empresas,200,,Thread Group 1-36,text,true,,42858,157,2,2,http://localhost:8080/empresas,43,0,0
1775333711879,22,GET /empleados,200,,Thread Group 1-36,text,true,,174,158,2,2,http://localhost:8080/empleados,22,0,0
1775333711800,101,POST /empresas,200,,Thread Group 1-37,text,true,,235,302,2,2,http://localhost:8080/empresas,101,0,0
1775333711901,19,GET /roles,200,,Thread Group 1-36,text,true,,174,154,2,2,http://localhost:8080/roles,19,0,0
1775333711920,21,GET /gateways,200,,Thread Group 1-36,text,true,,174,167,2,2,http://localhost:8080/gateways/proceso/1,21,0,0
1775333711901,42,GET /empresas,200,,Thread Group 1-37,text,true,,42921,157,2,2,http://localhost:8080/empresas,42,0,0
1775333711944,29,GET /empleados,200,,Thread Group 1-37,text,true,,174,158,3,3,http://localhost:8080/empleados,29,0,0
1775333711941,32,GET /arcos,200,,Thread Group 1-36,text,true,,174,164,3,3,http://localhost:8080/arcos/proceso/1,32,0,0
1775333711974,20,GET /roles,200,,Thread Group 1-37,text,true,,174,154,3,3,http://localhost:8080/roles,20,0,0
1775333711954,40,GET /empresas,200,,Thread Group 1-38,text,true,,42921,157,3,3,http://localhost:8080/empresas,40,0,0
1775333711994,34,GET /empleados,200,,Thread Group 1-38,text,true,,174,158,3,3,http://localhost:8080/empleados,34,0,0
1775333711994,34,GET /gateways,200,,Thread Group 1-37,text,true,,174,167,3,3,http://localhost:8080/gateways/proceso/1,34,0,0
1775333712028,34,GET /roles,200,,Thread Group 1-38,text,true,,174,154,3,3,http://localhost:8080/roles,34,0,0
1775333712028,34,GET /arcos,200,,Thread Group 1-37,text,true,,174,164,3,3,http://localhost:8080/arcos/proceso/1,34,0,0
1775333711974,88,POST /empresas,200,,Thread Group 1-36,text,true,,235,302,3,3,http://localhost:8080/empresas,88,0,0
1775333712062,38,GET /gateways,200,,Thread Group 1-38,text,true,,174,167,2,2,http://localhost:8080/gateways/proceso/1,38,0,0
1775333712101,41,GET /arcos,200,,Thread Group 1-38,text,true,,174,164,2,2,http://localhost:8080/arcos/proceso/1,41,0,0
1775333712062,116,POST /empresas,200,,Thread Group 1-37,text,true,,235,302,2,2,http://localhost:8080/empresas,116,0,0
1775333712142,76,POST /empresas,200,,Thread Group 1-38,text,true,,235,302,2,2,http://localhost:8080/empresas,76,0,0
1775333712178,42,GET /empresas,200,,Thread Group 1-37,text,true,,43047,157,2,2,http://localhost:8080/empresas,42,0,0
1775333712220,41,GET /empleados,200,,Thread Group 1-37,text,true,,174,158,2,2,http://localhost:8080/empleados,41,0,0
1775333712218,44,GET /empresas,200,,Thread Group 1-38,text,true,,43110,157,2,2,http://localhost:8080/empresas,44,0,0
1775333712261,37,GET /roles,200,,Thread Group 1-37,text,true,,174,154,2,2,http://localhost:8080/roles,37,0,0
1775333712262,36,GET /empleados,200,,Thread Group 1-38,text,true,,174,158,2,2,http://localhost:8080/empleados,36,0,0
1775333712298,38,GET /roles,200,,Thread Group 1-38,text,true,,174,154,2,2,http://localhost:8080/roles,38,0,0
1775333712298,38,GET /gateways,200,,Thread Group 1-37,text,true,,174,167,2,2,http://localhost:8080/gateways/proceso/1,38,0,0
1775333712336,17,GET /gateways,200,,Thread Group 1-38,text,true,,174,167,2,2,http://localhost:8080/gateways/proceso/1,17,0,0
1775333712336,17,GET /arcos,200,,Thread Group 1-37,text,true,,174,164,2,2,http://localhost:8080/arcos/proceso/1,17,0,0
1775333712353,41,GET /arcos,200,,Thread Group 1-38,text,true,,174,164,2,2,http://localhost:8080/arcos/proceso/1,41,0,0
1775333712353,108,POST /empresas,200,,Thread Group 1-37,text,true,,235,302,2,2,http://localhost:8080/empresas,108,0,0
1775333712394,85,POST /empresas,200,,Thread Group 1-38,text,true,,235,302,2,2,http://localhost:8080/empresas,85,0,0
1775333712461,35,GET /empresas,200,,Thread Group 1-37,text,true,,43236,157,2,2,http://localhost:8080/empresas,34,0,0
1775333712496,29,GET /empleados,200,,Thread Group 1-37,text,true,,174,158,2,2,http://localhost:8080/empleados,29,0,0
1775333712479,48,GET /empresas,200,,Thread Group 1-38,text,true,,43236,157,2,2,http://localhost:8080/empresas,47,0,0
1775333712526,38,GET /roles,200,,Thread Group 1-37,text,true,,174,154,3,3,http://localhost:8080/roles,38,0,0
1775333712527,38,GET /empleados,200,,Thread Group 1-38,text,true,,174,158,3,3,http://localhost:8080/empleados,37,0,0
1775333712565,29,GET /roles,200,,Thread Group 1-38,text,true,,174,154,3,3,http://localhost:8080/roles,29,0,0
1775333712565,29,GET /gateways,200,,Thread Group 1-37,text,true,,174,167,3,3,http://localhost:8080/gateways/proceso/1,29,0,0
1775333712552,43,GET /empresas,200,,Thread Group 1-39,text,true,,43236,157,3,3,http://localhost:8080/empresas,43,0,1
1775333712594,40,GET /arcos,200,,Thread Group 1-37,text,true,,174,164,3,3,http://localhost:8080/arcos/proceso/1,40,0,0
1775333712595,39,GET /empleados,200,,Thread Group 1-39,text,true,,174,158,3,3,http://localhost:8080/empleados,39,0,0
1775333712594,40,GET /gateways,200,,Thread Group 1-38,text,true,,174,167,3,3,http://localhost:8080/gateways/proceso/1,40,0,0
1775333712634,37,GET /arcos,200,,Thread Group 1-38,text,true,,174,164,3,3,http://localhost:8080/arcos/proceso/1,37,0,0
1775333712634,37,GET /roles,200,,Thread Group 1-39,text,true,,174,154,3,3,http://localhost:8080/roles,37,0,0
1775333712671,32,GET /gateways,200,,Thread Group 1-39,text,true,,174,167,3,3,http://localhost:8080/gateways/proceso/1,32,0,0
1775333712634,107,POST /empresas,200,,Thread Group 1-37,text,true,,235,302,3,3,http://localhost:8080/empresas,107,0,0
1775333712703,38,GET /arcos,200,,Thread Group 1-39,text,true,,174,164,3,3,http://localhost:8080/arcos/proceso/1,38,0,0
1775333712671,102,POST /empresas,200,,Thread Group 1-38,text,true,,235,302,2,2,http://localhost:8080/empresas,102,0,0
1775333712741,73,POST /empresas,200,,Thread Group 1-39,text,true,,235,302,2,2,http://localhost:8080/empresas,73,0,0
1775333712773,42,GET /empresas,200,,Thread Group 1-38,text,true,,43362,157,2,2,http://localhost:8080/empresas,42,0,0
1775333712816,37,GET /empleados,200,,Thread Group 1-38,text,true,,174,158,2,2,http://localhost:8080/empleados,37,0,0
1775333712814,42,GET /empresas,200,,Thread Group 1-39,text,true,,43425,157,2,2,http://localhost:8080/empresas,42,0,0
1775333712853,41,GET /roles,200,,Thread Group 1-38,text,true,,174,154,2,2,http://localhost:8080/roles,41,0,0
1775333712856,38,GET /empleados,200,,Thread Group 1-39,text,true,,174,158,2,2,http://localhost:8080/empleados,38,0,0
1775333712894,40,GET /gateways,200,,Thread Group 1-38,text,true,,174,167,2,2,http://localhost:8080/gateways/proceso/1,40,0,0
1775333712894,40,GET /roles,200,,Thread Group 1-39,text,true,,174,154,2,2,http://localhost:8080/roles,40,0,0
1775333712934,41,GET /gateways,200,,Thread Group 1-39,text,true,,174,167,2,2,http://localhost:8080/gateways/proceso/1,41,0,0
1775333712934,41,GET /arcos,200,,Thread Group 1-38,text,true,,174,164,2,2,http://localhost:8080/arcos/proceso/1,41,0,0
1775333712980,40,GET /arcos,200,,Thread Group 1-39,text,true,,174,164,2,2,http://localhost:8080/arcos/proceso/1,40,0,0
1775333712980,87,POST /empresas,200,,Thread Group 1-38,text,true,,235,302,2,2,http://localhost:8080/empresas,87,0,0
1775333713021,68,POST /empresas,200,,Thread Group 1-39,text,true,,235,302,2,2,http://localhost:8080/empresas,68,0,0
1775333713068,44,GET /empresas,200,,Thread Group 1-38,text,true,,43551,157,2,2,http://localhost:8080/empresas,44,0,0
1775333713112,25,GET /empleados,200,,Thread Group 1-38,text,true,,174,158,2,2,http://localhost:8080/empleados,25,0,0
1775333713089,51,GET /empresas,200,,Thread Group 1-39,text,true,,43551,157,2,2,http://localhost:8080/empresas,50,0,0
1775333713140,35,GET /empleados,200,,Thread Group 1-39,text,true,,174,158,3,3,http://localhost:8080/empleados,35,0,0
1775333713138,38,GET /roles,200,,Thread Group 1-38,text,true,,174,154,3,3,http://localhost:8080/roles,37,0,0
1775333713176,17,GET /gateways,200,,Thread Group 1-38,text,true,,174,167,3,3,http://localhost:8080/gateways/proceso/1,17,0,0
1775333713176,17,GET /roles,200,,Thread Group 1-39,text,true,,174,154,3,3,http://localhost:8080/roles,17,0,0
1775333713153,43,GET /empresas,200,,Thread Group 1-40,text,true,,43551,157,3,3,http://localhost:8080/empresas,42,0,0
1775333713194,34,GET /arcos,200,,Thread Group 1-38,text,true,,174,164,3,3,http://localhost:8080/arcos/proceso/1,34,0,0
1775333713194,34,GET /gateways,200,,Thread Group 1-39,text,true,,174,167,3,3,http://localhost:8080/gateways/proceso/1,34,0,0
1775333713196,32,GET /empleados,200,,Thread Group 1-40,text,true,,174,158,3,3,http://localhost:8080/empleados,32,0,0
1775333713228,32,GET /arcos,200,,Thread Group 1-39,text,true,,174,164,3,3,http://localhost:8080/arcos/proceso/1,32,0,0
1775333713228,32,GET /roles,200,,Thread Group 1-40,text,true,,174,154,3,3,http://localhost:8080/roles,32,0,0
1775333713261,39,GET /gateways,200,,Thread Group 1-40,text,true,,174,167,3,3,http://localhost:8080/gateways/proceso/1,39,0,0
1775333713228,107,POST /empresas,200,,Thread Group 1-38,text,true,,235,302,3,3,http://localhost:8080/empresas,107,0,0
1775333713300,35,GET /arcos,200,,Thread Group 1-40,text,true,,174,164,3,3,http://localhost:8080/arcos/proceso/1,35,0,0
1775333713261,107,POST /empresas,200,,Thread Group 1-39,text,true,,235,302,2,2,http://localhost:8080/empresas,107,0,0
1775333713335,74,POST /empresas,200,,Thread Group 1-40,text,true,,235,302,2,2,http://localhost:8080/empresas,74,0,0
1775333713368,43,GET /empresas,200,,Thread Group 1-39,text,true,,43677,157,2,2,http://localhost:8080/empresas,43,0,0
1775333713411,18,GET /empleados,200,,Thread Group 1-39,text,true,,174,158,2,2,http://localhost:8080/empleados,18,0,0
1775333713429,20,GET /roles,200,,Thread Group 1-39,text,true,,174,154,2,2,http://localhost:8080/roles,20,0,0
1775333713410,41,GET /empresas,200,,Thread Group 1-40,text,true,,43740,157,2,2,http://localhost:8080/empresas,41,0,0
1775333713451,36,GET /empleados,200,,Thread Group 1-40,text,true,,174,158,2,2,http://localhost:8080/empleados,36,0,0
1775333713449,38,GET /gateways,200,,Thread Group 1-39,text,true,,174,167,2,2,http://localhost:8080/gateways/proceso/1,38,0,0
1775333713487,36,GET /roles,200,,Thread Group 1-40,text,true,,174,154,2,2,http://localhost:8080/roles,36,0,0
1775333713487,36,GET /arcos,200,,Thread Group 1-39,text,true,,174,164,2,2,http://localhost:8080/arcos/proceso/1,36,0,0
1775333713524,34,GET /gateways,200,,Thread Group 1-40,text,true,,174,167,2,2,http://localhost:8080/gateways/proceso/1,34,0,0
1775333713559,37,GET /arcos,200,,Thread Group 1-40,text,true,,174,164,2,2,http://localhost:8080/arcos/proceso/1,37,0,0
1775333713524,105,POST /empresas,200,,Thread Group 1-39,text,true,,235,302,2,2,http://localhost:8080/empresas,105,0,0
1775333713596,75,POST /empresas,200,,Thread Group 1-40,text,true,,235,302,2,2,http://localhost:8080/empresas,75,0,0
1775333713629,43,GET /empresas,200,,Thread Group 1-39,text,true,,43803,157,2,2,http://localhost:8080/empresas,43,0,0
1775333713672,15,GET /empleados,200,,Thread Group 1-39,text,true,,174,158,2,2,http://localhost:8080/empleados,15,0,0
1775333713687,22,GET /roles,200,,Thread Group 1-39,text,true,,174,154,2,2,http://localhost:8080/roles,22,0,0
1775333713671,39,GET /empresas,200,,Thread Group 1-40,text,true,,43866,157,2,2,http://localhost:8080/empresas,39,0,0
1775333713710,38,GET /empleados,200,,Thread Group 1-40,text,true,,174,158,2,2,http://localhost:8080/empleados,38,0,0
1775333713709,39,GET /gateways,200,,Thread Group 1-39,text,true,,174,167,2,2,http://localhost:8080/gateways/proceso/1,39,0,0
1775333713749,22,GET /roles,200,,Thread Group 1-40,text,true,,174,154,3,3,http://localhost:8080/roles,22,0,0
1775333713749,22,GET /arcos,200,,Thread Group 1-39,text,true,,174,164,3,3,http://localhost:8080/arcos/proceso/1,22,0,0
1775333713772,23,GET /gateways,200,,Thread Group 1-40,text,true,,174,167,3,3,http://localhost:8080/gateways/proceso/1,23,0,0
1775333713753,44,GET /empresas,200,,Thread Group 1-41,text,true,,43866,157,3,3,http://localhost:8080/empresas,44,0,0
1775333713798,32,GET /empleados,200,,Thread Group 1-41,text,true,,174,158,3,3,http://localhost:8080/empleados,32,0,0
1775333713796,34,GET /arcos,200,,Thread Group 1-40,text,true,,174,164,3,3,http://localhost:8080/arcos/proceso/1,34,0,0
1775333713830,31,GET /roles,200,,Thread Group 1-41,text,true,,174,154,3,3,http://localhost:8080/roles,31,0,0
1775333713772,89,POST /empresas,200,,Thread Group 1-39,text,true,,235,302,3,3,http://localhost:8080/empresas,89,0,0
1775333713861,37,GET /gateways,200,,Thread Group 1-41,text,true,,174,167,2,2,http://localhost:8080/gateways/proceso/1,37,0,0
1775333713830,100,POST /empresas,200,,Thread Group 1-40,text,true,,235,302,2,2,http://localhost:8080/empresas,100,0,0
1775333713898,32,GET /arcos,200,,Thread Group 1-41,text,true,,174,164,2,2,http://localhost:8080/arcos/proceso/1,32,0,0
1775333713930,44,GET /empresas,200,,Thread Group 1-40,text,true,,43992,157,2,2,http://localhost:8080/empresas,43,0,0
1775333713974,31,GET /empleados,200,,Thread Group 1-40,text,true,,174,158,2,2,http://localhost:8080/empleados,31,0,0
1775333713930,75,POST /empresas,200,,Thread Group 1-41,text,true,,235,302,2,2,http://localhost:8080/empresas,75,0,0
1775333714005,21,GET /roles,200,,Thread Group 1-40,text,true,,174,154,2,2,http://localhost:8080/roles,21,0,0
1775333714026,18,GET /gateways,200,,Thread Group 1-40,text,true,,174,167,2,2,http://localhost:8080/gateways/proceso/1,17,0,0
1775333714005,39,GET /empresas,200,,Thread Group 1-41,text,true,,44055,157,2,2,http://localhost:8080/empresas,39,0,0
1775333714044,33,GET /empleados,200,,Thread Group 1-41,text,true,,174,158,2,2,http://localhost:8080/empleados,33,0,0
1775333714044,33,GET /arcos,200,,Thread Group 1-40,text,true,,174,164,2,2,http://localhost:8080/arcos/proceso/1,33,0,0
1775333714078,35,GET /roles,200,,Thread Group 1-41,text,true,,174,154,2,2,http://localhost:8080/roles,35,0,0
1775333714113,33,GET /gateways,200,,Thread Group 1-41,text,true,,174,167,2,2,http://localhost:8080/gateways/proceso/1,33,0,0
1775333714147,30,GET /arcos,200,,Thread Group 1-41,text,true,,174,164,2,2,http://localhost:8080/arcos/proceso/1,30,0,0
1775333714078,99,POST /empresas,200,,Thread Group 1-40,text,true,,235,302,2,2,http://localhost:8080/empresas,99,0,0
1775333714177,39,GET /empresas,200,,Thread Group 1-40,text,true,,44118,157,2,2,http://localhost:8080/empresas,39,0,0
1775333714216,31,GET /empleados,200,,Thread Group 1-40,text,true,,174,158,2,2,http://localhost:8080/empleados,31,0,0
1775333714177,70,POST /empresas,200,,Thread Group 1-41,text,true,,235,302,2,2,http://localhost:8080/empresas,70,0,0
1775333714248,21,GET /roles,200,,Thread Group 1-40,text,true,,174,154,2,2,http://localhost:8080/roles,21,0,0
1775333714269,21,GET /gateways,200,,Thread Group 1-40,text,true,,174,167,2,2,http://localhost:8080/gateways/proceso/1,21,0,0
1775333714248,43,GET /empresas,200,,Thread Group 1-41,text,true,,44181,157,2,2,http://localhost:8080/empresas,43,0,0
1775333714292,33,GET /empleados,200,,Thread Group 1-41,text,true,,174,158,2,2,http://localhost:8080/empleados,33,0,0
1775333714291,34,GET /arcos,200,,Thread Group 1-40,text,true,,174,164,2,2,http://localhost:8080/arcos/proceso/1,34,0,0
1775333714325,42,GET /roles,200,,Thread Group 1-41,text,true,,174,154,3,3,http://localhost:8080/roles,42,0,0
1775333714368,28,GET /gateways,200,,Thread Group 1-41,text,true,,174,167,3,3,http://localhost:8080/gateways/proceso/1,28,0,0
1775333714352,45,GET /empresas,200,,Thread Group 1-42,text,true,,44181,157,3,3,http://localhost:8080/empresas,45,0,0
1775333714325,108,POST /empresas,200,,Thread Group 1-40,text,true,,235,302,3,3,http://localhost:8080/empresas,108,0,0
1775333714397,36,GET /empleados,200,,Thread Group 1-42,text,true,,174,158,3,3,http://localhost:8080/empleados,36,0,0
1775333714397,36,GET /arcos,200,,Thread Group 1-41,text,true,,174,164,3,3,http://localhost:8080/arcos/proceso/1,36,0,0
1775333714434,31,GET /roles,200,,Thread Group 1-42,text,true,,174,154,2,2,http://localhost:8080/roles,31,0,0
1775333714466,35,GET /gateways,200,,Thread Group 1-42,text,true,,174,167,2,2,http://localhost:8080/gateways/proceso/1,35,0,0
1775333714434,109,POST /empresas,200,,Thread Group 1-41,text,true,,235,302,2,2,http://localhost:8080/empresas,109,0,0
1775333714501,42,GET /arcos,200,,Thread Group 1-42,text,true,,174,164,2,2,http://localhost:8080/arcos/proceso/1,42,0,0
1775333714543,41,GET /empresas,200,,Thread Group 1-41,text,true,,44307,157,2,2,http://localhost:8080/empresas,41,0,0
1775333714543,78,POST /empresas,200,,Thread Group 1-42,text,true,,235,302,2,2,http://localhost:8080/empresas,78,0,0
1775333714585,36,GET /empleados,200,,Thread Group 1-41,text,true,,174,158,2,2,http://localhost:8080/empleados,36,0,0
1775333714621,17,GET /roles,200,,Thread Group 1-41,text,true,,174,154,2,2,http://localhost:8080/roles,17,0,0
1775333714638,20,GET /gateways,200,,Thread Group 1-41,text,true,,174,167,2,2,http://localhost:8080/gateways/proceso/1,20,0,0
1775333714621,38,GET /empresas,200,,Thread Group 1-42,text,true,,44370,157,2,2,http://localhost:8080/empresas,37,0,0
1775333714658,33,GET /arcos,200,,Thread Group 1-41,text,true,,174,164,2,2,http://localhost:8080/arcos/proceso/1,33,0,0
1775333714659,32,GET /empleados,200,,Thread Group 1-42,text,true,,174,158,2,2,http://localhost:8080/empleados,32,0,0
1775333714691,33,GET /roles,200,,Thread Group 1-42,text,true,,174,154,2,2,http://localhost:8080/roles,33,0,0
1775333714725,40,GET /gateways,200,,Thread Group 1-42,text,true,,174,167,2,2,http://localhost:8080/gateways/proceso/1,40,0,0
1775333714691,112,POST /empresas,200,,Thread Group 1-41,text,true,,235,302,2,2,http://localhost:8080/empresas,112,0,0
1775333714765,38,GET /arcos,200,,Thread Group 1-42,text,true,,174,164,2,2,http://localhost:8080/arcos/proceso/1,38,0,0
1775333714803,43,GET /empresas,200,,Thread Group 1-41,text,true,,44370,157,2,2,http://localhost:8080/empresas,43,0,0
1775333714846,37,GET /empleados,200,,Thread Group 1-41,text,true,,174,158,2,2,http://localhost:8080/empleados,37,0,0
1775333714883,40,GET /roles,200,,Thread Group 1-41,text,true,,174,154,2,2,http://localhost:8080/roles,40,0,0
1775333714803,120,POST /empresas,200,,Thread Group 1-42,text,true,,235,302,2,2,http://localhost:8080/empresas,120,0,0
1775333714923,18,GET /gateways,200,,Thread Group 1-41,text,true,,174,167,2,2,http://localhost:8080/gateways/proceso/1,18,0,0
1775333714941,24,GET /arcos,200,,Thread Group 1-41,text,true,,174,164,3,3,http://localhost:8080/arcos/proceso/1,24,0,0
1775333714923,44,GET /empresas,200,,Thread Group 1-42,text,true,,44433,157,3,3,http://localhost:8080/empresas,44,0,0
1775333714967,24,GET /empleados,200,,Thread Group 1-42,text,true,,174,158,3,3,http://localhost:8080/empleados,24,0,0
1775333714952,40,GET /empresas,200,,Thread Group 1-43,text,true,,44433,157,3,3,http://localhost:8080/empresas,40,0,1
1775333714992,34,GET /empleados,200,,Thread Group 1-43,text,true,,174,158,3,3,http://localhost:8080/empleados,33,0,0
1775333714991,35,GET /roles,200,,Thread Group 1-42,text,true,,174,154,3,3,http://localhost:8080/roles,34,0,0
1775333714966,98,POST /empresas,200,,Thread Group 1-41,text,true,,235,302,3,3,http://localhost:8080/empresas,98,0,0
1775333715026,38,GET /roles,200,,Thread Group 1-43,text,true,,174,154,3,3,http://localhost:8080/roles,38,0,0
1775333715026,38,GET /gateways,200,,Thread Group 1-42,text,true,,174,167,3,3,http://localhost:8080/gateways/proceso/1,38,0,0
1775333715064,32,GET /gateways,200,,Thread Group 1-43,text,true,,174,167,2,2,http://localhost:8080/gateways/proceso/1,32,0,0
1775333715064,32,GET /arcos,200,,Thread Group 1-42,text,true,,174,164,2,2,http://localhost:8080/arcos/proceso/1,32,0,0
1775333715096,37,GET /arcos,200,,Thread Group 1-43,text,true,,174,164,2,2,http://localhost:8080/arcos/proceso/1,37,0,0
1775333715096,95,POST /empresas,200,,Thread Group 1-42,text,true,,235,302,2,2,http://localhost:8080/empresas,95,0,0
1775333715134,74,POST /empresas,200,,Thread Group 1-43,text,true,,235,302,2,2,http://localhost:8080/empresas,74,0,0
1775333715191,39,GET /empresas,200,,Thread Group 1-42,text,true,,44622,157,2,2,http://localhost:8080/empresas,39,0,0
1775333715230,16,GET /empleados,200,,Thread Group 1-42,text,true,,174,158,2,2,http://localhost:8080/empleados,16,0,0
1775333715208,40,GET /empresas,200,,Thread Group 1-43,text,true,,44622,157,2,2,http://localhost:8080/empresas,40,0,0
1775333715247,38,GET /roles,200,,Thread Group 1-42,text,true,,174,154,2,2,http://localhost:8080/roles,38,0,0
1775333715248,37,GET /empleados,200,,Thread Group 1-43,text,true,,174,158,2,2,http://localhost:8080/empleados,37,0,0
1775333715286,35,GET /roles,200,,Thread Group 1-43,text,true,,174,154,2,2,http://localhost:8080/roles,35,0,0
1775333715286,35,GET /gateways,200,,Thread Group 1-42,text,true,,174,167,2,2,http://localhost:8080/gateways/proceso/1,35,0,0
1775333715322,36,GET /gateways,200,,Thread Group 1-43,text,true,,174,167,2,2,http://localhost:8080/gateways/proceso/1,36,0,0
1775333715322,36,GET /arcos,200,,Thread Group 1-42,text,true,,174,164,2,2,http://localhost:8080/arcos/proceso/1,36,0,0
1775333715358,34,GET /arcos,200,,Thread Group 1-43,text,true,,174,164,2,2,http://localhost:8080/arcos/proceso/1,34,0,0
1775333715358,106,POST /empresas,200,,Thread Group 1-42,text,true,,235,302,2,2,http://localhost:8080/empresas,106,0,0
1775333715392,90,POST /empresas,200,,Thread Group 1-43,text,true,,235,302,2,2,http://localhost:8080/empresas,90,0,0
1775333715464,34,GET /empresas,200,,Thread Group 1-42,text,true,,44748,157,2,2,http://localhost:8080/empresas,33,0,0
1775333715498,27,GET /empleados,200,,Thread Group 1-42,text,true,,174,158,2,2,http://localhost:8080/empleados,27,0,0
1775333715482,43,GET /empresas,200,,Thread Group 1-43,text,true,,44748,157,2,2,http://localhost:8080/empresas,43,0,0
1775333715525,34,GET /roles,200,,Thread Group 1-42,text,true,,174,154,3,3,http://localhost:8080/roles,34,0,0
1775333715525,34,GET /empleados,200,,Thread Group 1-43,text,true,,174,158,3,3,http://localhost:8080/empleados,34,0,0
1775333715559,34,GET /gateways,200,,Thread Group 1-42,text,true,,174,167,3,3,http://localhost:8080/gateways/proceso/1,34,0,0
1775333715559,34,GET /roles,200,,Thread Group 1-43,text,true,,174,154,3,3,http://localhost:8080/roles,34,0,0
1775333715551,43,GET /empresas,200,,Thread Group 1-44,text,true,,44748,157,3,3,http://localhost:8080/empresas,43,0,0
1775333715593,37,GET /arcos,200,,Thread Group 1-42,text,true,,174,164,3,3,http://localhost:8080/arcos/proceso/1,37,0,0
1775333715593,37,GET /gateways,200,,Thread Group 1-43,text,true,,174,167,3,3,http://localhost:8080/gateways/proceso/1,37,0,0
1775333715594,36,GET /empleados,200,,Thread Group 1-44,text,true,,174,158,3,3,http://localhost:8080/empleados,36,0,0
1775333715631,35,GET /arcos,200,,Thread Group 1-43,text,true,,174,164,3,3,http://localhost:8080/arcos/proceso/1,35,0,0
1775333715631,35,GET /roles,200,,Thread Group 1-44,text,true,,174,154,3,3,http://localhost:8080/roles,35,0,0
1775333715667,34,GET /gateways,200,,Thread Group 1-44,text,true,,174,167,3,3,http://localhost:8080/gateways/proceso/1,34,0,0
1775333715631,110,POST /empresas,200,,Thread Group 1-42,text,true,,235,302,3,3,http://localhost:8080/empresas,110,0,0
1775333715702,39,GET /arcos,200,,Thread Group 1-44,text,true,,174,164,3,3,http://localhost:8080/arcos/proceso/1,39,0,0
1775333715667,105,POST /empresas,200,,Thread Group 1-43,text,true,,235,302,2,2,http://localhost:8080/empresas,105,0,0
1775333715741,72,POST /empresas,200,,Thread Group 1-44,text,true,,235,302,2,2,http://localhost:8080/empresas,72,0,0
1775333715772,41,GET /empresas,200,,Thread Group 1-43,text,true,,44874,157,2,2,http://localhost:8080/empresas,41,0,0
1775333715813,19,GET /empleados,200,,Thread Group 1-43,text,true,,174,158,2,2,http://localhost:8080/empleados,19,0,0
1775333715813,38,GET /empresas,200,,Thread Group 1-44,text,true,,44937,157,2,2,http://localhost:8080/empresas,38,0,0
1775333715851,21,GET /empleados,200,,Thread Group 1-44,text,true,,174,158,2,2,http://localhost:8080/empleados,21,0,0
1775333715832,40,GET /roles,200,,Thread Group 1-43,text,true,,174,154,2,2,http://localhost:8080/roles,40,0,0
1775333715872,27,GET /gateways,200,,Thread Group 1-43,text,true,,174,167,2,2,http://localhost:8080/gateways/proceso/1,27,0,0
1775333715872,27,GET /roles,200,,Thread Group 1-44,text,true,,174,154,2,2,http://localhost:8080/roles,27,0,0
1775333715899,35,GET /arcos,200,,Thread Group 1-43,text,true,,174,164,2,2,http://localhost:8080/arcos/proceso/1,35,0,0
1775333715899,35,GET /gateways,200,,Thread Group 1-44,text,true,,174,167,2,2,http://localhost:8080/gateways/proceso/1,35,0,0
1775333715934,33,GET /arcos,200,,Thread Group 1-44,text,true,,174,164,2,2,http://localhost:8080/arcos/proceso/1,33,0,0
1775333715934,102,POST /empresas,200,,Thread Group 1-43,text,true,,235,302,2,2,http://localhost:8080/empresas,102,0,0
1775333715967,90,POST /empresas,200,,Thread Group 1-44,text,true,,235,302,2,2,http://localhost:8080/empresas,90,0,0
1775333716036,38,GET /empresas,200,,Thread Group 1-43,text,true,,45063,157,2,2,http://localhost:8080/empresas,38,0,0
1775333716074,23,GET /empleados,200,,Thread Group 1-43,text,true,,174,158,2,2,http://localhost:8080/empleados,23,0,0
1775333716057,41,GET /empresas,200,,Thread Group 1-44,text,true,,45063,157,2,2,http://localhost:8080/empresas,41,0,0
1775333716097,36,GET /roles,200,,Thread Group 1-43,text,true,,174,154,2,2,http://localhost:8080/roles,36,0,0
1775333716098,35,GET /empleados,200,,Thread Group 1-44,text,true,,174,158,2,2,http://localhost:8080/empleados,35,0,0
1775333716133,32,GET /gateways,200,,Thread Group 1-43,text,true,,174,167,3,3,http://localhost:8080/gateways/proceso/1,32,0,0
1775333716133,32,GET /roles,200,,Thread Group 1-44,text,true,,174,154,3,3,http://localhost:8080/roles,32,0,0
1775333716165,27,GET /gateways,200,,Thread Group 1-44,text,true,,174,167,3,3,http://localhost:8080/gateways/proceso/1,27,0,0
1775333716165,27,GET /arcos,200,,Thread Group 1-43,text,true,,174,164,3,3,http://localhost:8080/arcos/proceso/1,27,0,0
1775333716153,41,GET /empresas,200,,Thread Group 1-45,text,true,,45063,157,3,3,http://localhost:8080/empresas,41,0,1
1775333716193,32,GET /arcos,200,,Thread Group 1-44,text,true,,174,164,3,3,http://localhost:8080/arcos/proceso/1,32,0,0
1775333716194,31,GET /empleados,200,,Thread Group 1-45,text,true,,174,158,3,3,http://localhost:8080/empleados,31,0,0
1775333716226,34,GET /roles,200,,Thread Group 1-45,text,true,,174,154,3,3,http://localhost:8080/roles,34,0,0
1775333716260,35,GET /gateways,200,,Thread Group 1-45,text,true,,174,167,3,3,http://localhost:8080/gateways/proceso/1,35,0,0
1775333716193,102,POST /empresas,200,,Thread Group 1-43,text,true,,235,302,3,3,http://localhost:8080/empresas,102,0,0
1775333716295,38,GET /arcos,200,,Thread Group 1-45,text,true,,174,164,2,2,http://localhost:8080/arcos/proceso/1,38,0,0
1775333716226,107,POST /empresas,200,,Thread Group 1-44,text,true,,235,302,2,2,http://localhost:8080/empresas,107,0,0
1775333716334,43,GET /empresas,200,,Thread Group 1-44,text,true,,45189,157,2,2,http://localhost:8080/empresas,43,0,0
1775333716334,77,POST /empresas,200,,Thread Group 1-45,text,true,,235,302,2,2,http://localhost:8080/empresas,77,0,0
1775333716377,34,GET /empleados,200,,Thread Group 1-44,text,true,,174,158,2,2,http://localhost:8080/empleados,34,0,0
1775333716411,20,GET /roles,200,,Thread Group 1-44,text,true,,174,154,2,2,http://localhost:8080/roles,20,0,0
1775333716431,21,GET /gateways,200,,Thread Group 1-44,text,true,,174,167,2,2,http://localhost:8080/gateways/proceso/1,21,0,0
1775333716411,44,GET /empresas,200,,Thread Group 1-45,text,true,,45252,157,2,2,http://localhost:8080/empresas,43,0,0
1775333716455,35,GET /empleados,200,,Thread Group 1-45,text,true,,174,158,2,2,http://localhost:8080/empleados,35,0,0
1775333716452,38,GET /arcos,200,,Thread Group 1-44,text,true,,174,164,2,2,http://localhost:8080/arcos/proceso/1,38,0,0
1775333716491,38,GET /roles,200,,Thread Group 1-45,text,true,,174,154,2,2,http://localhost:8080/roles,38,0,0
1775333716529,37,GET /gateways,200,,Thread Group 1-45,text,true,,174,167,2,2,http://localhost:8080/gateways/proceso/1,37,0,0
1775333716491,110,POST /empresas,200,,Thread Group 1-44,text,true,,235,302,2,2,http://localhost:8080/empresas,110,0,0
1775333716566,35,GET /arcos,200,,Thread Group 1-45,text,true,,174,164,2,2,http://localhost:8080/arcos/proceso/1,35,0,0
1775333716601,39,GET /empresas,200,,Thread Group 1-44,text,true,,45316,157,2,2,http://localhost:8080/empresas,39,0,0
1775333716601,71,POST /empresas,200,,Thread Group 1-45,text,true,,235,302,2,2,http://localhost:8080/empresas,71,0,0
1775333716640,32,GET /empleados,200,,Thread Group 1-44,text,true,,174,158,2,2,http://localhost:8080/empleados,32,0,0
1775333716672,17,GET /roles,200,,Thread Group 1-44,text,true,,174,154,2,2,http://localhost:8080/roles,17,0,0
1775333716689,20,GET /gateways,200,,Thread Group 1-44,text,true,,174,167,2,2,http://localhost:8080/gateways/proceso/1,19,0,0
1775333716672,38,GET /empresas,200,,Thread Group 1-45,text,true,,45379,157,2,2,http://localhost:8080/empresas,38,0,0
1775333716711,33,GET /empleados,200,,Thread Group 1-45,text,true,,174,158,2,2,http://localhost:8080/empleados,33,0,0
1775333716709,35,GET /arcos,200,,Thread Group 1-44,text,true,,174,164,2,2,http://localhost:8080/arcos/proceso/1,35,0,0
1775333716745,30,GET /roles,200,,Thread Group 1-45,text,true,,174,154,3,3,http://localhost:8080/roles,29,0,0
1775333716775,13,GET /gateways,200,,Thread Group 1-45,text,true,,174,167,3,3,http://localhost:8080/gateways/proceso/1,13,0,0
1775333716753,37,GET /empresas,200,,Thread Group 1-46,text,true,,45379,157,3,3,http://localhost:8080/empresas,36,0,1
1775333716745,78,POST /empresas,200,,Thread Group 1-44,text,true,,235,302,3,3,http://localhost:8080/empresas,77,0,0
1775333716789,34,GET /arcos,200,,Thread Group 1-45,text,true,,174,164,3,3,http://localhost:8080/arcos/proceso/1,33,0,0
1775333716790,33,GET /empleados,200,,Thread Group 1-46,text,true,,174,158,3,3,http://localhost:8080/empleados,32,0,0
1775333716823,35,GET /roles,200,,Thread Group 1-46,text,true,,174,154,2,2,http://localhost:8080/roles,35,0,0
1775333716858,41,GET /gateways,200,,Thread Group 1-46,text,true,,174,167,2,2,http://localhost:8080/gateways/proceso/1,41,0,0
1775333716823,109,POST /empresas,200,,Thread Group 1-45,text,true,,235,302,2,2,http://localhost:8080/empresas,109,0,0
1775333716899,33,GET /arcos,200,,Thread Group 1-46,text,true,,174,164,2,2,http://localhost:8080/arcos/proceso/1,33,0,0
1775333716932,44,GET /empresas,200,,Thread Group 1-45,text,true,,45505,157,2,2,http://localhost:8080/empresas,43,0,0
1775333716976,31,GET /empleados,200,,Thread Group 1-45,text,true,,174,158,2,2,http://localhost:8080/empleados,31,0,0
1775333716932,75,POST /empresas,200,,Thread Group 1-46,text,true,,235,302,2,2,http://localhost:8080/empresas,75,0,0
1775333717007,19,GET /roles,200,,Thread Group 1-45,text,true,,174,154,2,2,http://localhost:8080/roles,17,0,0
1775333717026,21,GET /gateways,200,,Thread Group 1-45,text,true,,174,167,2,2,http://localhost:8080/gateways/proceso/1,21,0,0
1775333717007,42,GET /empresas,200,,Thread Group 1-46,text,true,,45568,157,2,2,http://localhost:8080/empresas,42,0,0
1775333717049,33,GET /empleados,200,,Thread Group 1-46,text,true,,174,158,2,2,http://localhost:8080/empleados,33,0,0
1775333717047,35,GET /arcos,200,,Thread Group 1-45,text,true,,174,164,2,2,http://localhost:8080/arcos/proceso/1,35,0,0
1775333717082,38,GET /roles,200,,Thread Group 1-46,text,true,,174,154,2,2,http://localhost:8080/roles,38,0,0
1775333717121,42,GET /gateways,200,,Thread Group 1-46,text,true,,174,167,2,2,http://localhost:8080/gateways/proceso/1,42,0,0
1775333717082,113,POST /empresas,200,,Thread Group 1-45,text,true,,235,302,2,2,http://localhost:8080/empresas,113,0,0
1775333717163,32,GET /arcos,200,,Thread Group 1-46,text,true,,174,164,2,2,http://localhost:8080/arcos/proceso/1,32,0,0
1775333717195,45,GET /empresas,200,,Thread Group 1-45,text,true,,45631,157,2,2,http://localhost:8080/empresas,44,0,0
1775333717195,80,POST /empresas,200,,Thread Group 1-46,text,true,,235,302,2,2,http://localhost:8080/empresas,80,0,0
1775333717240,35,GET /empleados,200,,Thread Group 1-45,text,true,,174,158,2,2,http://localhost:8080/empleados,35,0,0
1775333717276,21,GET /roles,200,,Thread Group 1-45,text,true,,174,154,2,2,http://localhost:8080/roles,21,0,0
1775333717297,17,GET /gateways,200,,Thread Group 1-45,text,true,,174,167,2,2,http://localhost:8080/gateways/proceso/1,17,0,0
1775333717276,38,GET /empresas,200,,Thread Group 1-46,text,true,,45694,157,2,2,http://localhost:8080/empresas,38,0,0
1775333717314,35,GET /empleados,200,,Thread Group 1-46,text,true,,174,158,2,2,http://localhost:8080/empleados,35,0,0
1775333717314,35,GET /arcos,200,,Thread Group 1-45,text,true,,174,164,2,2,http://localhost:8080/arcos/proceso/1,35,0,0
1775333717350,25,GET /roles,200,,Thread Group 1-46,text,true,,174,154,3,3,http://localhost:8080/roles,25,0,0
1775333717375,17,GET /gateways,200,,Thread Group 1-46,text,true,,174,167,3,3,http://localhost:8080/gateways/proceso/1,17,0,0
1775333717352,42,GET /empresas,200,,Thread Group 1-47,text,true,,45694,157,3,3,http://localhost:8080/empresas,42,0,1
1775333717350,77,POST /empresas,200,,Thread Group 1-45,text,true,,235,302,3,3,http://localhost:8080/empresas,77,0,0
1775333717392,35,GET /arcos,200,,Thread Group 1-46,text,true,,174,164,3,3,http://localhost:8080/arcos/proceso/1,35,0,0
1775333717394,33,GET /empleados,200,,Thread Group 1-47,text,true,,174,158,3,3,http://localhost:8080/empleados,33,0,0
1775333717428,40,GET /roles,200,,Thread Group 1-47,text,true,,174,154,2,2,http://localhost:8080/roles,40,0,0
1775333717468,36,GET /gateways,200,,Thread Group 1-47,text,true,,174,167,2,2,http://localhost:8080/gateways/proceso/1,36,0,0
1775333717428,112,POST /empresas,200,,Thread Group 1-46,text,true,,235,302,2,2,http://localhost:8080/empresas,112,0,0
1775333717505,35,GET /arcos,200,,Thread Group 1-47,text,true,,174,164,2,2,http://localhost:8080/arcos/proceso/1,35,0,0
1775333717540,44,GET /empresas,200,,Thread Group 1-46,text,true,,45820,157,2,2,http://localhost:8080/empresas,44,0,0
1775333717540,78,POST /empresas,200,,Thread Group 1-47,text,true,,235,302,2,2,http://localhost:8080/empresas,78,0,0
1775333717584,34,GET /empleados,200,,Thread Group 1-46,text,true,,174,158,2,2,http://localhost:8080/empleados,34,0,0
1775333717618,17,GET /roles,200,,Thread Group 1-46,text,true,,174,154,2,2,http://localhost:8080/roles,17,0,0
1775333717636,25,GET /gateways,200,,Thread Group 1-46,text,true,,174,167,2,2,http://localhost:8080/gateways/proceso/1,25,0,0
1775333717618,44,GET /empresas,200,,Thread Group 1-47,text,true,,45883,157,2,2,http://localhost:8080/empresas,44,0,0
1775333717662,33,GET /empleados,200,,Thread Group 1-47,text,true,,174,158,2,2,http://localhost:8080/empleados,33,0,0
1775333717661,34,GET /arcos,200,,Thread Group 1-46,text,true,,174,164,2,2,http://localhost:8080/arcos/proceso/1,34,0,0
1775333717695,39,GET /roles,200,,Thread Group 1-47,text,true,,174,154,2,2,http://localhost:8080/roles,39,0,0
1775333717734,39,GET /gateways,200,,Thread Group 1-47,text,true,,174,167,2,2,http://localhost:8080/gateways/proceso/1,39,0,0
1775333717695,111,POST /empresas,200,,Thread Group 1-46,text,true,,235,302,2,2,http://localhost:8080/empresas,111,0,0
1775333717773,33,GET /arcos,200,,Thread Group 1-47,text,true,,174,164,2,2,http://localhost:8080/arcos/proceso/1,33,0,0
1775333717806,42,GET /empresas,200,,Thread Group 1-46,text,true,,45946,157,2,2,http://localhost:8080/empresas,42,0,0
1775333717806,74,POST /empresas,200,,Thread Group 1-47,text,true,,235,302,2,2,http://localhost:8080/empresas,74,0,0
1775333717849,31,GET /empleados,200,,Thread Group 1-46,text,true,,174,158,2,2,http://localhost:8080/empleados,31,0,0
1775333717880,18,GET /roles,200,,Thread Group 1-46,text,true,,174,154,2,2,http://localhost:8080/roles,18,0,0
1775333717898,24,GET /gateways,200,,Thread Group 1-46,text,true,,174,167,2,2,http://localhost:8080/gateways/proceso/1,24,0,0
1775333717880,43,GET /empresas,200,,Thread Group 1-47,text,true,,46009,157,2,2,http://localhost:8080/empresas,43,0,0
1775333717923,35,GET /empleados,200,,Thread Group 1-47,text,true,,174,158,3,3,http://localhost:8080/empleados,35,0,0
1775333717923,35,GET /arcos,200,,Thread Group 1-46,text,true,,174,164,3,3,http://localhost:8080/arcos/proceso/1,35,0,0
1775333717959,39,GET /roles,200,,Thread Group 1-47,text,true,,174,154,3,3,http://localhost:8080/roles,39,0,0
1775333717953,47,GET /empresas,200,,Thread Group 1-48,text,true,,46009,157,3,3,http://localhost:8080/empresas,47,0,1
1775333718001,33,GET /empleados,200,,Thread Group 1-48,text,true,,174,158,3,3,http://localhost:8080/empleados,33,0,0
1775333717999,35,GET /gateways,200,,Thread Group 1-47,text,true,,174,167,3,3,http://localhost:8080/gateways/proceso/1,35,0,0
1775333717959,108,POST /empresas,200,,Thread Group 1-46,text,true,,235,302,3,3,http://localhost:8080/empresas,108,0,0
1775333718035,32,GET /roles,200,,Thread Group 1-48,text,true,,174,154,3,3,http://localhost:8080/roles,32,0,0
1775333718035,32,GET /arcos,200,,Thread Group 1-47,text,true,,174,164,3,3,http://localhost:8080/arcos/proceso/1,32,0,0
1775333718067,34,GET /gateways,200,,Thread Group 1-48,text,true,,174,167,2,2,http://localhost:8080/gateways/proceso/1,34,0,0
1775333718101,38,GET /arcos,200,,Thread Group 1-48,text,true,,174,164,2,2,http://localhost:8080/arcos/proceso/1,38,0,0
1775333718067,108,POST /empresas,200,,Thread Group 1-47,text,true,,235,302,2,2,http://localhost:8080/empresas,108,0,0
1775333718175,42,GET /empresas,200,,Thread Group 1-47,text,true,,46135,157,2,2,http://localhost:8080/empresas,42,0,0
1775333718217,21,GET /empleados,200,,Thread Group 1-47,text,true,,174,158,2,2,http://localhost:8080/empleados,20,0,0
1775333718139,99,POST /empresas,200,,Thread Group 1-48,text,true,,235,302,2,2,http://localhost:8080/empresas,98,0,0
1775333718238,19,GET /roles,200,,Thread Group 1-47,text,true,,174,154,2,2,http://localhost:8080/roles,19,0,0
1775333718258,20,GET /gateways,200,,Thread Group 1-47,text,true,,174,167,2,2,http://localhost:8080/gateways/proceso/1,20,0,0
1775333718238,41,GET /empresas,200,,Thread Group 1-48,text,true,,46198,157,2,2,http://localhost:8080/empresas,41,0,0
1775333718279,36,GET /empleados,200,,Thread Group 1-48,text,true,,174,158,2,2,http://localhost:8080/empleados,36,0,0
1775333718278,37,GET /arcos,200,,Thread Group 1-47,text,true,,174,164,2,2,http://localhost:8080/arcos/proceso/1,37,0,0
1775333718315,36,GET /roles,200,,Thread Group 1-48,text,true,,174,154,2,2,http://localhost:8080/roles,36,0,0
1775333718352,38,GET /gateways,200,,Thread Group 1-48,text,true,,174,167,2,2,http://localhost:8080/gateways/proceso/1,38,0,0
1775333718390,38,GET /arcos,200,,Thread Group 1-48,text,true,,174,164,2,2,http://localhost:8080/arcos/proceso/1,37,0,0
1775333718315,113,POST /empresas,200,,Thread Group 1-47,text,true,,235,302,2,2,http://localhost:8080/empresas,112,0,0
1775333718428,41,GET /empresas,200,,Thread Group 1-47,text,true,,46261,157,2,2,http://localhost:8080/empresas,41,0,0
1775333718428,76,POST /empresas,200,,Thread Group 1-48,text,true,,235,302,2,2,http://localhost:8080/empresas,76,0,0
1775333718470,34,GET /empleados,200,,Thread Group 1-47,text,true,,174,158,2,2,http://localhost:8080/empleados,34,0,0
1775333718505,17,GET /roles,200,,Thread Group 1-47,text,true,,174,154,2,2,http://localhost:8080/roles,17,0,0
1775333718522,20,GET /gateways,200,,Thread Group 1-47,text,true,,174,167,2,2,http://localhost:8080/gateways/proceso/1,20,0,0
1775333718505,39,GET /empresas,200,,Thread Group 1-48,text,true,,46324,157,2,2,http://localhost:8080/empresas,39,0,0
1775333718545,29,GET /empleados,200,,Thread Group 1-48,text,true,,174,158,3,3,http://localhost:8080/empleados,29,0,0
1775333718543,31,GET /arcos,200,,Thread Group 1-47,text,true,,174,164,3,3,http://localhost:8080/arcos/proceso/1,31,0,0
1775333718575,18,GET /roles,200,,Thread Group 1-48,text,true,,174,154,3,3,http://localhost:8080/roles,18,0,0
1775333718553,40,GET /empresas,200,,Thread Group 1-49,text,true,,46324,157,3,3,http://localhost:8080/empresas,40,0,0
1775333718593,36,GET /gateways,200,,Thread Group 1-48,text,true,,174,167,3,3,http://localhost:8080/gateways/proceso/1,36,0,0
1775333718593,36,GET /empleados,200,,Thread Group 1-49,text,true,,174,158,3,3,http://localhost:8080/empleados,36,0,0
1775333718629,31,GET /arcos,200,,Thread Group 1-48,text,true,,174,164,3,3,http://localhost:8080/arcos/proceso/1,31,0,0
1775333718575,85,POST /empresas,200,,Thread Group 1-47,text,true,,235,302,3,3,http://localhost:8080/empresas,85,0,0
1775333718629,31,GET /roles,200,,Thread Group 1-49,text,true,,174,154,3,3,http://localhost:8080/roles,31,0,0
1775333718660,36,GET /gateways,200,,Thread Group 1-49,text,true,,174,167,2,2,http://localhost:8080/gateways/proceso/1,36,0,0
1775333718696,35,GET /arcos,200,,Thread Group 1-49,text,true,,174,164,2,2,http://localhost:8080/arcos/proceso/1,35,0,0
1775333718660,109,POST /empresas,200,,Thread Group 1-48,text,true,,235,302,2,2,http://localhost:8080/empresas,109,0,0
1775333718731,77,POST /empresas,200,,Thread Group 1-49,text,true,,235,302,2,2,http://localhost:8080/empresas,77,0,0
1775333718769,41,GET /empresas,200,,Thread Group 1-48,text,true,,46450,157,2,2,http://localhost:8080/empresas,41,0,0
1775333718811,35,GET /empleados,200,,Thread Group 1-48,text,true,,174,158,2,2,http://localhost:8080/empleados,35,0,0
1775333718809,39,GET /empresas,200,,Thread Group 1-49,text,true,,46513,157,2,2,http://localhost:8080/empresas,39,0,0
1775333718847,39,GET /roles,200,,Thread Group 1-48,text,true,,174,154,2,2,http://localhost:8080/roles,38,0,0
1775333718849,37,GET /empleados,200,,Thread Group 1-49,text,true,,174,158,2,2,http://localhost:8080/empleados,36,0,0
1775333718886,27,GET /gateways,200,,Thread Group 1-48,text,true,,174,167,2,2,http://localhost:8080/gateways/proceso/1,27,0,0
1775333718886,27,GET /roles,200,,Thread Group 1-49,text,true,,174,154,2,2,http://localhost:8080/roles,27,0,0
1775333718914,24,GET /arcos,200,,Thread Group 1-48,text,true,,174,164,2,2,http://localhost:8080/arcos/proceso/1,24,0,0
1775333718914,24,GET /gateways,200,,Thread Group 1-49,text,true,,174,167,2,2,http://localhost:8080/gateways/proceso/1,24,0,0
1775333718939,33,GET /arcos,200,,Thread Group 1-49,text,true,,174,164,2,2,http://localhost:8080/arcos/proceso/1,33,0,0
1775333718939,80,POST /empresas,200,,Thread Group 1-48,text,true,,235,302,2,2,http://localhost:8080/empresas,80,0,0
1775333718972,66,POST /empresas,200,,Thread Group 1-49,text,true,,235,302,2,2,http://localhost:8080/empresas,66,0,0
1775333719019,38,GET /empresas,200,,Thread Group 1-48,text,true,,46639,157,2,2,http://localhost:8080/empresas,37,0,0
1775333719057,21,GET /empleados,200,,Thread Group 1-48,text,true,,174,158,2,2,http://localhost:8080/empleados,21,0,0
1775333719038,42,GET /empresas,200,,Thread Group 1-49,text,true,,46639,157,2,2,http://localhost:8080/empresas,42,0,0
1775333719080,31,GET /empleados,200,,Thread Group 1-49,text,true,,174,158,2,2,http://localhost:8080/empleados,31,0,0
1775333719079,32,GET /roles,200,,Thread Group 1-48,text,true,,174,154,2,2,http://localhost:8080/roles,32,0,0
1775333719112,42,GET /gateways,200,,Thread Group 1-48,text,true,,174,167,3,3,http://localhost:8080/gateways/proceso/1,42,0,0
1775333719112,42,GET /roles,200,,Thread Group 1-49,text,true,,174,154,3,3,http://localhost:8080/roles,42,0,0
1775333719154,19,GET /gateways,200,,Thread Group 1-49,text,true,,174,167,3,3,http://localhost:8080/gateways/proceso/1,19,0,0
1775333719154,19,GET /arcos,200,,Thread Group 1-48,text,true,,174,164,3,3,http://localhost:8080/arcos/proceso/1,19,0,0
1775333719173,16,GET /arcos,200,,Thread Group 1-49,text,true,,174,164,3,3,http://localhost:8080/arcos/proceso/1,16,0,0
1775333719152,39,GET /empresas,200,,Thread Group 1-50,text,true,,46639,157,3,3,http://localhost:8080/empresas,39,0,1
1775333719192,33,GET /empleados,200,,Thread Group 1-50,text,true,,174,158,3,3,http://localhost:8080/empleados,33,0,0
1775333719173,86,POST /empresas,200,,Thread Group 1-48,text,true,,235,302,3,3,http://localhost:8080/empresas,86,0,0
1775333719225,34,GET /roles,200,,Thread Group 1-50,text,true,,174,154,3,3,http://localhost:8080/roles,34,0,0
1775333719190,108,POST /empresas,200,,Thread Group 1-49,text,true,,235,302,2,2,http://localhost:8080/empresas,108,0,0
1775333719260,38,GET /gateways,200,,Thread Group 1-50,text,true,,174,167,2,2,http://localhost:8080/gateways/proceso/1,38,0,0
1775333719298,22,GET /arcos,200,,Thread Group 1-50,text,true,,174,164,2,2,http://localhost:8080/arcos/proceso/1,22,0,0
1775333719298,42,GET /empresas,200,,Thread Group 1-49,text,true,,46765,157,2,2,http://localhost:8080/empresas,42,0,0
1775333719340,32,GET /empleados,200,,Thread Group 1-49,text,true,,174,158,2,2,http://localhost:8080/empleados,32,0,0
1775333719320,86,POST /empresas,200,,Thread Group 1-50,text,true,,235,302,2,2,http://localhost:8080/empresas,86,0,0
1775333719372,34,GET /roles,200,,Thread Group 1-49,text,true,,174,154,2,2,http://localhost:8080/roles,34,0,0
1775333719406,17,GET /gateways,200,,Thread Group 1-49,text,true,,174,167,2,2,http://localhost:8080/gateways/proceso/1,17,0,0
1775333719424,22,GET /arcos,200,,Thread Group 1-49,text,true,,174,164,2,2,http://localhost:8080/arcos/proceso/1,22,0,0
1775333719406,41,GET /empresas,200,,Thread Group 1-50,text,true,,46828,157,2,2,http://localhost:8080/empresas,41,0,0
1775333719448,36,GET /empleados,200,,Thread Group 1-50,text,true,,174,158,2,2,http://localhost:8080/empleados,36,0,0
1775333719484,35,GET /roles,200,,Thread Group 1-50,text,true,,174,154,2,2,http://localhost:8080/roles,35,0,0
1775333719446,96,POST /empresas,200,,Thread Group 1-49,text,true,,235,302,2,2,http://localhost:8080/empresas,96,0,0
1775333719519,24,GET /gateways,200,,Thread Group 1-50,text,true,,174,167,2,2,http://localhost:8080/gateways/proceso/1,23,0,0
1775333719543,20,GET /arcos,200,,Thread Group 1-50,text,true,,174,164,2,2,http://localhost:8080/arcos/proceso/1,20,0,0
1775333719543,39,GET /empresas,200,,Thread Group 1-49,text,true,,46891,157,2,2,http://localhost:8080/empresas,39,0,0
1775333719582,34,GET /empleados,200,,Thread Group 1-49,text,true,,174,158,2,2,http://localhost:8080/empleados,34,0,0
1775333719563,89,POST /empresas,200,,Thread Group 1-50,text,true,,235,302,2,2,http://localhost:8080/empresas,89,0,0
1775333719616,36,GET /roles,200,,Thread Group 1-49,text,true,,174,154,2,2,http://localhost:8080/roles,36,0,0
1775333719652,18,GET /gateways,200,,Thread Group 1-49,text,true,,174,167,2,2,http://localhost:8080/gateways/proceso/1,18,0,0
1775333719670,20,GET /arcos,200,,Thread Group 1-49,text,true,,174,164,2,2,http://localhost:8080/arcos/proceso/1,20,0,0
1775333719652,40,GET /empresas,200,,Thread Group 1-50,text,true,,46954,157,2,2,http://localhost:8080/empresas,40,0,0
1775333719692,31,GET /empleados,200,,Thread Group 1-50,text,true,,174,158,2,2,http://localhost:8080/empleados,31,0,0
1775333719723,36,GET /roles,200,,Thread Group 1-50,text,true,,174,154,2,2,http://localhost:8080/roles,36,0,0
1775333719690,108,POST /empresas,200,,Thread Group 1-49,text,true,,235,302,2,2,http://localhost:8080/empresas,108,0,0
1775333719760,38,GET /gateways,200,,Thread Group 1-50,text,true,,174,167,2,2,http://localhost:8080/gateways/proceso/1,38,0,0
1775333719799,37,GET /arcos,200,,Thread Group 1-50,text,true,,174,164,1,1,http://localhost:8080/arcos/proceso/1,37,0,0
1775333719836,109,POST /empresas,200,,Thread Group 1-50,text,true,,235,302,1,1,http://localhost:8080/empresas,109,0,0
1775333719946,42,GET /empresas,200,,Thread Group 1-50,text,true,,47080,157,1,1,http://localhost:8080/empresas,42,0,0
1775333719988,42,GET /empleados,200,,Thread Group 1-50,text,true,,174,158,1,1,http://localhost:8080/empleados,42,0,0
1775333720030,37,GET /roles,200,,Thread Group 1-50,text,true,,174,154,1,1,http://localhost:8080/roles,37,0,0
1775333720067,39,GET /gateways,200,,Thread Group 1-50,text,true,,174,167,1,1,http://localhost:8080/gateways/proceso/1,39,0,0
1775333720106,38,GET /arcos,200,,Thread Group 1-50,text,true,,174,164,1,1,http://localhost:8080/arcos/proceso/1,38,0,0
1775333720144,105,POST /empresas,200,,Thread Group 1-50,text,true,,235,302,1,1,http://localhost:8080/empresas,105,0,0
1775333720249,72,GET /empresas,200,,Thread Group 1-50,text,true,,47143,157,1,1,http://localhost:8080/empresas,72,0,0
1775333720321,34,GET /empleados,200,,Thread Group 1-50,text,true,,174,158,1,1,http://localhost:8080/empleados,34,0,0
1775333720355,32,GET /roles,200,,Thread Group 1-50,text,true,,174,154,1,1,http://localhost:8080/roles,32,0,0
1775333720388,39,GET /gateways,200,,Thread Group 1-50,text,true,,174,167,1,1,http://localhost:8080/gateways/proceso/1,39,0,0
1775333720427,40,GET /arcos,200,,Thread Group 1-50,text,true,,174,164,1,1,http://localhost:8080/arcos/proceso/1,40,0,0
1775333720468,109,POST /empresas,200,,Thread Group 1-50,text,true,,235,302,1,1,http://localhost:8080/empresas,109,0,0
